     1                                  ; ============================================================
     2                                  ;  ShellyForever  --  kernel.asm
     3                                  ;  Loaded flat at physical address 0x8000 by boot.asm, already
     4                                  ;  running in 64-bit long mode with the first 2MB identity
     5                                  ;  mapped. No IDT/interrupts are set up - keyboard is polled.
     6                                  ; ============================================================
     7                                  
     8                                  BITS 64
     9                                  ORG 0x8000
    10                                  
    11                                  ; ---------------- constants ----------------
    12                                  VGA_BASE        equ 0xB8000
    13                                  VGA_COLS        equ 80
    14                                  VGA_ROWS        equ 25
    15                                  ATTR_NORMAL     equ 0x0A          ; bright green on black
    16                                  ATTR_PROMPT     equ 0x0E          ; yellow
    17                                  ATTR_ERROR      equ 0x0C          ; red
    18                                  ATTR_WIG        equ 0x0B          ; light cyan - used by the wig clock widget
    19                                  
    20                                  OS_NODES        equ 64              ; nodes per volume (each drive holds its own 64-node table)
    21                                  MAX_MOUNTS      equ 2               ; how many extra drives can be mounted at once
    22                                  
    23                                  ; AHCI (SATA) support: device ids 0-3 are still the legacy ATA PIO slots
    24                                  ; (primary/secondary x master/slave); ids 4..4+AHCI_MAX_PORTS-1 are AHCI
    25                                  ; ports discovered at boot (see ahci_init). dscan/fmt/mount all iterate
    26                                  ; 0..TOTAL_DEVICES-1 and go through disk_select_device, which routes each
    27                                  ; id to the right driver - see that routine for the full explanation.
    28                                  AHCI_MAX_PORTS  equ 4
    29                                  TOTAL_DEVICES   equ 4 + AHCI_MAX_PORTS
    30                                  VOL_NODES       equ OS_NODES        ; every volume, OS or mounted, is the same size
    31                                  MAX_NODES       equ OS_NODES * (1 + MAX_MOUNTS)   ; 192 = OS volume + 2 mounts
    32                                  NAME_LEN        equ 32
    33                                  CONTENT_LEN     equ 160
    34                                  LINE_MAX        equ 220
    35                                  
    36                                  SCROLLBACK_LINES equ 100         ; extra off-screen rows kept for Ctrl+Up/Down
    37                                  HISTORY_MAX      equ 20          ; command history entries kept for Up/Down
    38                                  KEY_UP           equ 0x11        ; sentinel byte get_char returns for the Up arrow
    39                                  KEY_DOWN         equ 0x12        ; sentinel byte get_char returns for the Down arrow
    40                                  
    41                                  MAX_VARS        equ 16
    42                                  VAR_NAME_LEN    equ 32
    43                                  MAX_CALC_TOKENS equ 32
    44                                  
    45                                  MAX_ALIASES     equ 12         ; how many "ali <name> <commands>" aliases can exist at once
    46                                  ALIAS_NAME_LEN  equ 32
    47                                  ALIAS_BODY_LEN  equ LINE_MAX   ; an alias body is at most one full input line
    48                                  ALIAS_MAX_DEPTH equ 8          ; guards against an alias (in)directly invoking itself
    49                                  
    50                                  PIPE_CAP_MAX    equ 192       ; max bytes captured from a "~" pipe's left side
    51                                  
    52                                  ; ------------------------------------------------------------------
    53                                  ;  SFFS v3 -- ShellyForever File Storage format (on-disk layout).
    54                                  ;  Every drive (OS boot drive and any data drives) uses the same
    55                                  ;  fixed layout so any drive can be scanned, formatted, and mounted:
    56                                  ;
    57                                  ;    LBA  FS_LBA_START     : superblock (512B) - magic 'SFFS', version
    58                                  ;                             byte, reserved, 32-byte disk label
    59                                  ;    LBA  FS_LBA_START+1   : node_type[VOL_NODES]  (1 sector, padded)
    60                                  ;    LBA  FS_LBA_START+2   : node_parent[VOL_NODES] (1 sector, padded)
    61                                  ;    LBA  FS_LBA_START+3   : node_next[VOL_NODES]  (1 sector; 0xFFFF = no
    62                                  ;                             continuation). v3 only - v2 has no next sector.
    63                                  ;    LBA  FS_LBA_START+4.. : node_name[VOL_NODES*NAME_LEN] (4 sectors)
    64                                  ;    LBA  FS_LBA_START+8.. : node_content[VOL_NODES*CONTENT_LEN] (20)
    65                                  ;
    66                                  ;  A file whose content exceeds one 159-byte slot is stored as a chain:
    67                                  ;  the file's own node holds the first chunk, and its node_next points at
    68                                  ;  NODE_TYPE_CHAIN (type-3) continuation nodes, each holding the next 159
    69                                  ;  bytes and linked through their own node_next (0xFFFF terminates). Chain
    70                                  ;  nodes are invisible to path lookup, listing, and the allocator, and are
    71                                  ;  freed along with the file. v2 volumes (no node_next sector, name LBA at
    72                                  ;  +3 / content at +7) still load and read fine; a sync upgrades them to v3.
    73                                  ;
    74                                  ;  dscan probes all four ATA device slots for the magic, format writes
    75                                  ;  a fresh empty volume + label, and mount loads a volume's node table
    76                                  ;  into memory (remapping its parent indices) rooted at /<label>/.
    77                                  ;  The kernel occupies LBA 1..260 (KERNEL_SECTORS in boot.asm), so the
    78                                  ;  filesystem region at LBA 300 is well clear of it.
    79                                  ; ------------------------------------------------------------------
    80                                  FS_LBA_START    equ 300
    81                                  SFFS_VERSION    equ 3
    82                                  SFFS_VERSION_V2 equ 2               ; old format, still readable
    83                                  SUPER_LABEL_OFF equ 8               ; label lives at superblock offset 8..39
    84                                  SUPER_LBA       equ FS_LBA_START
    85                                  TYPE_LBA        equ SUPER_LBA + 1
    86                                  PARENT_LBA      equ SUPER_LBA + 2
    87                                  NEXT_LBA        equ SUPER_LBA + 3
    88                                  NAME_LBA        equ SUPER_LBA + 4
    89                                  CONTENT_LBA     equ SUPER_LBA + 8
    90                                  NAME_SECTORS    equ (VOL_NODES * NAME_LEN) / 512          ; 4
    91                                  CONTENT_SECTORS equ (VOL_NODES * CONTENT_LEN) / 512       ; 20
    92                                  NODE_TYPE_CHAIN equ 3               ; continuation node in a file's content chain
    93                                  EDIT_MAX        equ VOL_NODES * CONTENT_LEN   ; max bytes one file can hold (64*160)
    94                                  
    95                                  ; ============================================================
    96                                  kernel_entry:
    97 00000000 FA                          cli
    98 00000001 BC00F00900                  mov rsp, 0x9F000
    99                                  
   100                                      ; --- TEMPORARY diagnostic checkpoint A: proves boot.asm's real-mode ->
   101                                      ; protected-mode -> long-mode transition landed here at all, before
   102                                      ; expand_identity_map or ahci_init get a chance to run/crash. If you
   103                                      ; only ever see "12" and never "A", the failure is inside boot.asm's
   104                                      ; mode-switch code (A20/GDT/paging/long-mode jump), not in the kernel.
   105 00000006 BF0C8F0B00                  mov rdi, 0xB8000 + (24*80 + 6) * 2
   106 0000000B C60741                      mov byte [rdi], 'A'
   107 0000000E C647011F                    mov byte [rdi+1], 0x1F
   108                                  
   109                                      ; boot.asm only had room (512-byte sector) to identity-map the first
   110                                      ; 64MB. That's not enough for acpi_shutdown's ACPI table walk later -
   111                                      ; firmware can put the FADT/DSDT well above 64MB (e.g. ~127MB on a
   112                                      ; 128MB guest) - so extend the map to 4GB right away, before anything
   113                                      ; else runs. See expand_identity_map below for details.
   114 00000012 E882050000                  call expand_identity_map
   115                                  
   116                                      ; --- TEMPORARY diagnostic checkpoint X: expand_identity_map returned
   117                                      ; without crashing/hanging. If "A" shows but "X" doesn't, the 4GB
   118                                      ; identity-map rebuild is where things go wrong on this hardware.
   119 00000017 BF0E8F0B00                  mov rdi, 0xB8000 + (24*80 + 7) * 2
   120 0000001C C60758                      mov byte [rdi], 'X'
   121 0000001F C647011F                    mov byte [rdi+1], 0x1F
   122                                  
   123                                      ; probe for a PCI AHCI (SATA) controller and bring up its ports, if any,
   124                                      ; as extra disk device slots (4..4+AHCI_MAX_PORTS-1) alongside the four
   125                                      ; legacy ATA slots. Inert/no-op if there isn't one (ahci_port_count stays
   126                                      ; 0) - the OS behaves exactly as it always did in that case.
   127 00000023 E8CF500000                  call ahci_init
   128                                  
   129                                      ; checkpoint 9: kernel code is executing (proves boot.asm's jump into
   130                                      ; 0x8000 landed correctly). Matches the DBG16/32/64 checkpoints in
   131                                      ; boot.asm - if you see 1..8 but not this, the kernel wasn't loaded/
   132                                      ; jumped to correctly; if the OS otherwise looks fine you can ignore it.
   133 00000028 BF108F0B00                  mov rdi, 0xB8000 + (24*80 + 8) * 2
   134 0000002D C6074B                      mov byte [rdi], 'K'
   135 00000030 C647010F                    mov byte [rdi+1], 0x0F
   136                                  
   137 00000034 E879630000                  call clear_screen
   138 00000039 E81B580000                  call fs_load                ; loads persisted fs from disk, or fs_init's a fresh one
   139                                  
   140 0000003E 48BE-                       mov rsi, banner
   140 00000040 [44CE000000000000] 
   141 00000048 8A0425[D46D0000]            mov al, [cur_normal_attr]
   141          ******************       warning: implicit DEFAULT ABS is deprecated [-w+implicit-abs-deprecated]
   142 0000004F E8DC630000                  call print_string_attr
   143                                  
   144 00000054 803C25[E19E0100]00          cmp byte [fs_disk_available], 0
   145 0000005C 743A                        je .say_no_disk
   146 0000005E 803C25[E09E0100]01          cmp byte [fs_loaded_from_disk], 1
   147 00000066 7418                        je .say_loaded
   148 00000068 48BE-                       mov rsi, msg_fresh_fs
   148 0000006A [52D6000000000000] 
   149 00000072 8A0425[D46D0000]            mov al, [cur_normal_attr]
   150 00000079 E8B2630000                  call print_string_attr
   151 0000007E EB29                        jmp .banner_done
   152                                  .say_loaded:
   153 00000080 48BE-                       mov rsi, msg_loaded_fs
   153 00000082 [33D6000000000000] 
   154 0000008A 8A0425[D46D0000]            mov al, [cur_normal_attr]
   155 00000091 E89A630000                  call print_string_attr
   156 00000096 EB11                        jmp .banner_done
   157                                  .say_no_disk:
   158 00000098 48BE-                       mov rsi, msg_no_disk
   158 0000009A [80D6000000000000] 
   159 000000A2 B00C                        mov al, ATTR_ERROR
   160 000000A4 E887630000                  call print_string_attr
   161                                  .banner_done:
   162                                  
   163                                      .shell_loop:
   164 000000A9 E8D3610000                      call print_prompt
   165                                      
   166 000000AE 48BF-                           mov rdi, line_buf
   166 000000B0 [E0B8010000000000] 
   167 000000B8 B9DB000000                      mov rcx, LINE_MAX-1
   168 000000BD E8F4670000                      call read_line
   169                                      
   170                                          ; skip $ comments (lines starting with $)
   171 000000C2 803C25[E0B80100]24              cmp byte [line_buf], '$'
   172 000000CA 74DD                            je .shell_loop
   173                                  
   174                                          ; "ali <name> <commands>" defines an alias. This has to be
   175                                          ; intercepted here, before ; chaining/tokenizing get anywhere
   176                                          ; near the line, so that a body like "calc 5 + 5 ~ = a ; show a"
   177                                          ; is stored verbatim instead of being split on ; or ~ right now.
   178 000000CC E8AF3D0000                      call try_handle_ali_line
   179 000000D1 3C01                            cmp al, 1
   180 000000D3 74D4                            je .shell_loop
   181                                      
   182                                          ; process ;-chained commands (tokenize + dispatch each segment)
   183 000000D5 E802000000                      call process_chain
   184 000000DA EBCD                            jmp .shell_loop
   185                                  
   186                                  ; ------------------------------------------------------------
   187                                  ; process_chain: splits line_buf on ; (respecting double quotes),
   188                                  ; copies each segment to line_buf, then tokenizes and dispatches.
   189                                  ; This lets users write: show hello ; show world
   190                                  process_chain:
   191 000000DC 53                          push rbx
   192 000000DD 4154                        push r12
   193 000000DF 4155                        push r13
   194 000000E1 4156                        push r14
   195 000000E3 4157                        push r15
   196                                  
   197 000000E5 C60425[F8BB0100]00          mov byte [chain_is_rr], 0
   198                                  
   199                                      ; Copy line_buf to chain_scan_buf so we can scan without destroying it
   200 000000ED 48BE-                       mov rsi, line_buf
   200 000000EF [E0B8010000000000] 
   201 000000F7 48BF-                       mov rdi, chain_scan_buf
   201 000000F9 [BCB9010000000000] 
   202 00000101 E85C620000                  call str_copy
   203                                  
   204 00000106 49BC-                       mov r12, chain_scan_buf   ; r12 = start of current segment
   204 00000108 [BCB9010000000000] 
   205 00000110 49BD-                       mov r13, chain_scan_buf   ; r13 = scan pointer
   205 00000112 [BCB9010000000000] 
   206 0000011A 41B600                      mov r14b, 0               ; r14b = quote state (0=outside, 1=inside)
   207                                  
   208                                  .chain_scan:
   209 0000011D 418A4500                    mov al, [r13]
   210 00000121 84C0                        test al, al
   211 00000123 744B                        jz .chain_done            ; end of string, process last segment
   212                                  
   213 00000125 3C22                        cmp al, '"'
   214 00000127 7409                        je .toggle_quotes
   215                                  
   216 00000129 3C3B                        cmp al, ';'
   217 0000012B 740E                        je .chain_break
   218                                  
   219 0000012D 49FFC5                      inc r13
   220 00000130 EBEB                        jmp .chain_scan
   221                                  
   222                                  .toggle_quotes:
   223 00000132 4180F601                    xor r14b, 1               ; toggle quote state
   224 00000136 49FFC5                      inc r13
   225 00000139 EBE2                        jmp .chain_scan
   226                                  
   227                                  .chain_break:
   228                                      ; Found ; at r13 (outside quotes)
   229                                      ; Copy segment [r12 .. r13) into line_buf
   230 0000013B 4155                        push r13                  ; save scan pointer
   231 0000013D 4C89E6                      mov rsi, r12
   232 00000140 48BF-                       mov rdi, line_buf
   232 00000142 [E0B8010000000000] 
   233                                  .chain_copy:
   234 0000014A 8A06                        mov al, [rsi]
   235 0000014C 3C3B                        cmp al, ';'
   236 0000014E 740E                        je .chain_copy_done
   237 00000150 84C0                        test al, al
   238 00000152 740A                        je .chain_copy_done
   239 00000154 8807                        mov [rdi], al
   240 00000156 48FFC7                      inc rdi
   241 00000159 48FFC6                      inc rsi
   242 0000015C EBEC                        jmp .chain_copy
   243                                  .chain_copy_done:
   244 0000015E C60700                      mov byte [rdi], 0         ; null-terminate line_buf
   245                                  
   246                                      ; Tokenize (and, if a "~" pipe is present, split/capture/rejoin) and
   247                                      ; dispatch the segment - see process_segment below.
   248 00000161 E8F9000000                  call process_segment
   249                                  
   250                                  .chain_skip:
   251 00000166 415D                        pop r13                   ; restore scan pointer (points to ;)
   252 00000168 49FFC5                      inc r13                   ; advance past ;
   253 0000016B 4D89EC                      mov r12, r13              ; r12 = start of next segment
   254 0000016E EBAD                        jmp .chain_scan
   255                                  
   256                                  .chain_done:
   257                                      ; Process last segment (from r12 to end of chain_scan_buf)
   258 00000170 4C89E6                      mov rsi, r12
   259 00000173 48BF-                       mov rdi, line_buf
   259 00000175 [E0B8010000000000] 
   260 0000017D E8E0610000                  call str_copy             ; copy last segment to line_buf
   261                                  
   262 00000182 E8D8000000                  call process_segment
   263                                  
   264                                  .chain_end:
   265 00000187 415F                        pop r15
   266 00000189 415E                        pop r14
   267 0000018B 415D                        pop r13
   268 0000018D 415C                        pop r12
   269 0000018F 5B                          pop rbx
   270 00000190 C3                          ret
   271                                  
   272                                  ; ------------------------------------------------------------
   273                                  ; process_chain_rr: same as process_chain but for rr script lines.
   274                                  ; Splits on ; (respecting quotes), copies each segment to line_buf,
   275                                  ; tokenizes, and dispatches. Between segments, checks kill_flag
   276                                  ; (set by Esc key or prs kill) and saves/restores rr_content_ptr
   277                                  ; and proc_cur_slot around each dispatch call (dispatch may call
   278                                  ; cmd_rr recursively, clobbering these).
   279                                  process_chain_rr:
   280 00000191 53                          push rbx
   281 00000192 4154                        push r12
   282 00000194 4155                        push r13
   283 00000196 4156                        push r14
   284 00000198 4157                        push r15
   285                                  
   286 0000019A C60425[F8BB0100]01          mov byte [chain_is_rr], 1
   287                                  
   288                                      ; Copy line_buf to chain_scan_buf for scanning
   289 000001A2 48BE-                       mov rsi, line_buf
   289 000001A4 [E0B8010000000000] 
   290 000001AC 48BF-                       mov rdi, chain_scan_buf
   290 000001AE [BCB9010000000000] 
   291 000001B6 E8A7610000                  call str_copy
   292                                  
   293 000001BB 49BC-                       mov r12, chain_scan_buf   ; r12 = start of current segment
   293 000001BD [BCB9010000000000] 
   294 000001C5 49BD-                       mov r13, chain_scan_buf   ; r13 = scan pointer
   294 000001C7 [BCB9010000000000] 
   295 000001CF 41B600                      mov r14b, 0               ; r14b = quote state (0=outside, 1=inside)
   296                                  
   297                                  .rr_chain_scan:
   298                                      ; Check for Esc key / kill_flag between segments
   299 000001D2 E8A6350000                  call kbd_poll
   300 000001D7 803C25[37D10100]00          cmp byte [kill_flag], 0
   301 000001DF 7574                        jne .rr_chain_killed
   302                                  
   303 000001E1 418A4500                    mov al, [r13]
   304 000001E5 84C0                        test al, al
   305 000001E7 744B                        jz .rr_chain_done         ; end of string, process last segment
   306                                  
   307 000001E9 3C22                        cmp al, '"'
   308 000001EB 7409                        je .rr_toggle_quotes
   309                                  
   310 000001ED 3C3B                        cmp al, ';'
   311 000001EF 740E                        je .rr_chain_break
   312                                  
   313 000001F1 49FFC5                      inc r13
   314 000001F4 EBDC                        jmp .rr_chain_scan
   315                                  
   316                                  .rr_toggle_quotes:
   317 000001F6 4180F601                    xor r14b, 1               ; toggle quote state
   318 000001FA 49FFC5                      inc r13
   319 000001FD EBD3                        jmp .rr_chain_scan
   320                                  
   321                                  .rr_chain_break:
   322                                      ; Found ; at r13 (outside quotes)
   323                                      ; Copy segment [r12 .. r13) into line_buf
   324 000001FF 4155                        push r13                  ; save scan pointer
   325 00000201 4C89E6                      mov rsi, r12
   326 00000204 48BF-                       mov rdi, line_buf
   326 00000206 [E0B8010000000000] 
   327                                  .rr_chain_copy:
   328 0000020E 8A06                        mov al, [rsi]
   329 00000210 3C3B                        cmp al, ';'
   330 00000212 740E                        je .rr_chain_copy_done
   331 00000214 84C0                        test al, al
   332 00000216 740A                        je .rr_chain_copy_done
   333 00000218 8807                        mov [rdi], al
   334 0000021A 48FFC7                      inc rdi
   335 0000021D 48FFC6                      inc rsi
   336 00000220 EBEC                        jmp .rr_chain_copy
   337                                  .rr_chain_copy_done:
   338 00000222 C60700                      mov byte [rdi], 0         ; null-terminate line_buf
   339                                  
   340                                      ; Tokenize (splitting on "~" if present) and dispatch the segment.
   341                                      ; process_segment itself saves/restores rr_content_ptr/proc_cur_slot
   342                                      ; around every dispatch call it makes, since chain_is_rr is set.
   343 00000225 E835000000                  call process_segment
   344                                  
   345                                  .rr_chain_skip:
   346 0000022A 415D                        pop r13                   ; restore scan pointer (points to ;)
   347 0000022C 49FFC5                      inc r13                   ; advance past ;
   348 0000022F 4D89EC                      mov r12, r13              ; r12 = start of next segment
   349 00000232 EB9E                        jmp .rr_chain_scan
   350                                  
   351                                  .rr_chain_done:
   352                                      ; Process last segment (from r12 to end of chain_scan_buf)
   353 00000234 4C89E6                      mov rsi, r12
   354 00000237 48BF-                       mov rdi, line_buf
   354 00000239 [E0B8010000000000] 
   355 00000241 E81C610000                  call str_copy             ; copy last segment to line_buf
   356                                  
   357 00000246 E814000000                  call process_segment
   358                                  
   359                                  .rr_chain_end:
   360 0000024B 415F                        pop r15
   361 0000024D 415E                        pop r14
   362 0000024F 415D                        pop r13
   363 00000251 415C                        pop r12
   364 00000253 5B                          pop rbx
   365 00000254 C3                          ret
   366                                  
   367                                  .rr_chain_killed:
   368 00000255 415F                        pop r15
   369 00000257 415E                        pop r14
   370 00000259 415D                        pop r13
   371 0000025B 415C                        pop r12
   372 0000025D 5B                          pop rbx
   373 0000025E C3                          ret
   374                                  
   375                                  ; ------------------------------------------------------------
   376                                  ; process_segment: called with a single ;-delimited command segment
   377                                  ; sitting null-terminated in line_buf (chain_is_rr says whether this
   378                                  ; came from process_chain or process_chain_rr, which changes how
   379                                  ; do_dispatch_call below wraps dispatch). Looks for a "~" outside
   380                                  ; double quotes:
   381                                  ;
   382                                  ;   left ~ right
   383                                  ;
   384                                  ; If none is found, this is exactly the original behaviour: tokenize
   385                                  ; line_buf and dispatch it.
   386                                  ;
   387                                  ; If one is found, "left" is run with its output captured instead of
   388                                  ; printed (e.g. calc's printed result, a variable's show'd value, a
   389                                  ; file's view'd content). "right" is then either:
   390                                  ;   - "= name" or "=name"  -> the captured text is parsed as a decimal
   391                                  ;     integer and stored into that variable (same rules as ordinary
   392                                  ;     "name = value" assignment).
   393                                  ;   - any other command    -> the captured text is appended to it as
   394                                  ;     one extra quoted argument and the whole thing is dispatched, e.g.
   395                                  ;     "calc 2+2 ~ show" becomes "show 4".
   396                                  ;
   397                                  ; Example: calc 1 + 1 * 5 ~ = a ; show a   -->  prints 6
   398                                  process_segment:
   399 0000025F 53                          push rbx
   400 00000260 4154                        push r12
   401 00000262 4156                        push r14
   402                                  
   403                                      ; --- scan line_buf for '~' outside double quotes ---
   404 00000264 48BE-                       mov rsi, line_buf
   404 00000266 [E0B8010000000000] 
   405 0000026E 4D31F6                      xor r14, r14              ; r14b = quote state (0=outside, 1=inside)
   406 00000271 4D31E4                      xor r12, r12               ; r12 = pointer to '~' (0 = none found)
   407                                  .pseg_scan:
   408 00000274 8A06                        mov al, [rsi]
   409 00000276 84C0                        test al, al
   410 00000278 7419                        jz .pseg_scan_done
   411 0000027A 3C22                        cmp al, '"'
   412 0000027C 7409                        je .pseg_toggle
   413 0000027E 3C7E                        cmp al, '~'
   414 00000280 740E                        je .pseg_found
   415 00000282 48FFC6                      inc rsi
   416 00000285 EBED                        jmp .pseg_scan
   417                                  .pseg_toggle:
   418 00000287 4180F601                    xor r14b, 1
   419 0000028B 48FFC6                      inc rsi
   420 0000028E EBE4                        jmp .pseg_scan
   421                                  .pseg_found:
   422 00000290 4989F4                      mov r12, rsi
   423                                  .pseg_scan_done:
   424                                  
   425 00000293 4D85E4                      test r12, r12
   426 00000296 0F845D020000                jz .pseg_plain
   427                                  
   428                                      ; ---------- "~" pipe path ----------
   429                                      ; copy the left half [line_buf .. r12) into pipe_left_buf
   430 0000029C 48BE-                       mov rsi, line_buf
   430 0000029E [E0B8010000000000] 
   431 000002A6 48BF-                       mov rdi, pipe_left_buf
   431 000002A8 [F9BB010000000000] 
   432                                  .pseg_copyleft:
   433 000002B0 4C39E6                      cmp rsi, r12
   434 000002B3 740C                        je .pseg_copyleft_done
   435 000002B5 8A06                        mov al, [rsi]
   436 000002B7 8807                        mov [rdi], al
   437 000002B9 48FFC6                      inc rsi
   438 000002BC 48FFC7                      inc rdi
   439 000002BF EBEF                        jmp .pseg_copyleft
   440                                  .pseg_copyleft_done:
   441 000002C1 C60700                      mov byte [rdi], 0
   442                                  
   443                                      ; copy the right half (r12+1..end), skipping leading spaces, into
   444                                      ; pipe_right_buf. Must happen before line_buf gets overwritten below.
   445 000002C4 498D742401                  lea rsi, [r12+1]
   446                                  .pseg_skipsp:
   447 000002C9 803E20                      cmp byte [rsi], ' '
   448 000002CC 7505                        jne .pseg_right_start
   449 000002CE 48FFC6                      inc rsi
   450 000002D1 EBF6                        jmp .pseg_skipsp
   451                                  .pseg_right_start:
   452 000002D3 48BF-                       mov rdi, pipe_right_buf
   452 000002D5 [D5BC010000000000] 
   453 000002DD E880600000                  call str_copy
   454                                  
   455                                      ; run the left side with its output captured instead of printed
   456 000002E2 48BE-                       mov rsi, pipe_left_buf
   456 000002E4 [F9BB010000000000] 
   457 000002EC 48BF-                       mov rdi, line_buf
   457 000002EE [E0B8010000000000] 
   458 000002F6 E867600000                  call str_copy
   459                                  
   460 000002FB C60425[C0BD0100]00          mov byte [pipe_capture_buf], 0
   461 00000303 48C70425[B8BD0100]-         mov qword [pipe_capture_len], 0
   461 0000030B 00000000           
   462 0000030F C60425[B1BD0100]01          mov byte [pipe_capture_on], 1
   463                                  
   464 00000317 48BE-                       mov rsi, line_buf
   464 00000319 [E0B8010000000000] 
   465 00000321 48BF-                       mov rdi, cmd_buf
   465 00000323 [98BA010000000000] 
   466 0000032B E8E45F0000                  call next_token
   467 00000330 48BF-                       mov rdi, arg1_buf
   467 00000332 [B8BA010000000000] 
   468 0000033A E8D55F0000                  call next_token
   469 0000033F 48BF-                       mov rdi, arg2_buf
   469 00000341 [18BB010000000000] 
   470 00000349 E8C65F0000                  call next_token
   471 0000034E 48BF-                       mov rdi, arg3_buf
   471 00000350 [B8BB010000000000] 
   472 00000358 E8B75F0000                  call next_token
   473 0000035D 48BF-                       mov rdi, arg4_buf
   473 0000035F [D8BB010000000000] 
   474 00000367 E8A85F0000                  call next_token
   475                                  
   476 0000036C 803C25[98BA0100]00          cmp byte [cmd_buf], 0
   477 00000374 7405                        je .pseg_left_empty
   478 00000376 E8E8010000                  call do_dispatch_call
   479                                  .pseg_left_empty:
   480 0000037B C60425[B1BD0100]00          mov byte [pipe_capture_on], 0
   481                                  
   482                                      ; trim a single trailing newline left behind by the captured command
   483 00000383 488B0425[B8BD0100]          mov rax, [pipe_capture_len]
   484 0000038B 4885C0                      test rax, rax
   485 0000038E 740F                        jz .pseg_trim_done
   486 00000390 488D98[BFBD0100]            lea rbx, [pipe_capture_buf + rax - 1]
   487 00000397 803B0A                      cmp byte [rbx], 10
   488 0000039A 7503                        jne .pseg_trim_done
   489 0000039C C60300                      mov byte [rbx], 0
   490                                  .pseg_trim_done:
   491                                  
   492                                      ; tokenize the right side to see if it's the "= name" shorthand
   493 0000039F 48BE-                       mov rsi, pipe_right_buf
   493 000003A1 [D5BC010000000000] 
   494 000003A9 48BF-                       mov rdi, cmd_buf
   494 000003AB [98BA010000000000] 
   495 000003B3 E85C5F0000                  call next_token
   496 000003B8 48BF-                       mov rdi, arg1_buf
   496 000003BA [B8BA010000000000] 
   497 000003C2 E84D5F0000                  call next_token
   498                                  
   499 000003C7 803C25[98BA0100]00          cmp byte [cmd_buf], 0
   500 000003CF 0F8488010000                je .pseg_done              ; nothing after the pipe - nothing to do
   501                                  
   502 000003D5 803C25[98BA0100]3D          cmp byte [cmd_buf], '='
   503 000003DD 7550                        jne .pseg_generic
   504                                  
   505                                      ; assignment shorthand: "= name" (name in arg1_buf) or "=name"
   506                                      ; (name is cmd_buf+1)
   507 000003DF 488D3425[99BA0100]          lea rsi, [cmd_buf+1]
   508 000003E7 803E00                      cmp byte [rsi], 0
   509 000003EA 750A                        jne .pseg_have_name
   510 000003EC 48BE-                       mov rsi, arg1_buf
   510 000003EE [B8BA010000000000] 
   511                                  .pseg_have_name:
   512 000003F6 56                          push rsi                   ; save name pointer across parse_int
   513 000003F7 48BE-                       mov rsi, pipe_capture_buf
   513 000003F9 [C0BD010000000000] 
   514 00000401 E875550000                  call parse_int
   515 00000406 5E                          pop rsi
   516 00000407 80F901                      cmp cl, 1
   517 0000040A 750D                        jne .pseg_bad_value
   518 0000040C 4889C3                      mov rbx, rax
   519 0000040F E811550000                  call var_set
   520 00000414 E944010000                  jmp .pseg_done
   521                                  
   522                                  .pseg_bad_value:
   523 00000419 48BE-                       mov rsi, msg_bad_value
   523 0000041B [F3DB000000000000] 
   524 00000423 B00C                        mov al, ATTR_ERROR
   525 00000425 E806600000                  call print_string_attr
   526 0000042A E92E010000                  jmp .pseg_done
   527                                  
   528                                  .pseg_generic:
   529                                      ; rebuild line_buf as: <right side> "<captured value>" and dispatch
   530 0000042F 48BE-                       mov rsi, pipe_right_buf
   530 00000431 [D5BC010000000000] 
   531 00000439 48BF-                       mov rdi, line_buf
   531 0000043B [E0B8010000000000] 
   532 00000443 E81A5F0000                  call str_copy
   533 00000448 48BE-                       mov rsi, pipe_space_quote_str
   533 0000044A [82BE010000000000] 
   534 00000452 48BF-                       mov rdi, line_buf
   534 00000454 [E0B8010000000000] 
   535 0000045C E8125F0000                  call str_append
   536 00000461 48BE-                       mov rsi, pipe_capture_buf
   536 00000463 [C0BD010000000000] 
   537 0000046B 48BF-                       mov rdi, line_buf
   537 0000046D [E0B8010000000000] 
   538 00000475 E8F95E0000                  call str_append
   539 0000047A 48BE-                       mov rsi, pipe_quote_str
   539 0000047C [80BE010000000000] 
   540 00000484 48BF-                       mov rdi, line_buf
   540 00000486 [E0B8010000000000] 
   541 0000048E E8E05E0000                  call str_append
   542                                  
   543 00000493 48BE-                       mov rsi, line_buf
   543 00000495 [E0B8010000000000] 
   544 0000049D 48BF-                       mov rdi, cmd_buf
   544 0000049F [98BA010000000000] 
   545 000004A7 E8685E0000                  call next_token
   546 000004AC 48BF-                       mov rdi, arg1_buf
   546 000004AE [B8BA010000000000] 
   547 000004B6 E8595E0000                  call next_token
   548 000004BB 48BF-                       mov rdi, arg2_buf
   548 000004BD [18BB010000000000] 
   549 000004C5 E84A5E0000                  call next_token
   550 000004CA 48BF-                       mov rdi, arg3_buf
   550 000004CC [B8BB010000000000] 
   551 000004D4 E83B5E0000                  call next_token
   552 000004D9 48BF-                       mov rdi, arg4_buf
   552 000004DB [D8BB010000000000] 
   553 000004E3 E82C5E0000                  call next_token
   554                                  
   555 000004E8 803C25[98BA0100]00          cmp byte [cmd_buf], 0
   556 000004F0 746B                        je .pseg_done
   557 000004F2 E86C000000                  call do_dispatch_call
   558 000004F7 EB64                        jmp .pseg_done
   559                                  
   560                                  .pseg_plain:
   561                                      ; no "~" pipe: original behaviour - tokenize line_buf as-is, dispatch
   562 000004F9 48BE-                       mov rsi, line_buf
   562 000004FB [E0B8010000000000] 
   563 00000503 48BF-                       mov rdi, cmd_buf
   563 00000505 [98BA010000000000] 
   564 0000050D E8025E0000                  call next_token
   565 00000512 48BF-                       mov rdi, arg1_buf
   565 00000514 [B8BA010000000000] 
   566 0000051C E8F35D0000                  call next_token
   567 00000521 48BF-                       mov rdi, arg2_buf
   567 00000523 [18BB010000000000] 
   568 0000052B E8E45D0000                  call next_token
   569 00000530 48BF-                       mov rdi, arg3_buf
   569 00000532 [B8BB010000000000] 
   570 0000053A E8D55D0000                  call next_token
   571 0000053F 48BF-                       mov rdi, arg4_buf
   571 00000541 [D8BB010000000000] 
   572 00000549 E8C65D0000                  call next_token
   573                                  
   574 0000054E 803C25[98BA0100]00          cmp byte [cmd_buf], 0
   575 00000556 7405                        je .pseg_done
   576 00000558 E806000000                  call do_dispatch_call
   577                                  
   578                                  .pseg_done:
   579 0000055D 415E                        pop r14
   580 0000055F 415C                        pop r12
   581 00000561 5B                          pop rbx
   582 00000562 C3                          ret
   583                                  
   584                                  ; do_dispatch_call: calls dispatch on the tokenized cmd_buf/arg*_buf.
   585                                  ; When chain_is_rr is set (we're running inside an rr script), wraps
   586                                  ; the call exactly like process_chain_rr always did: dispatch may
   587                                  ; recurse into cmd_rr, clobbering rr_content_ptr/proc_cur_slot, so
   588                                  ; those are saved/restored around it.
   589                                  do_dispatch_call:
   590 00000563 803C25[F8BB0100]00          cmp byte [chain_is_rr], 0
   591 0000056B 7426                        je .ddc_plain
   592 0000056D FF3425[38D10100]            push qword [rr_content_ptr]
   593 00000574 480FB60425-                 movzx rax, byte [proc_cur_slot]
   593 00000579 [36D10100]         
   594 0000057D 50                          push rax
   595 0000057E E883000000                  call dispatch
   596 00000583 58                          pop rax
   597 00000584 880425[36D10100]            mov [proc_cur_slot], al
   598 0000058B 8F0425[38D10100]            pop qword [rr_content_ptr]
   599 00000592 C3                          ret
   600                                  .ddc_plain:
   601 00000593 E86E000000                  call dispatch
   602 00000598 C3                          ret
   603                                  
   604                                  ; ------------------------------------------------------------
   605                                  ; expand_identity_map: extends boot.asm's minimal 0-64MB identity map to
   606                                  ; a full 0-4GB identity map using 2MB pages.
   607                                  ;
   608                                  ; Bug this fixes: "sdown" was rebooting the machine instead of shutting
   609                                  ; it down. Root cause: boot.asm's page tables only identity-map the
   610                                  ; first 64MB of physical memory (PML4@0x1000 -> PDPT@0x2000 -> a single
   611                                  ; PD@0x3000 with 32 entries). acpi_shutdown later walks the firmware's
   612                                  ; RSDT/XSDT/FADT/DSDT tables to find the real ACPI power-off port/value,
   613                                  ; and those tables are NOT guaranteed to live under 64MB - confirmed by
   614                                  ; tracing this exact machine: the FADT/DSDT land around 127MB with a
   615                                  ; 128MB guest. Touching that unmapped memory takes a page fault, and
   616                                  ; since there's no IDT installed yet, it escalates straight to a triple
   617                                  ; fault - which looks exactly like a reboot from the user's perspective.
   618                                  ;
   619                                  ; Fix: before anything else runs, reuse boot.asm's existing PML4/PDPT
   620                                  ; (no need to touch those) and add 3 more PD tables (PD1-PD3 at
   621                                  ; 0x4000/0x5000/0x6000, alongside boot.asm's PD0 at 0x3000), wiring all
   622                                  ; 4 into PDPT[0..3]. Then refill all 4 PDs (contiguous in memory) with
   623                                  ; 2048 sequential 2MB pages, giving a full 4GB identity map - enough
   624                                  ; headroom for any RAM size/firmware table placement QEMU, Bochs,
   625                                  ; VirtualBox, or real hardware is likely to use.
   626                                  expand_identity_map:
   627 00000599 50                          push rax
   628 0000059A 51                          push rcx
   629 0000059B 57                          push rdi
   630                                  
   631                                      ; PDPT[1..3] -> PD1/PD2/PD3 (present+rw). PDPT[0] already points at
   632                                      ; boot.asm's PD0 @ 0x3000.
   633 0000059C C70425082000000340-         mov dword [0x2000 + 1*8], 0x4000 | 0x3
   633 000005A5 0000               
   634 000005A7 C704250C2000000000-         mov dword [0x2000 + 1*8 + 4], 0
   634 000005B0 0000               
   635 000005B2 C70425102000000350-         mov dword [0x2000 + 2*8], 0x5000 | 0x3
   635 000005BB 0000               
   636 000005BD C70425142000000000-         mov dword [0x2000 + 2*8 + 4], 0
   636 000005C6 0000               
   637 000005C8 C70425182000000360-         mov dword [0x2000 + 3*8], 0x6000 | 0x3
   637 000005D1 0000               
   638 000005D3 C704251C2000000000-         mov dword [0x2000 + 3*8 + 4], 0
   638 000005DC 0000               
   639                                  
   640                                      ; PD0..PD3 are contiguous (0x3000..0x6FFF = 16KB = 2048 qwords).
   641                                      ; Refill them all with sequential 2MB pages 0, 2MB, ... 4094MB,
   642                                      ; replacing boot.asm's partial PD0 (only entries 0-31 were valid)
   643                                      ; with a complete map.
   644 000005DE BF00300000                  mov rdi, 0x3000
   645 000005E3 B883000000                  mov rax, 0x83                  ; present+rw+PS(2MB), base 0
   646 000005E8 B900080000                  mov rcx, 512 * 4               ; 512 entries/PD * 4 PDs = 4GB total
   647                                  .fill:
   648 000005ED 488907                      mov [rdi], rax
   649 000005F0 480500002000                add rax, 0x200000
   650 000005F6 4883C708                    add rdi, 8
   651 000005FA E2F1                        loop .fill
   652                                  
   653 000005FC 0F20D8                      mov rax, cr3                   ; reload CR3 to flush any stale TLB
   654 000005FF 0F22D8                      mov cr3, rax                   ; entries from the old partial map
   655                                  
   656 00000602 5F                          pop rdi
   657 00000603 59                          pop rcx
   658 00000604 58                          pop rax
   659 00000605 C3                          ret
   660                                  
   661                                  ; ============================================================
   662                                  ; dispatch: compares cmd_buf against known commands
   663                                  ; ============================================================
   664                                  dispatch:
   665                                      ; --- variable assignment:  name = value ---
   666 00000606 48BE-                       mov rsi, arg1_buf
   666 00000608 [B8BA010000000000] 
   667 00000610 48BF-                       mov rdi, str_eq_sign
   667 00000612 [03CF000000000000] 
   668 0000061A E8735D0000                  call str_eq
   669 0000061F 3C01                        cmp al, 1
   670 00000621 0F840E0C0000                je cmd_assign
   671                                  
   672 00000627 48BE-                       mov rsi, cmd_buf
   672 00000629 [98BA010000000000] 
   673 00000631 48BF-                       mov rdi, str_calc
   673 00000633 [C1CE000000000000] 
   674 0000063B E8525D0000                  call str_eq
   675 00000640 3C01                        cmp al, 1
   676 00000642 0F843A0C0000                je cmd_calc
   677                                  
   678 00000648 48BE-                       mov rsi, cmd_buf
   678 0000064A [98BA010000000000] 
   679 00000652 48BF-                       mov rdi, str_edit
   679 00000654 [C6CE000000000000] 
   680 0000065C E8315D0000                  call str_eq
   681 00000661 3C01                        cmp al, 1
   682 00000663 0F84A30C0000                je cmd_edit
   683                                  
   684 00000669 48BE-                       mov rsi, cmd_buf
   684 0000066B [98BA010000000000] 
   685 00000673 48BF-                       mov rdi, str_cf
   685 00000675 [89CE000000000000] 
   686 0000067D E8105D0000                  call str_eq
   687 00000682 3C01                        cmp al, 1
   688 00000684 0F8471040000                je cmd_cf
   689                                  
   690 0000068A 48BE-                       mov rsi, cmd_buf
   690 0000068C [98BA010000000000] 
   691 00000694 48BF-                       mov rdi, str_mkf
   691 00000696 [8CCE000000000000] 
   692 0000069E E8EF5C0000                  call str_eq
   693 000006A3 3C01                        cmp al, 1
   694 000006A5 0F84B4040000                je cmd_mkf
   695                                  
   696 000006AB 48BE-                       mov rsi, cmd_buf
   696 000006AD [98BA010000000000] 
   697 000006B5 48BF-                       mov rdi, str_mkfl
   697 000006B7 [90CE000000000000] 
   698 000006BF E8CE5C0000                  call str_eq
   699 000006C4 3C01                        cmp al, 1
   700 000006C6 0F848B050000                je cmd_mkfl
   701                                  
   702 000006CC 48BE-                       mov rsi, cmd_buf
   702 000006CE [98BA010000000000] 
   703 000006D6 48BF-                       mov rdi, str_show
   703 000006D8 [95CE000000000000] 
   704 000006E0 E8AD5C0000                  call str_eq
   705 000006E5 3C01                        cmp al, 1
   706 000006E7 0F84DB0A0000                je cmd_show
   707                                  
   708 000006ED 48BE-                       mov rsi, cmd_buf
   708 000006EF [98BA010000000000] 
   709 000006F7 48BF-                       mov rdi, str_ls
   709 000006F9 [9ACE000000000000] 
   710 00000701 E88C5C0000                  call str_eq
   711 00000706 3C01                        cmp al, 1
   712 00000708 0F84030E0000                je cmd_ls
   713                                  
   714 0000070E 48BE-                       mov rsi, cmd_buf
   714 00000710 [98BA010000000000] 
   715 00000718 48BF-                       mov rdi, str_cat
   715 0000071A [9FCE000000000000] 
   716 00000722 E86B5C0000                  call str_eq
   717 00000727 3C01                        cmp al, 1
   718 00000729 0F84780E0000                je cmd_cat
   719                                  
   720 0000072F 48BE-                       mov rsi, cmd_buf
   720 00000731 [98BA010000000000] 
   721 00000739 48BF-                       mov rdi, str_pwd
   721 0000073B [A4CE000000000000] 
   722 00000743 E84A5C0000                  call str_eq
   723 00000748 3C01                        cmp al, 1
   724 0000074A 0F84AC0D0000                je cmd_pwd
   725                                  
   726 00000750 48BE-                       mov rsi, cmd_buf
   726 00000752 [98BA010000000000] 
   727 0000075A 48BF-                       mov rdi, str_clear
   727 0000075C [ACCE000000000000] 
   728 00000764 E8295C0000                  call str_eq
   729 00000769 3C01                        cmp al, 1
   730 0000076B 0F84EA0E0000                je cmd_clear
   731                                  
   732 00000771 48BE-                       mov rsi, cmd_buf
   732 00000773 [98BA010000000000] 
   733 0000077B 48BF-                       mov rdi, str_help
   733 0000077D [B1CE000000000000] 
   734 00000785 E8085C0000                  call str_eq
   735 0000078A 3C01                        cmp al, 1
   736 0000078C 0F84CF0E0000                je cmd_help
   737                                  
   738 00000792 48BE-                       mov rsi, cmd_buf
   738 00000794 [98BA010000000000] 
   739 0000079C 48BF-                       mov rdi, str_reboot
   739 0000079E [B6CE000000000000] 
   740 000007A6 E8E75B0000                  call str_eq
   741 000007AB 3C01                        cmp al, 1
   742 000007AD 0F8436250000                je cmd_reboot
   743                                  
   744 000007B3 48BE-                       mov rsi, cmd_buf
   744 000007B5 [98BA010000000000] 
   745 000007BD 48BF-                       mov rdi, str_sync
   745 000007BF [BCCE000000000000] 
   746 000007C7 E8C65B0000                  call str_eq
   747 000007CC 3C01                        cmp al, 1
   748 000007CE 0F841C160000                je cmd_sync
   749                                  
   750 000007D4 48BE-                       mov rsi, cmd_buf
   750 000007D6 [98BA010000000000] 
   751 000007DE 48BF-                       mov rdi, str_del
   751 000007E0 [CBCE000000000000] 
   752 000007E8 E8A55B0000                  call str_eq
   753 000007ED 3C01                        cmp al, 1
   754 000007EF 0F8422250000                je cmd_del
   755                                  
   756 000007F5 48BE-                       mov rsi, cmd_buf
   756 000007F7 [98BA010000000000] 
   757 000007FF 48BF-                       mov rdi, str_rmv
   757 00000801 [CFCE000000000000] 
   758 00000809 E8845B0000                  call str_eq
   759 0000080E 3C01                        cmp al, 1
   760 00000810 0F8409260000                je cmd_rmv
   761                                  
   762 00000816 48BE-                       mov rsi, cmd_buf
   762 00000818 [98BA010000000000] 
   763 00000820 48BF-                       mov rdi, str_sdown
   763 00000822 [D3CE000000000000] 
   764 0000082A E8635B0000                  call str_eq
   765 0000082F 3C01                        cmp al, 1
   766 00000831 0F845E270000                je cmd_sdown
   767                                  
   768 00000837 48BE-                       mov rsi, cmd_buf
   768 00000839 [98BA010000000000] 
   769 00000841 48BF-                       mov rdi, str_rname
   769 00000843 [F5CE000000000000] 
   770 0000084B E8425B0000                  call str_eq
   771 00000850 3C01                        cmp al, 1
   772 00000852 0F84C62A0000                je cmd_rname
   773                                  
   774 00000858 48BE-                       mov rsi, cmd_buf
   774 0000085A [98BA010000000000] 
   775 00000862 48BF-                       mov rdi, str_cpy
   775 00000864 [FBCE000000000000] 
   776 0000086C E8215B0000                  call str_eq
   777 00000871 3C01                        cmp al, 1
   778 00000873 0F84D72B0000                je cmd_cpy
   779                                  
   780 00000879 48BE-                       mov rsi, cmd_buf
   780 0000087B [98BA010000000000] 
   781 00000883 48BF-                       mov rdi, str_mov
   781 00000885 [FFCE000000000000] 
   782 0000088D E8005B0000                  call str_eq
   783 00000892 3C01                        cmp al, 1
   784 00000894 0F84482D0000                je cmd_mov
   785                                  
   786 0000089A 48BE-                       mov rsi, cmd_buf
   786 0000089C [98BA010000000000] 
   787 000008A4 48BF-                       mov rdi, str_rr
   787 000008A6 [D9CE000000000000] 
   788 000008AE E8DF5A0000                  call str_eq
   789 000008B3 3C01                        cmp al, 1
   790 000008B5 0F84552F0000                je cmd_rr
   791                                  
   792 000008BB 48BE-                       mov rsi, cmd_buf
   792 000008BD [98BA010000000000] 
   793 000008C5 48BF-                       mov rdi, str_prs
   793 000008C7 [DCCE000000000000] 
   794 000008CF E8BE5A0000                  call str_eq
   795 000008D4 3C01                        cmp al, 1
   796 000008D6 0F8490310000                je cmd_prs
   797                                  
   798 000008DC 48BE-                       mov rsi, cmd_buf
   798 000008DE [98BA010000000000] 
   799 000008E6 48BF-                       mov rdi, str_auth
   799 000008E8 [0ACF000000000000] 
   800 000008F0 E89D5A0000                  call str_eq
   801 000008F5 3C01                        cmp al, 1
   802 000008F7 0F8472330000                je cmd_auth
   803                                  
   804 000008FD 48BE-                       mov rsi, cmd_buf
   804 000008FF [98BA010000000000] 
   805 00000907 48BF-                       mov rdi, str_vars
   805 00000909 [0FCF000000000000] 
   806 00000911 E87C5A0000                  call str_eq
   807 00000916 3C01                        cmp al, 1
   808 00000918 0F8405340000                je cmd_vars
   809                                  
   810 0000091E 48BE-                       mov rsi, cmd_buf
   810 00000920 [98BA010000000000] 
   811 00000928 48BF-                       mov rdi, str_dscan
   811 0000092A [80D2000000000000] 
   812 00000932 E85B5A0000                  call str_eq
   813 00000937 3C01                        cmp al, 1
   814 00000939 0F84EB140000                je cmd_dscan
   815                                  
   816 0000093F 48BE-                       mov rsi, cmd_buf
   816 00000941 [98BA010000000000] 
   817 00000949 48BF-                       mov rdi, str_format
   817 0000094B [86D2000000000000] 
   818 00000953 E83A5A0000                  call str_eq
   819 00000958 3C01                        cmp al, 1
   820 0000095A 0F844E170000                je cmd_format
   821                                  
   822 00000960 48BE-                       mov rsi, cmd_buf
   822 00000962 [98BA010000000000] 
   823 0000096A 48BF-                       mov rdi, str_mount
   823 0000096C [8AD2000000000000] 
   824 00000974 E8195A0000                  call str_eq
   825 00000979 3C01                        cmp al, 1
   826 0000097B 0F84641C0000                je cmd_mount
   827                                  
   828 00000981 48BE-                       mov rsi, cmd_buf
   828 00000983 [98BA010000000000] 
   829 0000098B 48BF-                       mov rdi, str_unmount
   829 0000098D [90D2000000000000] 
   830 00000995 E8F8590000                  call str_eq
   831 0000099A 3C01                        cmp al, 1
   832 0000099C 0F84D91E0000                je cmd_unmount
   833                                  
   834 000009A2 48BE-                       mov rsi, cmd_buf
   834 000009A4 [98BA010000000000] 
   835 000009AC 48BF-                       mov rdi, str_label
   835 000009AE [98D2000000000000] 
   836 000009B6 E8D7590000                  call str_eq
   837 000009BB 3C01                        cmp al, 1
   838 000009BD 0F8434200000                je cmd_label
   839                                  
   840 000009C3 48BE-                       mov rsi, cmd_buf
   840 000009C5 [98BA010000000000] 
   841 000009CD 48BF-                       mov rdi, str_alis
   841 000009CF [18CF000000000000] 
   842 000009D7 E8B6590000                  call str_eq
   843 000009DC 3C01                        cmp al, 1
   844 000009DE 0F8429370000                je cmd_alis
   845                                  
   846 000009E4 48BE-                       mov rsi, cmd_buf
   846 000009E6 [98BA010000000000] 
   847 000009EE 48BF-                       mov rdi, str_color
   847 000009F0 [1DCF000000000000] 
   848 000009F8 E895590000                  call str_eq
   849 000009FD 3C01                        cmp al, 1
   850 000009FF 0F84EB370000                je cmd_color
   851                                  
   852 00000A05 48BE-                       mov rsi, cmd_buf
   852 00000A07 [98BA010000000000] 
   853 00000A0F 48BF-                       mov rdi, str_date
   853 00000A11 [23CF000000000000] 
   854 00000A19 E874590000                  call str_eq
   855 00000A1E 3C01                        cmp al, 1
   856 00000A20 0F841D550000                je cmd_date
   857                                  
   858 00000A26 48BE-                       mov rsi, cmd_buf
   858 00000A28 [98BA010000000000] 
   859 00000A30 48BF-                       mov rdi, str_time
   859 00000A32 [28CF000000000000] 
   860 00000A3A E853590000                  call str_eq
   861 00000A3F 3C01                        cmp al, 1
   862 00000A41 0F842F550000                je cmd_time
   863                                  
   864 00000A47 48BE-                       mov rsi, cmd_buf
   864 00000A49 [98BA010000000000] 
   865 00000A51 48BF-                       mov rdi, str_write
   865 00000A53 [2DCF000000000000] 
   866 00000A5B E832590000                  call str_eq
   867 00000A60 3C01                        cmp al, 1
   868 00000A62 0F8441550000                je cmd_write
   869                                  
   870 00000A68 48BE-                       mov rsi, cmd_buf
   870 00000A6A [98BA010000000000] 
   871 00000A72 48BF-                       mov rdi, str_wig
   871 00000A74 [33CF000000000000] 
   872 00000A7C E811590000                  call str_eq
   873 00000A81 3C01                        cmp al, 1
   874 00000A83 0F84C8560000                je cmd_wig
   875                                  
   876 00000A89 48BE-                       mov rsi, cmd_buf
   876 00000A8B [98BA010000000000] 
   877 00000A93 48BF-                       mov rdi, str_shelly
   877 00000A95 [37CF000000000000] 
   878 00000A9D E8F0580000                  call str_eq
   879 00000AA2 3C01                        cmp al, 1
   880 00000AA4 0F8444570000                je cmd_shelly
   881                                  
   882                                      ; --- user-defined alias? (see "ali <name> <commands>") ---
   883 00000AAA 48BE-                       mov rsi, cmd_buf
   883 00000AAC [98BA010000000000] 
   884 00000AB4 E851350000                  call alias_lookup
   885 00000AB9 4883F8FF                    cmp rax, -1
   886 00000ABD 740C                        je .no_alias_match
   887 00000ABF 880425[F0CD0100]            mov [alias_match_idx], al
   888 00000AC6 E988350000                  jmp cmd_alias_invoke
   889                                  .no_alias_match:
   890                                  
   891                                      ; unknown command
   892 00000ACB 48BE-                       mov rsi, msg_unknown1
   892 00000ACD [91D4000000000000] 
   893 00000AD5 B00C                        mov al, ATTR_ERROR
   894 00000AD7 E854590000                  call print_string_attr
   895 00000ADC 48BE-                       mov rsi, cmd_buf
   895 00000ADE [98BA010000000000] 
   896 00000AE6 E836590000                  call print_string
   897 00000AEB 48BE-                       mov rsi, msg_unknown2
   897 00000AED [A9D4000000000000] 
   898 00000AF5 E827590000                  call print_string
   899 00000AFA C3                          ret
   900                                  
   901                                  ; ------------------------------------------------------------
   902                                  cmd_cf:
   903 00000AFB 803C25[B8BA0100]00          cmp byte [arg1_buf], 0
   904 00000B03 7501                        jne .have_arg
   905 00000B05 C3                          ret
   906                                  .have_arg:
   907                                      ; fs_resolve_path handles "/", "/home", "..", ".", multi-segment
   908                                      ; paths, and plain single names all through one code path now.
   909 00000B06 488B0425[CB6D0000]          mov rax, [cur_dir]
   910 00000B0E 48BE-                       mov rsi, arg1_buf
   910 00000B10 [B8BA010000000000] 
   911 00000B18 4831FF                      xor rdi, rdi               ; whole-path mode: resolve every component
   912 00000B1B E833400000                  call fs_resolve_path
   913 00000B20 4883F8FF                    cmp rax, -1
   914 00000B24 7409                        je .not_found
   915 00000B26 48890425[CB6D0000]          mov [cur_dir], rax
   916 00000B2E C3                          ret
   917                                  .not_found:
   918 00000B2F 48BE-                       mov rsi, msg_no_folder
   918 00000B31 [B9D4000000000000] 
   919 00000B39 B00C                        mov al, ATTR_ERROR
   920 00000B3B E8F0580000                  call print_string_attr
   921 00000B40 48BE-                       mov rsi, arg1_buf
   921 00000B42 [B8BA010000000000] 
   922 00000B4A E8D2580000                  call print_string
   923 00000B4F 48BE-                       mov rsi, newline_str
   923 00000B51 [7ACE000000000000] 
   924 00000B59 E8C3580000                  call print_string
   925 00000B5E C3                          ret
   926                                  
   927                                  ; ------------------------------------------------------------
   928                                  cmd_mkf:
   929 00000B5F 803C25[B8BA0100]00          cmp byte [arg1_buf], 0
   930 00000B67 7512                        jne .have_arg
   931 00000B69 48BE-                       mov rsi, msg_need_name
   931 00000B6B [34D5000000000000] 
   932 00000B73 B00C                        mov al, ATTR_ERROR
   933 00000B75 E8B6580000                  call print_string_attr
   934 00000B7A C3                          ret
   935                                  .have_arg:
   936 00000B7B 488B0425[CB6D0000]          mov rax, [cur_dir]
   937 00000B83 48BE-                       mov rsi, arg1_buf
   937 00000B85 [B8BA010000000000] 
   938 00000B8D 48BF-                       mov rdi, leaf1_buf
   938 00000B8F [60B8010000000000] 
   939 00000B97 E8B73F0000                  call fs_resolve_path
   940 00000B9C 4883F8FF                    cmp rax, -1
   941 00000BA0 0F8481000000                je .bad_path
   942 00000BA6 4989C3                      mov r11, rax                ; parent dir the new folder goes in
   943 00000BA9 4C89D8                      mov rax, r11
   944 00000BAC 48BE-                       mov rsi, leaf1_buf
   944 00000BAE [60B8010000000000] 
   945 00000BB6 49C7C2FFFFFFFF              mov r10, -1                ; any type counts as "exists"
   946 00000BBD E8383B0000                  call fs_find_child
   947 00000BC2 4883F8FF                    cmp rax, -1
   948 00000BC6 751F                        jne .exists
   949 00000BC8 4C89D8                      mov rax, r11
   950 00000BCB 48BE-                       mov rsi, leaf1_buf
   950 00000BCD [60B8010000000000] 
   951 00000BD5 41BA01000000                mov r10, 1                 ; type folder
   952 00000BDB E89C3B0000                  call fs_create_node
   953 00000BE0 4883F8FF                    cmp rax, -1
   954 00000BE4 7413                        je .full
   955 00000BE6 C3                          ret
   956                                  .exists:
   957 00000BE7 48BE-                       mov rsi, msg_exists
   957 00000BE9 [4FD5000000000000] 
   958 00000BF1 B00C                        mov al, ATTR_ERROR
   959 00000BF3 E838580000                  call print_string_attr
   960 00000BF8 C3                          ret
   961                                  .full:
   962 00000BF9 803C25[E29E0100]01          cmp byte [fs_name_too_long], 1
   963 00000C01 7412                        je .toolong
   964 00000C03 48BE-                       mov rsi, msg_full
   964 00000C05 [75D5000000000000] 
   965 00000C0D B00C                        mov al, ATTR_ERROR
   966 00000C0F E81C580000                  call print_string_attr
   967 00000C14 C3                          ret
   968                                  .toolong:
   969 00000C15 48BE-                       mov rsi, msg_name_too_long
   969 00000C17 [90D5000000000000] 
   970 00000C1F B00C                        mov al, ATTR_ERROR
   971 00000C21 E80A580000                  call print_string_attr
   972 00000C26 C3                          ret
   973                                  .bad_path:
   974 00000C27 48BE-                       mov rsi, msg_bad_path
   974 00000C29 [CED4000000000000] 
   975 00000C31 B00C                        mov al, ATTR_ERROR
   976 00000C33 E8F8570000                  call print_string_attr
   977 00000C38 48BE-                       mov rsi, arg1_buf
   977 00000C3A [B8BA010000000000] 
   978 00000C42 E8DA570000                  call print_string
   979 00000C47 48BE-                       mov rsi, newline_str
   979 00000C49 [7ACE000000000000] 
   980 00000C51 E8CB570000                  call print_string
   981 00000C56 C3                          ret
   982                                  
   983                                  ; ------------------------------------------------------------
   984                                  ; cmd_mkfl: make a file. Supports flags in arg3/arg4:
   985                                  ;   -force   overwrite if file already exists (prints warning)
   986                                  ;   -silent  suppress the -force overwrite warning
   987                                  ;   -info    print verbose info (filename + content length)
   988                                  ; ------------------------------------------------------------
   989                                  cmd_mkfl:
   990 00000C57 803C25[B8BA0100]00          cmp byte [arg1_buf], 0
   991 00000C5F 7512                        jne .have_arg
   992 00000C61 48BE-                       mov rsi, msg_need_name
   992 00000C63 [34D5000000000000] 
   993 00000C6B B00C                        mov al, ATTR_ERROR
   994 00000C6D E8BE570000                  call print_string_attr
   995 00000C72 C3                          ret
   996                                  .have_arg:
   997                                      ; --- detect -test flag; it may land in arg2 (no content given, e.g.
   998                                      ; "mkfl hi.txt -test") or in arg3/arg4 alongside real content/flags ---
   999 00000C73 C60425[E49E0100]00          mov byte [mkfl_test_flag], 0
  1000 00000C7B 488D0425[18BB0100]          lea rax, [arg2_buf]
  1001 00000C83 48890425[E89E0100]          mov [mkfl_content_ptr], rax
  1002 00000C8B 48BE-                       mov rsi, arg2_buf
  1002 00000C8D [18BB010000000000] 
  1003 00000C95 48BF-                       mov rdi, str_test
  1003 00000C97 [79D2000000000000] 
  1004 00000C9F E8EE560000                  call str_eq
  1005 00000CA4 3C01                        cmp al, 1
  1006 00000CA6 7518                        jne .mkfl_arg2_not_test
  1007 00000CA8 C60425[E49E0100]01          mov byte [mkfl_test_flag], 1
  1008 00000CB0 488D0425[7FD20000]          lea rax, [empty_str]
  1009 00000CB8 48890425[E89E0100]          mov [mkfl_content_ptr], rax
  1010                                  .mkfl_arg2_not_test:
  1011 00000CC0 48BE-                       mov rsi, arg3_buf
  1011 00000CC2 [B8BB010000000000] 
  1012 00000CCA 48BF-                       mov rdi, str_test
  1012 00000CCC [79D2000000000000] 
  1013 00000CD4 E8B9560000                  call str_eq
  1014 00000CD9 3C01                        cmp al, 1
  1015 00000CDB 7508                        jne .mkfl_arg3_not_test
  1016 00000CDD C60425[E49E0100]01          mov byte [mkfl_test_flag], 1
  1017                                  .mkfl_arg3_not_test:
  1018 00000CE5 48BE-                       mov rsi, arg4_buf
  1018 00000CE7 [D8BB010000000000] 
  1019 00000CEF 48BF-                       mov rdi, str_test
  1019 00000CF1 [79D2000000000000] 
  1020 00000CF9 E894560000                  call str_eq
  1021 00000CFE 3C01                        cmp al, 1
  1022 00000D00 7508                        jne .mkfl_arg4_not_test
  1023 00000D02 C60425[E49E0100]01          mov byte [mkfl_test_flag], 1
  1024                                  .mkfl_arg4_not_test:
  1025                                  
  1026 00000D0A 488B0425[CB6D0000]          mov rax, [cur_dir]
  1027 00000D12 48BE-                       mov rsi, arg1_buf
  1027 00000D14 [B8BA010000000000] 
  1028 00000D1C 48BF-                       mov rdi, leaf1_buf
  1028 00000D1E [60B8010000000000] 
  1029 00000D26 E8283E0000                  call fs_resolve_path
  1030 00000D2B 4883F8FF                    cmp rax, -1
  1031 00000D2F 0F8437030000                je .bad_path
  1032 00000D35 4989C3                      mov r11, rax                 ; parent dir the new file goes in
  1033 00000D38 4C89D8                      mov rax, r11
  1034 00000D3B 48BE-                       mov rsi, leaf1_buf
  1034 00000D3D [60B8010000000000] 
  1035 00000D45 49C7C2FFFFFFFF              mov r10, -1
  1036 00000D4C E8A9390000                  call fs_find_child
  1037 00000D51 4883F8FF                    cmp rax, -1
  1038 00000D55 0F8500010000                jne .exists
  1039 00000D5B 803C25[E49E0100]01          cmp byte [mkfl_test_flag], 1
  1040 00000D63 0F8433030000                je .test_would_create
  1041 00000D69 4C89D8                      mov rax, r11
  1042 00000D6C 48BE-                       mov rsi, leaf1_buf
  1042 00000D6E [60B8010000000000] 
  1043 00000D76 41BA02000000                mov r10, 2                  ; type file
  1044 00000D7C E8FB390000                  call fs_create_node
  1045 00000D81 4883F8FF                    cmp rax, -1
  1046 00000D85 0F84B3020000                je .full
  1047                                      ; rax = new node index, write arg2 into its content
  1048 00000D8B 4889C3                      mov rbx, rax
  1049 00000D8E 488D3425[18BB0100]          lea rsi, [arg2_buf]
  1050 00000D96 E8573B0000                  call fs_write_file
  1051                                  
  1052                                      ; Check -info flag
  1053 00000D9B 48BE-                       mov rsi, arg3_buf
  1053 00000D9D [B8BB010000000000] 
  1054 00000DA5 48BF-                       mov rdi, str_info
  1054 00000DA7 [73D2000000000000] 
  1055 00000DAF E8DE550000                  call str_eq
  1056 00000DB4 3C01                        cmp al, 1
  1057 00000DB6 7422                        je .print_info_new
  1058 00000DB8 48BE-                       mov rsi, arg4_buf
  1058 00000DBA [D8BB010000000000] 
  1059 00000DC2 48BF-                       mov rdi, str_info
  1059 00000DC4 [73D2000000000000] 
  1060 00000DCC E8C1550000                  call str_eq
  1061 00000DD1 3C01                        cmp al, 1
  1062 00000DD3 7405                        je .print_info_new
  1063 00000DD5 E9ED030000                  jmp .mkfl_done
  1064                                  
  1065                                  .print_info_new:
  1066 00000DDA 48BE-                       mov rsi, msg_mkfl_info
  1066 00000DDC [32DF000000000000] 
  1067 00000DE4 8A0425[D46D0000]            mov al, [cur_normal_attr]
  1068 00000DEB E840560000                  call print_string_attr
  1069 00000DF0 48BE-                       mov rsi, arg1_buf
  1069 00000DF2 [B8BA010000000000] 
  1070 00000DFA E822560000                  call print_string
  1071 00000DFF 48BE-                       mov rsi, msg_mkfl_info2
  1071 00000E01 [43DF000000000000] 
  1072 00000E09 E813560000                  call print_string
  1073 00000E0E 48BE-                       mov rsi, arg2_buf
  1073 00000E10 [18BB010000000000] 
  1074 00000E18 4831C9                      xor rcx, rcx
  1075                                  .mkfl_strlen1:
  1076 00000E1B 803E00                      cmp byte [rsi], 0
  1077 00000E1E 7408                        je .mkfl_strlen1_done
  1078 00000E20 48FFC1                      inc rcx
  1079 00000E23 48FFC6                      inc rsi
  1080 00000E26 EBF3                        jmp .mkfl_strlen1
  1081                                  .mkfl_strlen1_done:
  1082 00000E28 4889C8                      mov rax, rcx
  1083 00000E2B 488D3C25[50D00100]          lea rdi, [show_num_buf]
  1084 00000E33 E8A84B0000                  call int_to_str
  1085 00000E38 48BE-                       mov rsi, show_num_buf
  1085 00000E3A [50D0010000000000] 
  1086 00000E42 E8DA550000                  call print_string
  1087 00000E47 48BE-                       mov rsi, msg_mkfl_info3
  1087 00000E49 [47DF000000000000] 
  1088 00000E51 E8CB550000                  call print_string
  1089 00000E56 E96C030000                  jmp .mkfl_done
  1090                                  
  1091                                  .exists:
  1092                                      ; rax = existing node index; save it (str_eq clobbers al)
  1093 00000E5B 4889C3                      mov rbx, rax
  1094                                  
  1095 00000E5E 803C25[E49E0100]01          cmp byte [mkfl_test_flag], 1
  1096 00000E66 7547                        jne .exists_not_test
  1097                                      ; test mode: still check -force so the report matches what a real
  1098                                      ; run would do, but never touch the existing node either way
  1099 00000E68 48BE-                       mov rsi, arg3_buf
  1099 00000E6A [B8BB010000000000] 
  1100 00000E72 48BF-                       mov rdi, str_force
  1100 00000E74 [64D2000000000000] 
  1101 00000E7C E811550000                  call str_eq
  1102 00000E81 3C01                        cmp al, 1
  1103 00000E83 0F8492020000                je .test_would_overwrite
  1104 00000E89 48BE-                       mov rsi, arg4_buf
  1104 00000E8B [D8BB010000000000] 
  1105 00000E93 48BF-                       mov rdi, str_force
  1105 00000E95 [64D2000000000000] 
  1106 00000E9D E8F0540000                  call str_eq
  1107 00000EA2 3C01                        cmp al, 1
  1108 00000EA4 0F8471020000                je .test_would_overwrite
  1109 00000EAA E9E8020000                  jmp .test_blocked_no_force
  1110                                  .exists_not_test:
  1111                                  
  1112                                      ; Check -force flag in arg3_buf or arg4_buf
  1113 00000EAF 48BE-                       mov rsi, arg3_buf
  1113 00000EB1 [B8BB010000000000] 
  1114 00000EB9 48BF-                       mov rdi, str_force
  1114 00000EBB [64D2000000000000] 
  1115 00000EC3 E8CA540000                  call str_eq
  1116 00000EC8 3C01                        cmp al, 1
  1117 00000ECA 7422                        je .force_ok
  1118 00000ECC 48BE-                       mov rsi, arg4_buf
  1118 00000ECE [D8BB010000000000] 
  1119 00000ED6 48BF-                       mov rdi, str_force
  1119 00000ED8 [64D2000000000000] 
  1120 00000EE0 E8AD540000                  call str_eq
  1121 00000EE5 3C01                        cmp al, 1
  1122 00000EE7 7405                        je .force_ok
  1123 00000EE9 E93E010000                  jmp .no_force
  1124                                  
  1125                                  .force_ok:
  1126                                      ; -force: print warning unless -silent
  1127 00000EEE 48BE-                       mov rsi, arg3_buf
  1127 00000EF0 [B8BB010000000000] 
  1128 00000EF8 48BF-                       mov rdi, str_silent
  1128 00000EFA [6BD2000000000000] 
  1129 00000F02 E88B540000                  call str_eq
  1130 00000F07 3C01                        cmp al, 1
  1131 00000F09 7451                        je .overwrite
  1132 00000F0B 48BE-                       mov rsi, arg4_buf
  1132 00000F0D [D8BB010000000000] 
  1133 00000F15 48BF-                       mov rdi, str_silent
  1133 00000F17 [6BD2000000000000] 
  1134 00000F1F E86E540000                  call str_eq
  1135 00000F24 3C01                        cmp al, 1
  1136 00000F26 7434                        je .overwrite
  1137 00000F28 48BE-                       mov rsi, msg_mkfl_overwrite
  1137 00000F2A [11DF000000000000] 
  1138 00000F32 8A0425[D46D0000]            mov al, [cur_normal_attr]
  1139 00000F39 E8F2540000                  call print_string_attr
  1140 00000F3E 48BE-                       mov rsi, arg1_buf
  1140 00000F40 [B8BA010000000000] 
  1141 00000F48 E8D4540000                  call print_string
  1142 00000F4D 48BE-                       mov rsi, newline_str
  1142 00000F4F [7ACE000000000000] 
  1143 00000F57 E8C5540000                  call print_string
  1144                                  
  1145                                  .overwrite:
  1146                                      ; rbx = existing node index, overwrite content
  1147 00000F5C 4889D8                      mov rax, rbx
  1148 00000F5F 488D3425[18BB0100]          lea rsi, [arg2_buf]
  1149 00000F67 E886390000                  call fs_write_file
  1150                                  
  1151                                      ; Check -info flag
  1152 00000F6C 48BE-                       mov rsi, arg3_buf
  1152 00000F6E [B8BB010000000000] 
  1153 00000F76 48BF-                       mov rdi, str_info
  1153 00000F78 [73D2000000000000] 
  1154 00000F80 E80D540000                  call str_eq
  1155 00000F85 3C01                        cmp al, 1
  1156 00000F87 7422                        je .print_info_overwrite
  1157 00000F89 48BE-                       mov rsi, arg4_buf
  1157 00000F8B [D8BB010000000000] 
  1158 00000F93 48BF-                       mov rdi, str_info
  1158 00000F95 [73D2000000000000] 
  1159 00000F9D E8F0530000                  call str_eq
  1160 00000FA2 3C01                        cmp al, 1
  1161 00000FA4 7405                        je .print_info_overwrite
  1162 00000FA6 E91C020000                  jmp .mkfl_done
  1163                                  
  1164                                  .print_info_overwrite:
  1165 00000FAB 48BE-                       mov rsi, msg_mkfl_info
  1165 00000FAD [32DF000000000000] 
  1166 00000FB5 8A0425[D46D0000]            mov al, [cur_normal_attr]
  1167 00000FBC E86F540000                  call print_string_attr
  1168 00000FC1 48BE-                       mov rsi, arg1_buf
  1168 00000FC3 [B8BA010000000000] 
  1169 00000FCB E851540000                  call print_string
  1170 00000FD0 48BE-                       mov rsi, msg_mkfl_info2
  1170 00000FD2 [43DF000000000000] 
  1171 00000FDA E842540000                  call print_string
  1172 00000FDF 48BE-                       mov rsi, arg2_buf
  1172 00000FE1 [18BB010000000000] 
  1173 00000FE9 4831C9                      xor rcx, rcx
  1174                                  .mkfl_strlen2:
  1175 00000FEC 803E00                      cmp byte [rsi], 0
  1176 00000FEF 7408                        je .mkfl_strlen2_done
  1177 00000FF1 48FFC1                      inc rcx
  1178 00000FF4 48FFC6                      inc rsi
  1179 00000FF7 EBF3                        jmp .mkfl_strlen2
  1180                                  .mkfl_strlen2_done:
  1181 00000FF9 4889C8                      mov rax, rcx
  1182 00000FFC 488D3C25[50D00100]          lea rdi, [show_num_buf]
  1183 00001004 E8D7490000                  call int_to_str
  1184 00001009 48BE-                       mov rsi, show_num_buf
  1184 0000100B [50D0010000000000] 
  1185 00001013 E809540000                  call print_string
  1186 00001018 48BE-                       mov rsi, msg_mkfl_info3
  1186 0000101A [47DF000000000000] 
  1187 00001022 E8FA530000                  call print_string
  1188 00001027 E99B010000                  jmp .mkfl_done
  1189                                  
  1190                                  .no_force:
  1191 0000102C 48BE-                       mov rsi, msg_exists
  1191 0000102E [4FD5000000000000] 
  1192 00001036 B00C                        mov al, ATTR_ERROR
  1193 00001038 E8F3530000                  call print_string_attr
  1194 0000103D C3                          ret
  1195                                  .full:
  1196 0000103E 803C25[E29E0100]01          cmp byte [fs_name_too_long], 1
  1197 00001046 7412                        je .toolong
  1198 00001048 48BE-                       mov rsi, msg_full
  1198 0000104A [75D5000000000000] 
  1199 00001052 B00C                        mov al, ATTR_ERROR
  1200 00001054 E8D7530000                  call print_string_attr
  1201 00001059 C3                          ret
  1202                                  .toolong:
  1203 0000105A 48BE-                       mov rsi, msg_name_too_long
  1203 0000105C [90D5000000000000] 
  1204 00001064 B00C                        mov al, ATTR_ERROR
  1205 00001066 E8C5530000                  call print_string_attr
  1206 0000106B C3                          ret
  1207                                  .bad_path:
  1208 0000106C 48BE-                       mov rsi, msg_bad_path
  1208 0000106E [CED4000000000000] 
  1209 00001076 B00C                        mov al, ATTR_ERROR
  1210 00001078 E8B3530000                  call print_string_attr
  1211 0000107D 48BE-                       mov rsi, arg1_buf
  1211 0000107F [B8BA010000000000] 
  1212 00001087 E895530000                  call print_string
  1213 0000108C 48BE-                       mov rsi, newline_str
  1213 0000108E [7ACE000000000000] 
  1214 00001096 E886530000                  call print_string
  1215 0000109B C3                          ret
  1216                                  
  1217                                  .test_would_create:
  1218                                      ; file doesn't exist yet and -test was given: report, touch nothing
  1219 0000109C 48BE-                       mov rsi, msg_mkfl_test_create
  1219 0000109E [50DF000000000000] 
  1220 000010A6 8A0425[D46D0000]            mov al, [cur_normal_attr]
  1221 000010AD E87E530000                  call print_string_attr
  1222 000010B2 48BE-                       mov rsi, arg1_buf
  1222 000010B4 [B8BA010000000000] 
  1223 000010BC E860530000                  call print_string
  1224 000010C1 48BE-                       mov rsi, msg_mkfl_info2
  1224 000010C3 [43DF000000000000] 
  1225 000010CB E851530000                  call print_string
  1226 000010D0 488B3425[E89E0100]          mov rsi, [mkfl_content_ptr]
  1227 000010D8 4831C9                      xor rcx, rcx
  1228                                  .test_cr_strlen:
  1229 000010DB 803E00                      cmp byte [rsi], 0
  1230 000010DE 7408                        je .test_cr_strlen_done
  1231 000010E0 48FFC1                      inc rcx
  1232 000010E3 48FFC6                      inc rsi
  1233 000010E6 EBF3                        jmp .test_cr_strlen
  1234                                  .test_cr_strlen_done:
  1235 000010E8 4889C8                      mov rax, rcx
  1236 000010EB 488D3C25[50D00100]          lea rdi, [show_num_buf]
  1237 000010F3 E8E8480000                  call int_to_str
  1238 000010F8 48BE-                       mov rsi, show_num_buf
  1238 000010FA [50D0010000000000] 
  1239 00001102 E81A530000                  call print_string
  1240 00001107 48BE-                       mov rsi, msg_mkfl_test_suffix
  1240 00001109 [8BDF000000000000] 
  1241 00001111 E80B530000                  call print_string
  1242 00001116 E9AC000000                  jmp .mkfl_done
  1243                                  
  1244                                  .test_would_overwrite:
  1245                                      ; file exists and -force + -test were both given: report, touch nothing
  1246 0000111B 48BE-                       mov rsi, msg_mkfl_test_overwrite
  1246 0000111D [6CDF000000000000] 
  1247 00001125 8A0425[D46D0000]            mov al, [cur_normal_attr]
  1248 0000112C E8FF520000                  call print_string_attr
  1249 00001131 48BE-                       mov rsi, arg1_buf
  1249 00001133 [B8BA010000000000] 
  1250 0000113B E8E1520000                  call print_string
  1251 00001140 48BE-                       mov rsi, msg_mkfl_info2
  1251 00001142 [43DF000000000000] 
  1252 0000114A E8D2520000                  call print_string
  1253 0000114F 488B3425[E89E0100]          mov rsi, [mkfl_content_ptr]
  1254 00001157 4831C9                      xor rcx, rcx
  1255                                  .test_ov_strlen:
  1256 0000115A 803E00                      cmp byte [rsi], 0
  1257 0000115D 7408                        je .test_ov_strlen_done
  1258 0000115F 48FFC1                      inc rcx
  1259 00001162 48FFC6                      inc rsi
  1260 00001165 EBF3                        jmp .test_ov_strlen
  1261                                  .test_ov_strlen_done:
  1262 00001167 4889C8                      mov rax, rcx
  1263 0000116A 488D3C25[50D00100]          lea rdi, [show_num_buf]
  1264 00001172 E869480000                  call int_to_str
  1265 00001177 48BE-                       mov rsi, show_num_buf
  1265 00001179 [50D0010000000000] 
  1266 00001181 E89B520000                  call print_string
  1267 00001186 48BE-                       mov rsi, msg_mkfl_test_suffix
  1267 00001188 [8BDF000000000000] 
  1268 00001190 E88C520000                  call print_string
  1269 00001195 EB30                        jmp .mkfl_done
  1270                                  
  1271                                  .test_blocked_no_force:
  1272                                      ; file exists, -test given, no -force: a real run would refuse - say so
  1273 00001197 48BE-                       mov rsi, msg_mkfl_test_blocked1
  1273 00001199 [B1DF000000000000] 
  1274 000011A1 B00C                        mov al, ATTR_ERROR
  1275 000011A3 E888520000                  call print_string_attr
  1276 000011A8 48BE-                       mov rsi, arg1_buf
  1276 000011AA [B8BA010000000000] 
  1277 000011B2 E86A520000                  call print_string
  1278 000011B7 48BE-                       mov rsi, msg_mkfl_test_blocked2
  1278 000011B9 [C0DF000000000000] 
  1279 000011C1 E85B520000                  call print_string
  1280 000011C6 C3                          ret
  1281                                  
  1282                                  .mkfl_done:
  1283 000011C7 C3                          ret
  1284                                  
  1285                                  ; ------------------------------------------------------------
  1286                                  cmd_show:
  1287 000011C8 48BE-                       mov rsi, arg1_buf
  1287 000011CA [B8BA010000000000] 
  1288 000011D2 E82D470000                  call var_get
  1289 000011D7 80F901                      cmp cl, 1
  1290 000011DA 7426                        je .show_var
  1291 000011DC 48BE-                       mov rsi, arg1_buf
  1291 000011DE [B8BA010000000000] 
  1292 000011E6 8A0425[D46D0000]            mov al, [cur_normal_attr]
  1293 000011ED E83E520000                  call print_string_attr
  1294 000011F2 48BE-                       mov rsi, newline_str
  1294 000011F4 [7ACE000000000000] 
  1295 000011FC E820520000                  call print_string
  1296 00001201 C3                          ret
  1297                                  .show_var:
  1298 00001202 488D3C25[50D00100]          lea rdi, [show_num_buf]
  1299 0000120A E8D1470000                  call int_to_str
  1300 0000120F 48BE-                       mov rsi, show_num_buf
  1300 00001211 [50D0010000000000] 
  1301 00001219 8A0425[D46D0000]            mov al, [cur_normal_attr]
  1302 00001220 E80B520000                  call print_string_attr
  1303 00001225 48BE-                       mov rsi, newline_str
  1303 00001227 [7ACE000000000000] 
  1304 0000122F E8ED510000                  call print_string
  1305 00001234 C3                          ret
  1306                                  
  1307                                  ; ------------------------------------------------------------
  1308                                  ; cmd_assign: reached when arg1_buf == "=" ; cmd_buf is the variable
  1309                                  ; name, arg2_buf is either a decimal literal or another variable's name.
  1310                                  cmd_assign:
  1311 00001235 48BE-                       mov rsi, arg2_buf
  1311 00001237 [18BB010000000000] 
  1312 0000123F E837470000                  call parse_int
  1313 00001244 80F901                      cmp cl, 1
  1314 00001247 7426                        je .ca_haveval
  1315 00001249 48BE-                       mov rsi, arg2_buf
  1315 0000124B [18BB010000000000] 
  1316 00001253 E8AC460000                  call var_get
  1317 00001258 80F901                      cmp cl, 1
  1318 0000125B 7412                        je .ca_haveval
  1319 0000125D 48BE-                       mov rsi, msg_bad_value
  1319 0000125F [F3DB000000000000] 
  1320 00001267 B00C                        mov al, ATTR_ERROR
  1321 00001269 E8C2510000                  call print_string_attr
  1322 0000126E C3                          ret
  1323                                  .ca_haveval:
  1324 0000126F 4889C3                      mov rbx, rax
  1325 00001272 48BE-                       mov rsi, cmd_buf
  1325 00001274 [98BA010000000000] 
  1326 0000127C E8A4460000                  call var_set
  1327 00001281 C3                          ret
  1328                                  
  1329                                  ; ------------------------------------------------------------
  1330                                  ; cmd_calc: re-scans the raw line_buf (untouched by tokenizing) to get
  1331                                  ; the full expression after the leading "calc" word, so expressions of
  1332                                  ; any length/operator-count are supported (not just 2 args).
  1333                                  cmd_calc:
  1334 00001282 48BE-                       mov rsi, line_buf
  1334 00001284 [E0B8010000000000] 
  1335                                  .cc_skipcmd:
  1336 0000128C 8A06                        mov al, [rsi]
  1337 0000128E 3C00                        cmp al, 0
  1338 00001290 7468                        je .cc_noexpr
  1339 00001292 3C20                        cmp al, ' '
  1340 00001294 7405                        je .cc_skipspaces
  1341 00001296 48FFC6                      inc rsi
  1342 00001299 EBF1                        jmp .cc_skipcmd
  1343                                  .cc_skipspaces:
  1344 0000129B 8A06                        mov al, [rsi]
  1345 0000129D 3C20                        cmp al, ' '
  1346 0000129F 7505                        jne .cc_haveexpr
  1347 000012A1 48FFC6                      inc rsi
  1348 000012A4 EBF5                        jmp .cc_skipspaces
  1349                                  .cc_haveexpr:
  1350 000012A6 803E00                      cmp byte [rsi], 0
  1351 000012A9 744F                        je .cc_noexpr
  1352 000012AB E80C480000                  call eval_expr
  1353 000012B0 80F901                      cmp cl, 1
  1354 000012B3 7533                        jne .cc_bad
  1355 000012B5 488D3C25[38D00100]          lea rdi, [calc_out_buf]
  1356 000012BD E81E470000                  call int_to_str
  1357 000012C2 48BE-                       mov rsi, calc_out_buf
  1357 000012C4 [38D0010000000000] 
  1358 000012CC 8A0425[D46D0000]            mov al, [cur_normal_attr]
  1359 000012D3 E858510000                  call print_string_attr
  1360 000012D8 48BE-                       mov rsi, newline_str
  1360 000012DA [7ACE000000000000] 
  1361 000012E2 E83A510000                  call print_string
  1362 000012E7 C3                          ret
  1363                                  .cc_bad:
  1364 000012E8 48BE-                       mov rsi, msg_calc_err
  1364 000012EA [09DC000000000000] 
  1365 000012F2 B00C                        mov al, ATTR_ERROR
  1366 000012F4 E837510000                  call print_string_attr
  1367 000012F9 C3                          ret
  1368                                  .cc_noexpr:
  1369 000012FA 48BE-                       mov rsi, msg_calc_need_expr
  1369 000012FC [23DC000000000000] 
  1370 00001304 B00C                        mov al, ATTR_ERROR
  1371 00001306 E825510000                  call print_string_attr
  1372 0000130B C3                          ret
  1373                                  
  1374                                  ; ------------------------------------------------------------
  1375                                  ; cmd_edit: opens the built-in editor on an existing file. Types over
  1376                                  ; a copy of the file's content (backspace erases, Enter adds a newline),
  1377                                  ; ESC ends editing and asks whether to save (y) or discard (n).
  1378                                  cmd_edit:
  1379 0000130C 803C25[B8BA0100]00          cmp byte [arg1_buf], 0
  1380 00001314 7512                        jne .ce_have_arg
  1381 00001316 48BE-                       mov rsi, msg_need_name
  1381 00001318 [34D5000000000000] 
  1382 00001320 B00C                        mov al, ATTR_ERROR
  1383 00001322 E809510000                  call print_string_attr
  1384 00001327 C3                          ret
  1385                                  .ce_have_arg:
  1386 00001328 488B0425[CB6D0000]          mov rax, [cur_dir]
  1387 00001330 48BE-                       mov rsi, arg1_buf
  1387 00001332 [B8BA010000000000] 
  1388 0000133A 41BA02000000                mov r10, 2
  1389 00001340 E8B5330000                  call fs_find_child
  1390 00001345 4883F8FF                    cmp rax, -1
  1391 00001349 0F847D010000                je .ce_not_found
  1392 0000134F 4157                        push r15
  1393 00001351 4989C7                      mov r15, rax
  1394                                  
  1395 00001354 488D3C25[40D30100]          lea rdi, [fs_io_buf]
  1396 0000135C E85B350000                  call fs_read_file
  1397                                  
  1398 00001361 E84C500000                  call clear_screen
  1399 00001366 48BE-                       mov rsi, msg_edit_header1
  1399 00001368 [D4DC000000000000] 
  1400 00001370 B00E                        mov al, ATTR_PROMPT
  1401 00001372 E8B9500000                  call print_string_attr
  1402 00001377 48BE-                       mov rsi, arg1_buf
  1402 00001379 [B8BA010000000000] 
  1403 00001381 B00E                        mov al, ATTR_PROMPT
  1404 00001383 E8A8500000                  call print_string_attr
  1405 00001388 48BE-                       mov rsi, msg_edit_header2
  1405 0000138A [E0DC000000000000] 
  1406 00001392 B00E                        mov al, ATTR_PROMPT
  1407 00001394 E897500000                  call print_string_attr
  1408                                  
  1409 00001399 488D3425[40D30100]          lea rsi, [fs_io_buf]
  1410 000013A1 8A0425[D46D0000]            mov al, [cur_normal_attr]
  1411 000013A8 E883500000                  call print_string_attr
  1412                                  
  1413 000013AD 488D3425[40D30100]          lea rsi, [fs_io_buf]
  1414 000013B5 E8F2440000                  call str_len
  1415 000013BA 4156                        push r14
  1416 000013BC 4989C6                      mov r14, rax
  1417                                  .ce_loop:
  1418 000013BF E81C520000                  call get_char
  1419 000013C4 3C1B                        cmp al, 27
  1420 000013C6 0F8488000000                je .ce_finish
  1421 000013CC 3C0D                        cmp al, 0x0D
  1422 000013CE 7439                        je .ce_newline
  1423 000013D0 3C08                        cmp al, 8
  1424 000013D2 7460                        je .ce_bksp
  1425 000013D4 3C11                        cmp al, KEY_UP
  1426 000013D6 74E7                        je .ce_loop                  ; no history/scrollback editing here, ignore
  1427 000013D8 3C12                        cmp al, KEY_DOWN
  1428 000013DA 74E3                        je .ce_loop
  1429 000013DC 4981FEFF270000              cmp r14, EDIT_MAX-1
  1430 000013E3 73DA                        jae .ce_loop
  1431 000013E5 488D3C25[40D30100]          lea rdi, [fs_io_buf]
  1432 000013ED 42880437                    mov [rdi + r14], al
  1433 000013F1 49FFC6                      inc r14
  1434 000013F4 42C6043700                  mov byte [rdi + r14], 0
  1435 000013F9 53                          push rbx
  1436 000013FA 8A1C25[D46D0000]            mov bl, [cur_normal_attr]
  1437 00001401 E845500000                  call putchar
  1438 00001406 5B                          pop rbx
  1439 00001407 EBB6                        jmp .ce_loop
  1440                                  .ce_newline:
  1441 00001409 4981FEFF270000              cmp r14, EDIT_MAX-1
  1442 00001410 73AD                        jae .ce_loop
  1443 00001412 488D3C25[40D30100]          lea rdi, [fs_io_buf]
  1444 0000141A 42C604370A                  mov byte [rdi + r14], 10
  1445 0000141F 49FFC6                      inc r14
  1446 00001422 42C6043700                  mov byte [rdi + r14], 0
  1447 00001427 B00A                        mov al, 0x0A
  1448 00001429 53                          push rbx
  1449 0000142A 30DB                        xor bl, bl
  1450 0000142C E81A500000                  call putchar
  1451 00001431 5B                          pop rbx
  1452 00001432 EB8B                        jmp .ce_loop
  1453                                  .ce_bksp:
  1454 00001434 4983FE00                    cmp r14, 0
  1455 00001438 7485                        je .ce_loop
  1456 0000143A 49FFCE                      dec r14
  1457 0000143D 488D3C25[40D30100]          lea rdi, [fs_io_buf]
  1458 00001445 42C6043700                  mov byte [rdi + r14], 0
  1459 0000144A E807590000                  call do_backspace
  1460 0000144F E96BFFFFFF                  jmp .ce_loop
  1461                                  .ce_finish:
  1462 00001454 48BE-                       mov rsi, msg_save_prompt
  1462 00001456 [09DD000000000000] 
  1463 0000145E B00E                        mov al, ATTR_PROMPT
  1464 00001460 E8CB4F0000                  call print_string_attr
  1465                                  .ce_wait_key:
  1466 00001465 E876510000                  call get_char
  1467 0000146A 3C79                        cmp al, 'y'
  1468 0000146C 740E                        je .ce_save
  1469 0000146E 3C59                        cmp al, 'Y'
  1470 00001470 740A                        je .ce_save
  1471 00001472 3C6E                        cmp al, 'n'
  1472 00001474 7436                        je .ce_discard
  1473 00001476 3C4E                        cmp al, 'N'
  1474 00001478 7432                        je .ce_discard
  1475 0000147A EBE9                        jmp .ce_wait_key
  1476                                  .ce_save:
  1477 0000147C 4C89F8                      mov rax, r15
  1478 0000147F 488D3425[40D30100]          lea rsi, [fs_io_buf]
  1479 00001487 E866340000                  call fs_write_file
  1480 0000148C E8214F0000                  call clear_screen
  1481 00001491 48BE-                       mov rsi, msg_saved
  1481 00001493 [20DD000000000000] 
  1482 0000149B 8A0425[D46D0000]            mov al, [cur_normal_attr]
  1483 000014A2 E8894F0000                  call print_string_attr
  1484 000014A7 415E                        pop r14
  1485 000014A9 415F                        pop r15
  1486 000014AB C3                          ret
  1487                                  .ce_discard:
  1488 000014AC E8014F0000                  call clear_screen
  1489 000014B1 48BE-                       mov rsi, msg_discarded
  1489 000014B3 [29DD000000000000] 
  1490 000014BB 8A0425[D46D0000]            mov al, [cur_normal_attr]
  1491 000014C2 E8694F0000                  call print_string_attr
  1492 000014C7 415E                        pop r14
  1493 000014C9 415F                        pop r15
  1494 000014CB C3                          ret
  1495                                  .ce_not_found:
  1496 000014CC 48BE-                       mov rsi, msg_no_file
  1496 000014CE [EED4000000000000] 
  1497 000014D6 B00C                        mov al, ATTR_ERROR
  1498 000014D8 E8534F0000                  call print_string_attr
  1499 000014DD 48BE-                       mov rsi, arg1_buf
  1499 000014DF [B8BA010000000000] 
  1500 000014E7 E8354F0000                  call print_string
  1501 000014EC 48BE-                       mov rsi, newline_str
  1501 000014EE [7ACE000000000000] 
  1502 000014F6 E8264F0000                  call print_string
  1503 000014FB C3                          ret
  1504                                  
  1505                                  ; ------------------------------------------------------------
  1506                                  cmd_pwd:
  1507 000014FC E8A64D0000                  call print_path
  1508 00001501 48BE-                       mov rsi, newline_str
  1508 00001503 [7ACE000000000000] 
  1509 0000150B E8114F0000                  call print_string
  1510 00001510 C3                          ret
  1511                                  
  1512                                  ; ------------------------------------------------------------
  1513                                  cmd_ls:
  1514 00001511 4D31C9                      xor r9, r9                  ; index
  1515 00001514 4D31E4                      xor r12, r12                ; found-any flag
  1516                                  .loop:
  1517 00001517 4981F9C0000000              cmp r9, MAX_NODES
  1518 0000151E 7371                        jae .done
  1519 00001520 4180B9[E0050100]00          cmp byte [node_type + r9], 0
  1520 00001528 7462                        je .next
  1521 0000152A 4180B9[E0050100]03          cmp byte [node_type + r9], NODE_TYPE_CHAIN
  1522 00001532 7458                        je .next
  1523 00001534 4B0FB78409-                 movzx rax, word [node_parent + r9*2]
  1523 00001539 [E00B0100]         
  1524 0000153D 483B0425[CB6D0000]          cmp rax, [cur_dir]
  1525 00001545 7545                        jne .next
  1526 00001547 41BC01000000                mov r12, 1
  1527 0000154D 4C89CF                      mov rdi, r9
  1528 00001550 486BFF20                    imul rdi, NAME_LEN
  1529 00001554 488DB7[600D0100]            lea rsi, [node_name + rdi]
  1530 0000155B 8A0425[D46D0000]            mov al, [cur_normal_attr]
  1531 00001562 E8C94E0000                  call print_string_attr
  1532 00001567 4180B9[E0050100]01          cmp byte [node_type + r9], 1
  1533 0000156F 750C                        jne .isfile
  1534 00001571 48BE-                       mov rsi, tag_folder
  1534 00001573 [8CD4000000000000] 
  1535 0000157B EB0A                        jmp .printtag
  1536                                  .isfile:
  1537 0000157D 48BE-                       mov rsi, tag_file
  1537 0000157F [8FD4000000000000] 
  1538                                  .printtag:
  1539 00001587 E8954E0000                  call print_string
  1540                                  .next:
  1541 0000158C 49FFC1                      inc r9
  1542 0000158F EB86                        jmp .loop
  1543                                  .done:
  1544 00001591 4983FC00                    cmp r12, 0
  1545 00001595 750F                        jne .ret
  1546 00001597 48BE-                       mov rsi, msg_empty
  1546 00001599 [0ED6000000000000] 
  1547 000015A1 E87B4E0000                  call print_string
  1548                                  .ret:
  1549 000015A6 C3                          ret
  1550                                  
  1551                                  ; ------------------------------------------------------------
  1552                                  cmd_cat:
  1553 000015A7 803C25[B8BA0100]00          cmp byte [arg1_buf], 0
  1554 000015AF 7501                        jne .have_arg
  1555 000015B1 C3                          ret
  1556                                  .have_arg:
  1557 000015B2 488B0425[CB6D0000]          mov rax, [cur_dir]
  1558 000015BA 48BE-                       mov rsi, arg1_buf
  1558 000015BC [B8BA010000000000] 
  1559 000015C4 48BF-                       mov rdi, leaf1_buf
  1559 000015C6 [60B8010000000000] 
  1560 000015CE E880350000                  call fs_resolve_path
  1561 000015D3 4883F8FF                    cmp rax, -1
  1562 000015D7 7452                        je .not_found
  1563 000015D9 4989C3                      mov r11, rax
  1564 000015DC 4C89D8                      mov rax, r11
  1565 000015DF 48BE-                       mov rsi, leaf1_buf
  1565 000015E1 [60B8010000000000] 
  1566 000015E9 41BA02000000                mov r10, 2
  1567 000015EF E806310000                  call fs_find_child
  1568 000015F4 4883F8FF                    cmp rax, -1
  1569 000015F8 7431                        je .not_found
  1570 000015FA 488D3C25[40D30100]          lea rdi, [fs_io_buf]
  1571 00001602 E8B5320000                  call fs_read_file
  1572 00001607 488D3425[40D30100]          lea rsi, [fs_io_buf]
  1573 0000160F 8A0425[D46D0000]            mov al, [cur_normal_attr]
  1574 00001616 E8154E0000                  call print_string_attr
  1575 0000161B 48BE-                       mov rsi, newline_str
  1575 0000161D [7ACE000000000000] 
  1576 00001625 E8F74D0000                  call print_string
  1577 0000162A C3                          ret
  1578                                  .not_found:
  1579 0000162B 48BE-                       mov rsi, msg_no_file
  1579 0000162D [EED4000000000000] 
  1580 00001635 B00C                        mov al, ATTR_ERROR
  1581 00001637 E8F44D0000                  call print_string_attr
  1582 0000163C 48BE-                       mov rsi, arg1_buf
  1582 0000163E [B8BA010000000000] 
  1583 00001646 E8D64D0000                  call print_string
  1584 0000164B 48BE-                       mov rsi, newline_str
  1584 0000164D [7ACE000000000000] 
  1585 00001655 E8C74D0000                  call print_string
  1586 0000165A C3                          ret
  1587                                  
  1588                                  ; ------------------------------------------------------------
  1589                                  cmd_clear:
  1590 0000165B E8524D0000                  call clear_screen
  1591 00001660 C3                          ret
  1592                                  
  1593                                  ; ------------------------------------------------------------
  1594                                  ; cmd_help: with no argument, prints the full command list as before.
  1595                                  ; With an argument ("help <command>"), prints just that command's
  1596                                  ; detailed help text instead (see help_lookup/help_* strings below).
  1597                                  cmd_help:
  1598 00001661 803C25[B8BA0100]00          cmp byte [arg1_buf], 0
  1599 00001669 7517                        jne help_lookup
  1600 0000166B 48BE-                       mov rsi, help_text
  1600 0000166D [F9DF000000000000] 
  1601 00001675 8A0425[D46D0000]            mov al, [cur_normal_attr]
  1602 0000167C E8AF4D0000                  call print_string_attr
  1603 00001681 C3                          ret
  1604                                  
  1605                                  ; help_lookup: arg1_buf holds the command name (or symbol - ";", "~",
  1606                                  ; "$" need to be quoted on the command line, e.g. help ";", since
  1607                                  ; unquoted they'd be parsed as chaining/piping/comment syntax first).
  1608                                  help_lookup:
  1609 00001682 48BE-                       mov rsi, arg1_buf
  1609 00001684 [B8BA010000000000] 
  1610 0000168C 48BF-                       mov rdi, str_cf
  1610 0000168E [89CE000000000000] 
  1611 00001696 E8F74C0000                  call str_eq
  1612 0000169B 3C01                        cmp al, 1
  1613 0000169D 0F841A050000                je .h_cf
  1614                                  
  1615 000016A3 48BE-                       mov rsi, arg1_buf
  1615 000016A5 [B8BA010000000000] 
  1616 000016AD 48BF-                       mov rdi, str_mkf
  1616 000016AF [8CCE000000000000] 
  1617 000016B7 E8D64C0000                  call str_eq
  1618 000016BC 3C01                        cmp al, 1
  1619 000016BE 0F8408050000                je .h_mkf
  1620                                  
  1621 000016C4 48BE-                       mov rsi, arg1_buf
  1621 000016C6 [B8BA010000000000] 
  1622 000016CE 48BF-                       mov rdi, str_mkfl
  1622 000016D0 [90CE000000000000] 
  1623 000016D8 E8B54C0000                  call str_eq
  1624 000016DD 3C01                        cmp al, 1
  1625 000016DF 0F84F6040000                je .h_mkfl
  1626                                  
  1627 000016E5 48BE-                       mov rsi, arg1_buf
  1627 000016E7 [B8BA010000000000] 
  1628 000016EF 48BF-                       mov rdi, str_show
  1628 000016F1 [95CE000000000000] 
  1629 000016F9 E8944C0000                  call str_eq
  1630 000016FE 3C01                        cmp al, 1
  1631 00001700 0F84E4040000                je .h_show
  1632                                  
  1633 00001706 48BE-                       mov rsi, arg1_buf
  1633 00001708 [B8BA010000000000] 
  1634 00001710 48BF-                       mov rdi, str_ls
  1634 00001712 [9ACE000000000000] 
  1635 0000171A E8734C0000                  call str_eq
  1636 0000171F 3C01                        cmp al, 1
  1637 00001721 0F84D2040000                je .h_ls
  1638                                  
  1639 00001727 48BE-                       mov rsi, arg1_buf
  1639 00001729 [B8BA010000000000] 
  1640 00001731 48BF-                       mov rdi, str_cat
  1640 00001733 [9FCE000000000000] 
  1641 0000173B E8524C0000                  call str_eq
  1642 00001740 3C01                        cmp al, 1
  1643 00001742 0F84C0040000                je .h_cat
  1644                                  
  1645 00001748 48BE-                       mov rsi, arg1_buf
  1645 0000174A [B8BA010000000000] 
  1646 00001752 48BF-                       mov rdi, str_edit
  1646 00001754 [C6CE000000000000] 
  1647 0000175C E8314C0000                  call str_eq
  1648 00001761 3C01                        cmp al, 1
  1649 00001763 0F84AE040000                je .h_edit
  1650                                  
  1651 00001769 48BE-                       mov rsi, arg1_buf
  1651 0000176B [B8BA010000000000] 
  1652 00001773 48BF-                       mov rdi, str_del
  1652 00001775 [CBCE000000000000] 
  1653 0000177D E8104C0000                  call str_eq
  1654 00001782 3C01                        cmp al, 1
  1655 00001784 0F849C040000                je .h_del
  1656                                  
  1657 0000178A 48BE-                       mov rsi, arg1_buf
  1657 0000178C [B8BA010000000000] 
  1658 00001794 48BF-                       mov rdi, str_rname
  1658 00001796 [F5CE000000000000] 
  1659 0000179E E8EF4B0000                  call str_eq
  1660 000017A3 3C01                        cmp al, 1
  1661 000017A5 0F848A040000                je .h_rname
  1662                                  
  1663 000017AB 48BE-                       mov rsi, arg1_buf
  1663 000017AD [B8BA010000000000] 
  1664 000017B5 48BF-                       mov rdi, str_cpy
  1664 000017B7 [FBCE000000000000] 
  1665 000017BF E8CE4B0000                  call str_eq
  1666 000017C4 3C01                        cmp al, 1
  1667 000017C6 0F8478040000                je .h_cpy
  1668                                  
  1669 000017CC 48BE-                       mov rsi, arg1_buf
  1669 000017CE [B8BA010000000000] 
  1670 000017D6 48BF-                       mov rdi, str_mov
  1670 000017D8 [FFCE000000000000] 
  1671 000017E0 E8AD4B0000                  call str_eq
  1672 000017E5 3C01                        cmp al, 1
  1673 000017E7 0F8466040000                je .h_mov
  1674                                  
  1675 000017ED 48BE-                       mov rsi, arg1_buf
  1675 000017EF [B8BA010000000000] 
  1676 000017F7 48BF-                       mov rdi, str_eq_sign
  1676 000017F9 [03CF000000000000] 
  1677 00001801 E88C4B0000                  call str_eq
  1678 00001806 3C01                        cmp al, 1
  1679 00001808 0F8454040000                je .h_assign
  1680                                  
  1681 0000180E 48BE-                       mov rsi, arg1_buf
  1681 00001810 [B8BA010000000000] 
  1682 00001818 48BF-                       mov rdi, str_rmv
  1682 0000181A [CFCE000000000000] 
  1683 00001822 E86B4B0000                  call str_eq
  1684 00001827 3C01                        cmp al, 1
  1685 00001829 0F8442040000                je .h_rmv
  1686                                  
  1687 0000182F 48BE-                       mov rsi, arg1_buf
  1687 00001831 [B8BA010000000000] 
  1688 00001839 48BF-                       mov rdi, str_vars
  1688 0000183B [0FCF000000000000] 
  1689 00001843 E84A4B0000                  call str_eq
  1690 00001848 3C01                        cmp al, 1
  1691 0000184A 0F8430040000                je .h_vars
  1692                                  
  1693 00001850 48BE-                       mov rsi, arg1_buf
  1693 00001852 [B8BA010000000000] 
  1694 0000185A 48BF-                       mov rdi, str_ali
  1694 0000185C [14CF000000000000] 
  1695 00001864 E8294B0000                  call str_eq
  1696 00001869 3C01                        cmp al, 1
  1697 0000186B 0F841E040000                je .h_ali
  1698                                  
  1699 00001871 48BE-                       mov rsi, arg1_buf
  1699 00001873 [B8BA010000000000] 
  1700 0000187B 48BF-                       mov rdi, str_alis
  1700 0000187D [18CF000000000000] 
  1701 00001885 E8084B0000                  call str_eq
  1702 0000188A 3C01                        cmp al, 1
  1703 0000188C 0F840C040000                je .h_alis
  1704                                  
  1705 00001892 48BE-                       mov rsi, arg1_buf
  1705 00001894 [B8BA010000000000] 
  1706 0000189C 48BF-                       mov rdi, str_calc
  1706 0000189E [C1CE000000000000] 
  1707 000018A6 E8E74A0000                  call str_eq
  1708 000018AB 3C01                        cmp al, 1
  1709 000018AD 0F84FA030000                je .h_calc
  1710                                  
  1711 000018B3 48BE-                       mov rsi, arg1_buf
  1711 000018B5 [B8BA010000000000] 
  1712 000018BD 48BF-                       mov rdi, str_rr
  1712 000018BF [D9CE000000000000] 
  1713 000018C7 E8C64A0000                  call str_eq
  1714 000018CC 3C01                        cmp al, 1
  1715 000018CE 0F84E8030000                je .h_rr
  1716                                  
  1717 000018D4 48BE-                       mov rsi, arg1_buf
  1717 000018D6 [B8BA010000000000] 
  1718 000018DE 48BF-                       mov rdi, str_prs
  1718 000018E0 [DCCE000000000000] 
  1719 000018E8 E8A54A0000                  call str_eq
  1720 000018ED 3C01                        cmp al, 1
  1721 000018EF 0F84D6030000                je .h_prs
  1722                                  
  1723 000018F5 48BE-                       mov rsi, arg1_buf
  1723 000018F7 [B8BA010000000000] 
  1724 000018FF 48BF-                       mov rdi, str_auth
  1724 00001901 [0ACF000000000000] 
  1725 00001909 E8844A0000                  call str_eq
  1726 0000190E 3C01                        cmp al, 1
  1727 00001910 0F84C4030000                je .h_auth
  1728                                  
  1729 00001916 48BE-                       mov rsi, arg1_buf
  1729 00001918 [B8BA010000000000] 
  1730 00001920 48BF-                       mov rdi, str_pwd
  1730 00001922 [A4CE000000000000] 
  1731 0000192A E8634A0000                  call str_eq
  1732 0000192F 3C01                        cmp al, 1
  1733 00001931 0F84B2030000                je .h_pwd
  1734                                  
  1735 00001937 48BE-                       mov rsi, arg1_buf
  1735 00001939 [B8BA010000000000] 
  1736 00001941 48BF-                       mov rdi, str_clear
  1736 00001943 [ACCE000000000000] 
  1737 0000194B E8424A0000                  call str_eq
  1738 00001950 3C01                        cmp al, 1
  1739 00001952 0F84A0030000                je .h_clear
  1740                                  
  1741 00001958 48BE-                       mov rsi, arg1_buf
  1741 0000195A [B8BA010000000000] 
  1742 00001962 48BF-                       mov rdi, str_help
  1742 00001964 [B1CE000000000000] 
  1743 0000196C E8214A0000                  call str_eq
  1744 00001971 3C01                        cmp al, 1
  1745 00001973 0F848E030000                je .h_help
  1746                                  
  1747 00001979 48BE-                       mov rsi, arg1_buf
  1747 0000197B [B8BA010000000000] 
  1748 00001983 48BF-                       mov rdi, str_dscan
  1748 00001985 [80D2000000000000] 
  1749 0000198D E8004A0000                  call str_eq
  1750 00001992 3C01                        cmp al, 1
  1751 00001994 0F847C030000                je .h_dscan
  1752                                  
  1753 0000199A 48BE-                       mov rsi, arg1_buf
  1753 0000199C [B8BA010000000000] 
  1754 000019A4 48BF-                       mov rdi, str_format
  1754 000019A6 [86D2000000000000] 
  1755 000019AE E8DF490000                  call str_eq
  1756 000019B3 3C01                        cmp al, 1
  1757 000019B5 0F846A030000                je .h_fmt
  1758                                  
  1759 000019BB 48BE-                       mov rsi, arg1_buf
  1759 000019BD [B8BA010000000000] 
  1760 000019C5 48BF-                       mov rdi, str_mount
  1760 000019C7 [8AD2000000000000] 
  1761 000019CF E8BE490000                  call str_eq
  1762 000019D4 3C01                        cmp al, 1
  1763 000019D6 0F8458030000                je .h_mount
  1764                                  
  1765 000019DC 48BE-                       mov rsi, arg1_buf
  1765 000019DE [B8BA010000000000] 
  1766 000019E6 48BF-                       mov rdi, str_unmount
  1766 000019E8 [90D2000000000000] 
  1767 000019F0 E89D490000                  call str_eq
  1768 000019F5 3C01                        cmp al, 1
  1769 000019F7 0F8446030000                je .h_unmount
  1770                                  
  1771 000019FD 48BE-                       mov rsi, arg1_buf
  1771 000019FF [B8BA010000000000] 
  1772 00001A07 48BF-                       mov rdi, str_label
  1772 00001A09 [98D2000000000000] 
  1773 00001A11 E87C490000                  call str_eq
  1774 00001A16 3C01                        cmp al, 1
  1775 00001A18 0F8434030000                je .h_label
  1776                                  
  1777 00001A1E 48BE-                       mov rsi, arg1_buf
  1777 00001A20 [B8BA010000000000] 
  1778 00001A28 48BF-                       mov rdi, str_sync
  1778 00001A2A [BCCE000000000000] 
  1779 00001A32 E85B490000                  call str_eq
  1780 00001A37 3C01                        cmp al, 1
  1781 00001A39 0F8422030000                je .h_sync
  1782                                  
  1783 00001A3F 48BE-                       mov rsi, arg1_buf
  1783 00001A41 [B8BA010000000000] 
  1784 00001A49 48BF-                       mov rdi, str_reboot
  1784 00001A4B [B6CE000000000000] 
  1785 00001A53 E83A490000                  call str_eq
  1786 00001A58 3C01                        cmp al, 1
  1787 00001A5A 0F840D030000                je .h_rboot
  1788                                  
  1789 00001A60 48BE-                       mov rsi, arg1_buf
  1789 00001A62 [B8BA010000000000] 
  1790 00001A6A 48BF-                       mov rdi, str_sdown
  1790 00001A6C [D3CE000000000000] 
  1791 00001A74 E819490000                  call str_eq
  1792 00001A79 3C01                        cmp al, 1
  1793 00001A7B 0F84F8020000                je .h_sdown
  1794                                  
  1795 00001A81 48BE-                       mov rsi, arg1_buf
  1795 00001A83 [B8BA010000000000] 
  1796 00001A8B 48BF-                       mov rdi, str_semicolon
  1796 00001A8D [9ED2000000000000] 
  1797 00001A95 E8F8480000                  call str_eq
  1798 00001A9A 3C01                        cmp al, 1
  1799 00001A9C 0F84E3020000                je .h_semicolon
  1800                                  
  1801 00001AA2 48BE-                       mov rsi, arg1_buf
  1801 00001AA4 [B8BA010000000000] 
  1802 00001AAC 48BF-                       mov rdi, str_tilde
  1802 00001AAE [A0D2000000000000] 
  1803 00001AB6 E8D7480000                  call str_eq
  1804 00001ABB 3C01                        cmp al, 1
  1805 00001ABD 0F84CE020000                je .h_tilde
  1806                                  
  1807 00001AC3 48BE-                       mov rsi, arg1_buf
  1807 00001AC5 [B8BA010000000000] 
  1808 00001ACD 48BF-                       mov rdi, str_dollar
  1808 00001ACF [A2D2000000000000] 
  1809 00001AD7 E8B6480000                  call str_eq
  1810 00001ADC 3C01                        cmp al, 1
  1811 00001ADE 0F84B9020000                je .h_dollar
  1812                                  
  1813 00001AE4 48BE-                       mov rsi, arg1_buf
  1813 00001AE6 [B8BA010000000000] 
  1814 00001AEE 48BF-                       mov rdi, str_date
  1814 00001AF0 [23CF000000000000] 
  1815 00001AF8 E895480000                  call str_eq
  1816 00001AFD 3C01                        cmp al, 1
  1817 00001AFF 0F84A2020000                je .h_date
  1818                                  
  1819 00001B05 48BE-                       mov rsi, arg1_buf
  1819 00001B07 [B8BA010000000000] 
  1820 00001B0F 48BF-                       mov rdi, str_time
  1820 00001B11 [28CF000000000000] 
  1821 00001B19 E874480000                  call str_eq
  1822 00001B1E 3C01                        cmp al, 1
  1823 00001B20 0F848D020000                je .h_time
  1824                                  
  1825 00001B26 48BE-                       mov rsi, arg1_buf
  1825 00001B28 [B8BA010000000000] 
  1826 00001B30 48BF-                       mov rdi, str_write
  1826 00001B32 [2DCF000000000000] 
  1827 00001B3A E853480000                  call str_eq
  1828 00001B3F 3C01                        cmp al, 1
  1829 00001B41 0F8478020000                je .h_write
  1830                                  
  1831 00001B47 48BE-                       mov rsi, arg1_buf
  1831 00001B49 [B8BA010000000000] 
  1832 00001B51 48BF-                       mov rdi, str_wig
  1832 00001B53 [33CF000000000000] 
  1833 00001B5B E832480000                  call str_eq
  1834 00001B60 3C01                        cmp al, 1
  1835 00001B62 0F8463020000                je .h_wig
  1836                                  
  1837 00001B68 48BE-                       mov rsi, arg1_buf
  1837 00001B6A [B8BA010000000000] 
  1838 00001B72 48BF-                       mov rdi, str_shelly
  1838 00001B74 [37CF000000000000] 
  1839 00001B7C E811480000                  call str_eq
  1840 00001B81 3C01                        cmp al, 1
  1841 00001B83 0F844E020000                je .h_shelly
  1842                                  
  1843                                      ; unknown command name
  1844 00001B89 48BE-                       mov rsi, msg_help_unknown1
  1844 00001B8B [C6EA000000000000] 
  1845 00001B93 B00C                        mov al, ATTR_ERROR
  1846 00001B95 E896480000                  call print_string_attr
  1847 00001B9A 48BE-                       mov rsi, arg1_buf
  1847 00001B9C [B8BA010000000000] 
  1848 00001BA4 B00C                        mov al, ATTR_ERROR
  1849 00001BA6 E885480000                  call print_string_attr
  1850 00001BAB 48BE-                       mov rsi, msg_help_unknown2
  1850 00001BAD [DEEA000000000000] 
  1851 00001BB5 B00C                        mov al, ATTR_ERROR
  1852 00001BB7 E874480000                  call print_string_attr
  1853 00001BBC C3                          ret
  1854                                  
  1855                                  .h_cf:
  1856 00001BBD 48BE-                       mov rsi, help_cf
  1856 00001BBF [E1EA000000000000] 
  1857 00001BC7 E917020000                  jmp .h_print
  1858                                  .h_mkf:
  1859 00001BCC 48BE-                       mov rsi, help_mkf
  1859 00001BCE [8BEB000000000000] 
  1860 00001BD6 E908020000                  jmp .h_print
  1861                                  .h_mkfl:
  1862 00001BDB 48BE-                       mov rsi, help_mkfl
  1862 00001BDD [E4EB000000000000] 
  1863 00001BE5 E9F9010000                  jmp .h_print
  1864                                  .h_show:
  1865 00001BEA 48BE-                       mov rsi, help_show
  1865 00001BEC [62ED000000000000] 
  1866 00001BF4 E9EA010000                  jmp .h_print
  1867                                  .h_ls:
  1868 00001BF9 48BE-                       mov rsi, help_ls
  1868 00001BFB [E3ED000000000000] 
  1869 00001C03 E9DB010000                  jmp .h_print
  1870                                  .h_cat:
  1871 00001C08 48BE-                       mov rsi, help_cat
  1871 00001C0A [14EE000000000000] 
  1872 00001C12 E9CC010000                  jmp .h_print
  1873                                  .h_edit:
  1874 00001C17 48BE-                       mov rsi, help_edit
  1874 00001C19 [3BEE000000000000] 
  1875 00001C21 E9BD010000                  jmp .h_print
  1876                                  .h_del:
  1877 00001C26 48BE-                       mov rsi, help_del
  1877 00001C28 [B8EE000000000000] 
  1878 00001C30 E9AE010000                  jmp .h_print
  1879                                  .h_rname:
  1880 00001C35 48BE-                       mov rsi, help_rname
  1880 00001C37 [0CEF000000000000] 
  1881 00001C3F E99F010000                  jmp .h_print
  1882                                  .h_cpy:
  1883 00001C44 48BE-                       mov rsi, help_cpy
  1883 00001C46 [74EF000000000000] 
  1884 00001C4E E990010000                  jmp .h_print
  1885                                  .h_mov:
  1886 00001C53 48BE-                       mov rsi, help_mov
  1886 00001C55 [BCEF000000000000] 
  1887 00001C5D E981010000                  jmp .h_print
  1888                                  .h_assign:
  1889 00001C62 48BE-                       mov rsi, help_assign
  1889 00001C64 [0BF0000000000000] 
  1890 00001C6C E972010000                  jmp .h_print
  1891                                  .h_rmv:
  1892 00001C71 48BE-                       mov rsi, help_rmv
  1892 00001C73 [6EF0000000000000] 
  1893 00001C7B E963010000                  jmp .h_print
  1894                                  .h_vars:
  1895 00001C80 48BE-                       mov rsi, help_vars
  1895 00001C82 [19F1000000000000] 
  1896 00001C8A E954010000                  jmp .h_print
  1897                                  .h_ali:
  1898 00001C8F 48BE-                       mov rsi, help_ali
  1898 00001C91 [86F1000000000000] 
  1899 00001C99 E945010000                  jmp .h_print
  1900                                  .h_alis:
  1901 00001C9E 48BE-                       mov rsi, help_alis
  1901 00001CA0 [BFF2000000000000] 
  1902 00001CA8 E936010000                  jmp .h_print
  1903                                  .h_calc:
  1904 00001CAD 48BE-                       mov rsi, help_calc
  1904 00001CAF [3FF3000000000000] 
  1905 00001CB7 E927010000                  jmp .h_print
  1906                                  .h_rr:
  1907 00001CBC 48BE-                       mov rsi, help_rr
  1907 00001CBE [BAF3000000000000] 
  1908 00001CC6 E918010000                  jmp .h_print
  1909                                  .h_prs:
  1910 00001CCB 48BE-                       mov rsi, help_prs
  1910 00001CCD [94F4000000000000] 
  1911 00001CD5 E909010000                  jmp .h_print
  1912                                  .h_auth:
  1913 00001CDA 48BE-                       mov rsi, help_auth
  1913 00001CDC [2EF5000000000000] 
  1914 00001CE4 E9FA000000                  jmp .h_print
  1915                                  .h_pwd:
  1916 00001CE9 48BE-                       mov rsi, help_pwd
  1916 00001CEB [E9F5000000000000] 
  1917 00001CF3 E9EB000000                  jmp .h_print
  1918                                  .h_clear:
  1919 00001CF8 48BE-                       mov rsi, help_clear
  1919 00001CFA [15F6000000000000] 
  1920 00001D02 E9DC000000                  jmp .h_print
  1921                                  .h_help:
  1922 00001D07 48BE-                       mov rsi, help_help
  1922 00001D09 [C7F9000000000000] 
  1923 00001D11 E9CD000000                  jmp .h_print
  1924                                  .h_dscan:
  1925 00001D16 48BE-                       mov rsi, help_dscan
  1925 00001D18 [29FA000000000000] 
  1926 00001D20 E9BE000000                  jmp .h_print
  1927                                  .h_fmt:
  1928 00001D25 48BE-                       mov rsi, help_fmt
  1928 00001D27 [88FA000000000000] 
  1929 00001D2F E9AF000000                  jmp .h_print
  1930                                  .h_mount:
  1931 00001D34 48BE-                       mov rsi, help_mount
  1931 00001D36 [B1FB000000000000] 
  1932 00001D3E E9A0000000                  jmp .h_print
  1933                                  .h_unmount:
  1934 00001D43 48BE-                       mov rsi, help_unmount
  1934 00001D45 [2CFC000000000000] 
  1935 00001D4D E991000000                  jmp .h_print
  1936                                  .h_label:
  1937 00001D52 48BE-                       mov rsi, help_label
  1937 00001D54 [EAFC000000000000] 
  1938 00001D5C E982000000                  jmp .h_print
  1939                                  .h_sync:
  1940 00001D61 48BE-                       mov rsi, help_sync
  1940 00001D63 [B0FD000000000000] 
  1941 00001D6B EB76                        jmp .h_print
  1942                                  .h_rboot:
  1943 00001D6D 48BE-                       mov rsi, help_rboot
  1943 00001D6F [EFFD000000000000] 
  1944 00001D77 EB6A                        jmp .h_print
  1945                                  .h_sdown:
  1946 00001D79 48BE-                       mov rsi, help_sdown
  1946 00001D7B [2EFE000000000000] 
  1947 00001D83 EB5E                        jmp .h_print
  1948                                  .h_semicolon:
  1949 00001D85 48BE-                       mov rsi, help_semicolon
  1949 00001D87 [6FFE000000000000] 
  1950 00001D8F EB52                        jmp .h_print
  1951                                  .h_tilde:
  1952 00001D91 48BE-                       mov rsi, help_tilde
  1952 00001D93 [20FF000000000000] 
  1953 00001D9B EB46                        jmp .h_print
  1954                                  .h_dollar:
  1955 00001D9D 48BE-                       mov rsi, help_dollar
  1955 00001D9F [4500010000000000] 
  1956                                  
  1957                                  .h_date:
  1958 00001DA7 48BE-                       mov rsi, help_date
  1958 00001DA9 [2FF6000000000000] 
  1959 00001DB1 EB30                        jmp .h_print
  1960                                  .h_time:
  1961 00001DB3 48BE-                       mov rsi, help_time
  1961 00001DB5 [95F6000000000000] 
  1962 00001DBD EB24                        jmp .h_print
  1963                                  .h_write:
  1964 00001DBF 48BE-                       mov rsi, help_write
  1964 00001DC1 [9AF7000000000000] 
  1965 00001DC9 EB18                        jmp .h_print
  1966                                  .h_wig:
  1967 00001DCB 48BE-                       mov rsi, help_wig
  1967 00001DCD [9EF8000000000000] 
  1968 00001DD5 EB0C                        jmp .h_print
  1969                                  
  1970                                  .h_shelly:
  1971 00001DD7 48BE-                       mov rsi, help_shelly
  1971 00001DD9 [52F9000000000000] 
  1972 00001DE1 EB00                        jmp .h_print
  1973                                  
  1974                                  .h_print:
  1975 00001DE3 8A0425[D46D0000]            mov al, [cur_normal_attr]
  1976 00001DEA E841460000                  call print_string_attr
  1977 00001DEF C3                          ret
  1978                                  
  1979                                  ; ------------------------------------------------------------
  1980                                  cmd_sync:
  1981 00001DF0 E8D2390000                  call fs_save
  1982 00001DF5 721C                        jc .fail
  1983 00001DF7 E8C5470000                  call spinner_clear
  1984 00001DFC 48BE-                       mov rsi, msg_synced
  1984 00001DFE [17D6000000000000] 
  1985 00001E06 8A0425[D46D0000]            mov al, [cur_normal_attr]
  1986 00001E0D E81E460000                  call print_string_attr
  1987 00001E12 C3                          ret
  1988                                  .fail:
  1989 00001E13 E8A9470000                  call spinner_clear
  1990 00001E18 48BE-                       mov rsi, msg_sync_failed
  1990 00001E1A [B2D6000000000000] 
  1991 00001E22 B00C                        mov al, ATTR_ERROR
  1992 00001E24 E807460000                  call print_string_attr
  1993 00001E29 C3                          ret
  1994                                  
  1995                                  ; ------------------------------------------------------------
  1996                                  ; cmd_dscan: probe all four ATA device slots (primary/secondary x
  1997                                  ; master/slave) for SFFS volumes and report what's attached.
  1998                                  cmd_dscan:
  1999 00001E2A 4155                        push r13
  2000 00001E2C 4157                        push r15
  2001 00001E2E 48BE-                       mov rsi, msg_dscan_header
  2001 00001E30 [DCD6000000000000] 
  2002 00001E38 8A0425[D46D0000]            mov al, [cur_normal_attr]
  2003 00001E3F E8EC450000                  call print_string_attr
  2004 00001E44 4D31FF                      xor r15, r15                ; found-any flag
  2005 00001E47 4D31ED                      xor r13, r13                ; device id
  2006                                  .scan:
  2007 00001E4A 4983FD08                    cmp r13, TOTAL_DEVICES
  2008 00001E4E 0F83A4010000                jae .done
  2009 00001E54 E82D470000                  call spinner_step
  2010 00001E59 4488E8                      mov al, r13b
  2011 00001E5C E844300000                  call disk_select_device
  2012 00001E61 B82C010000                  mov rax, SUPER_LBA
  2013 00001E66 488D3C25[40010100]          lea rdi, [fs_super_buf]
  2014 00001E6E E859300000                  call disk_read_sector
  2015 00001E73 0F8277010000                jc .next                    ; no response -> slot is empty
  2016                                      ; present; check for the SFFS magic + version
  2017 00001E79 803C25[40010100]53          cmp byte [fs_super_buf+0], 'S'
  2018 00001E81 0F85D3000000                jne .other
  2019 00001E87 803C25[41010100]46          cmp byte [fs_super_buf+1], 'F'
  2020 00001E8F 0F85C5000000                jne .other
  2021 00001E95 803C25[42010100]46          cmp byte [fs_super_buf+2], 'F'
  2022 00001E9D 0F85B7000000                jne .other
  2023 00001EA3 803C25[43010100]53          cmp byte [fs_super_buf+3], 'S'
  2024 00001EAB 0F85A9000000                jne .other
  2025 00001EB1 803C25[44010100]03          cmp byte [fs_super_buf+4], SFFS_VERSION
  2026 00001EB9 740E                        je .valid_sffs
  2027 00001EBB 803C25[44010100]02          cmp byte [fs_super_buf+4], SFFS_VERSION_V2
  2028 00001EC3 0F8591000000                jne .other
  2029                                  .valid_sffs:
  2030                                      ; valid SFFS volume
  2031 00001EC9 41BF01000000                mov r15, 1
  2032 00001ECF 48BE-                       mov rsi, msg_dscan_found1   ; "  device "
  2032 00001ED1 [F8D6000000000000] 
  2033 00001ED9 8A0425[D46D0000]            mov al, [cur_normal_attr]
  2034 00001EE0 E84B450000                  call print_string_attr
  2035 00001EE5 4C89E8                      mov rax, r13
  2036 00001EE8 488D3C25[50D00100]          lea rdi, [show_num_buf]
  2037 00001EF0 E8EB3A0000                  call int_to_str
  2038 00001EF5 48BE-                       mov rsi, show_num_buf
  2038 00001EF7 [50D0010000000000] 
  2039 00001EFF E81D450000                  call print_string
  2040 00001F04 48BE-                       mov rsi, msg_dscan_found2   ; " ("
  2040 00001F06 [02D7000000000000] 
  2041 00001F0E E80E450000                  call print_string
  2042 00001F13 4488E8                      mov al, r13b
  2043 00001F16 E803010000                  call print_device_name
  2044 00001F1B 48BE-                       mov rsi, msg_dscan_found3   ; "): SFFS volume '"
  2044 00001F1D [05D7000000000000] 
  2045 00001F25 E8F7440000                  call print_string
  2046 00001F2A 488D3425[48010100]          lea rsi, [fs_super_buf + SUPER_LABEL_OFF]
  2047 00001F32 E8EA440000                  call print_string
  2048 00001F37 48BE-                       mov rsi, msg_dscan_found4   ; "'"
  2048 00001F39 [16D7000000000000] 
  2049 00001F41 E8DB440000                  call print_string
  2050 00001F46 48BE-                       mov rsi, newline_str
  2050 00001F48 [7ACE000000000000] 
  2051 00001F50 E8CC440000                  call print_string
  2052 00001F55 E996000000                  jmp .next
  2053                                  .other:
  2054                                      ; a drive is there but it isn't ours
  2055 00001F5A 41BF01000000                mov r15, 1
  2056 00001F60 48BE-                       mov rsi, msg_dscan_found1   ; "  device "
  2056 00001F62 [F8D6000000000000] 
  2057 00001F6A 8A0425[D46D0000]            mov al, [cur_normal_attr]
  2058 00001F71 E8BA440000                  call print_string_attr
  2059 00001F76 4C89E8                      mov rax, r13
  2060 00001F79 488D3C25[50D00100]          lea rdi, [show_num_buf]
  2061 00001F81 E85A3A0000                  call int_to_str
  2062 00001F86 48BE-                       mov rsi, show_num_buf
  2062 00001F88 [50D0010000000000] 
  2063 00001F90 E88C440000                  call print_string
  2064 00001F95 48BE-                       mov rsi, msg_dscan_found2   ; " ("
  2064 00001F97 [02D7000000000000] 
  2065 00001F9F E87D440000                  call print_string
  2066 00001FA4 4488E8                      mov al, r13b
  2067 00001FA7 E872000000                  call print_device_name
  2068 00001FAC 48BE-                       mov rsi, msg_dscan_other2   ; "): present, not SFFS"
  2068 00001FAE [18D7000000000000] 
  2069 00001FB6 E866440000                  call print_string
  2070 00001FBB 48BE-                       mov rsi, msg_dscan_orig     ; " - fmt target: "
  2070 00001FBD [2DD7000000000000] 
  2071 00001FC5 E857440000                  call print_string
  2072 00001FCA 4488E8                      mov al, r13b
  2073 00001FCD E8CD050000                  call gen_orig_label
  2074 00001FD2 48BE-                       mov rsi, orig_label_buf
  2074 00001FD4 [6803010000000000] 
  2075 00001FDC E840440000                  call print_string
  2076 00001FE1 48BE-                       mov rsi, newline_str
  2076 00001FE3 [7ACE000000000000] 
  2077 00001FEB E831440000                  call print_string
  2078                                  .next:
  2079 00001FF0 49FFC5                      inc r13
  2080 00001FF3 E952FEFFFF                  jmp .scan
  2081                                  .done:
  2082 00001FF8 E8C4450000                  call spinner_clear
  2083 00001FFD 4983FF00                    cmp r15, 0
  2084 00002001 7516                        jne .has
  2085 00002003 48BE-                       mov rsi, msg_dscan_none
  2085 00002005 [3DD7000000000000] 
  2086 0000200D 8A0425[D46D0000]            mov al, [cur_normal_attr]
  2087 00002014 E817440000                  call print_string_attr
  2088                                  .has:
  2089 00002019 415F                        pop r15
  2090 0000201B 415D                        pop r13
  2091 0000201D C3                          ret
  2092                                  
  2093                                  ; print_device_name: al = device id 0..TOTAL_DEVICES-1 -> prints "primary
  2094                                  ; master" etc. for ids 0-3 (legacy ATA), or "ahci port <n>" (n = the real
  2095                                  ; physical AHCI port number, from ahci_port_num) for ids 4+.
  2096                                  print_device_name:
  2097 0000201E 50                          push rax
  2098 0000201F 53                          push rbx
  2099 00002020 56                          push rsi
  2100 00002021 88C3                        mov bl, al
  2101 00002023 80FB04                      cmp bl, 4
  2102 00002026 734A                        jae .ahci
  2103 00002028 80E303                      and bl, 3
  2104 0000202B 80FB02                      cmp bl, 2
  2105 0000202E 720C                        jb .primary
  2106 00002030 48BE-                       mov rsi, msg_dev_secondary
  2106 00002032 [5CD7000000000000] 
  2107 0000203A EB0A                        jmp .which
  2108                                  .primary:
  2109 0000203C 48BE-                       mov rsi, msg_dev_primary
  2109 0000203E [53D7000000000000] 
  2110                                  .which:
  2111 00002046 E8D6430000                  call print_string
  2112 0000204B F6C301                      test bl, 1
  2113 0000204E 7411                        jz .master
  2114 00002050 48BE-                       mov rsi, msg_dev_slave
  2114 00002052 [6ED7000000000000] 
  2115 0000205A E8C2430000                  call print_string
  2116 0000205F EB49                        jmp .done
  2117                                  .master:
  2118 00002061 48BE-                       mov rsi, msg_dev_master
  2118 00002063 [67D7000000000000] 
  2119 0000206B E8B1430000                  call print_string
  2120 00002070 EB38                        jmp .done
  2121                                  .ahci:
  2122 00002072 48BE-                       mov rsi, msg_dev_ahci
  2122 00002074 [74D7000000000000] 
  2123 0000207C E8A0430000                  call print_string
  2124 00002081 80EB04                      sub bl, 4
  2125 00002084 0FB6C3                      movzx eax, bl
  2126 00002087 8B0485[019F0100]            mov eax, [ahci_port_num + rax*4]
  2127 0000208E 488D3C25[68D00100]          lea rdi, [dev_name_num_buf]
  2128 00002096 E845390000                  call int_to_str
  2129 0000209B 48BE-                       mov rsi, dev_name_num_buf
  2129 0000209D [68D0010000000000] 
  2130 000020A5 E877430000                  call print_string
  2131                                  .done:
  2132 000020AA 5E                          pop rsi
  2133 000020AB 5B                          pop rbx
  2134 000020AC 58                          pop rax
  2135 000020AD C3                          ret
  2136                                  
  2137                                  ; ------------------------------------------------------------
  2138                                  ; cmd_format: format a drive with the SFFS format and give it a label.
  2139                                  ;   fmt <label>                       first unformatted drive gets this label
  2140                                  ;   fmt <label> -force                first present drive (even an existing volume)
  2141                                  ;   fmt <target> <new-label> [-force] format a SPECIFIC drive: <target> is
  2142                                  ;                                      either the original label dscan shows
  2143                                  ;                                      for it ("disk0", "disk1", ...) or an
  2144                                  ;                                      existing SFFS volume's current label
  2145                                  ;                                      (requires -force to reformat it)
  2146                                  ; The boot drive (device 0) is never touched unless -force is given.
  2147                                  cmd_format:
  2148 000020AE 803C25[B8BA0100]00          cmp byte [arg1_buf], 0
  2149 000020B6 7512                        jne .have_arg
  2150 000020B8 48BE-                       mov rsi, msg_fmt_usage
  2150 000020BA [7FD7000000000000] 
  2151 000020C2 B00C                        mov al, ATTR_ERROR
  2152 000020C4 E867430000                  call print_string_attr
  2153 000020C9 C3                          ret
  2154                                  .have_arg:
  2155 000020CA 4530FF                      xor r15b, r15b                      ; force = 0 by default
  2156 000020CD 803C25[18BB0100]00          cmp byte [arg2_buf], 0
  2157 000020D5 741F                        je .single_setup                    ; fmt <label>
  2158 000020D7 48BE-                       mov rsi, arg2_buf
  2158 000020D9 [18BB010000000000] 
  2159 000020E1 48BF-                       mov rdi, str_force
  2159 000020E3 [64D2000000000000] 
  2160 000020EB E8A2420000                  call str_eq
  2161 000020F0 3C01                        cmp al, 1
  2162 000020F2 7437                        je .single_force_setup              ; fmt <label> -force
  2163 000020F4 EB6A                        jmp .target_setup                   ; fmt <target> <new-label> [-force]
  2164                                  
  2165                                  .single_setup:
  2166 000020F6 48BE-                       mov rsi, arg1_buf
  2166 000020F8 [B8BA010000000000] 
  2167 00002100 E8A7370000                  call str_len
  2168 00002105 4883F820                    cmp rax, 32
  2169 00002109 0F8366020000                jae .too_long
  2170 0000210F 488D3C25[40030100]          lea rdi, [fmt_new_label]
  2171 00002117 48BE-                       mov rsi, arg1_buf
  2171 00002119 [B8BA010000000000] 
  2172 00002121 E83C420000                  call str_copy
  2173 00002126 E98A000000                  jmp .scan_first_unformatted
  2174                                  
  2175                                  .single_force_setup:
  2176 0000212B 48BE-                       mov rsi, arg1_buf
  2176 0000212D [B8BA010000000000] 
  2177 00002135 E872370000                  call str_len
  2178 0000213A 4883F820                    cmp rax, 32
  2179 0000213E 0F8331020000                jae .too_long
  2180 00002144 41B701                      mov r15b, 1
  2181 00002147 488D3C25[40030100]          lea rdi, [fmt_new_label]
  2182 0000214F 48BE-                       mov rsi, arg1_buf
  2182 00002151 [B8BA010000000000] 
  2183 00002159 E804420000                  call str_copy
  2184 0000215E EB55                        jmp .scan_first_unformatted
  2185                                  
  2186                                  .target_setup:
  2187 00002160 48BE-                       mov rsi, arg2_buf
  2187 00002162 [18BB010000000000] 
  2188 0000216A E83D370000                  call str_len
  2189 0000216F 4883F820                    cmp rax, 32
  2190 00002173 0F83FC010000                jae .too_long
  2191 00002179 48BE-                       mov rsi, arg3_buf
  2191 0000217B [B8BB010000000000] 
  2192 00002183 48BF-                       mov rdi, str_force
  2192 00002185 [64D2000000000000] 
  2193 0000218D E800420000                  call str_eq
  2194 00002192 3C01                        cmp al, 1
  2195 00002194 7503                        jne .ts_noforce
  2196 00002196 41B701                      mov r15b, 1
  2197                                  .ts_noforce:
  2198 00002199 488D3C25[40030100]          lea rdi, [fmt_new_label]
  2199 000021A1 48BE-                       mov rsi, arg2_buf
  2199 000021A3 [18BB010000000000] 
  2200 000021AB E8B2410000                  call str_copy
  2201 000021B0 E9A5000000                  jmp .scan_by_target
  2202                                  
  2203                                  ; --- form 1: first unformatted drive (or, with -force, first present drive
  2204                                  ; that already has an SFFS volume) - original behaviour, unchanged. ---
  2205                                  .scan_first_unformatted:
  2206 000021B5 4D31ED                      xor r13, r13                ; device being scanned
  2207 000021B8 4831DB                      xor rbx, rbx                ; last valid SFFS device seen (for -force)
  2208 000021BB 41B600                      mov r14b, 0                 ; any valid SFFS device seen?
  2209                                  .fu_scan:
  2210 000021BE 4983FD08                    cmp r13, TOTAL_DEVICES
  2211 000021C2 7370                        jae .fu_scan_done
  2212 000021C4 4488E8                      mov al, r13b
  2213 000021C7 E8D92C0000                  call disk_select_device
  2214 000021CC B82C010000                  mov rax, SUPER_LBA
  2215 000021D1 488D3C25[40010100]          lea rdi, [fs_super_buf]
  2216 000021D9 E8EE2C0000                  call disk_read_sector
  2217 000021DE 724F                        jc .fu_next                 ; absent
  2218 000021E0 803C25[40010100]53          cmp byte [fs_super_buf+0], 'S'
  2219 000021E8 753A                        jne .fu_unformatted
  2220 000021EA 803C25[41010100]46          cmp byte [fs_super_buf+1], 'F'
  2221 000021F2 7530                        jne .fu_unformatted
  2222 000021F4 803C25[42010100]46          cmp byte [fs_super_buf+2], 'F'
  2223 000021FC 7526                        jne .fu_unformatted
  2224 000021FE 803C25[43010100]53          cmp byte [fs_super_buf+3], 'S'
  2225 00002206 751C                        jne .fu_unformatted
  2226 00002208 803C25[44010100]03          cmp byte [fs_super_buf+4], SFFS_VERSION
  2227 00002210 740A                        je .fu_is_sffs
  2228 00002212 803C25[44010100]02          cmp byte [fs_super_buf+4], SFFS_VERSION_V2
  2229 0000221A 7508                        jne .fu_unformatted
  2230                                  .fu_is_sffs:
  2231                                      ; already an SFFS volume - remember it for the -force path
  2232 0000221C 4C89EB                      mov rbx, r13
  2233 0000221F 41B601                      mov r14b, 1
  2234 00002222 EB0B                        jmp .fu_next
  2235                                  .fu_unformatted:
  2236                                      ; skip the boot drive (device 0) unless -force; it holds the OS
  2237 00002224 4983FD00                    cmp r13, 0
  2238 00002228 7405                        je .fu_next
  2239 0000222A E958010000                  jmp .format_target
  2240                                  .fu_next:
  2241 0000222F 49FFC5                      inc r13
  2242 00002232 EB8A                        jmp .fu_scan
  2243                                  .fu_scan_done:
  2244 00002234 4180FF01                    cmp r15b, 1
  2245 00002238 750E                        jne .fu_none
  2246 0000223A 4180FE01                    cmp r14b, 1
  2247 0000223E 7508                        jne .fu_none
  2248 00002240 4989DD                      mov r13, rbx
  2249 00002243 E93F010000                  jmp .format_target
  2250                                  .fu_none:
  2251 00002248 48BE-                       mov rsi, msg_fmt_none
  2251 0000224A [A9D7000000000000] 
  2252 00002252 B00C                        mov al, ATTR_ERROR
  2253 00002254 E8D7410000                  call print_string_attr
  2254 00002259 C3                          ret
  2255                                  
  2256                                  ; --- form 2: a specific drive, chosen by its original "diskN" label or by
  2257                                  ; an existing SFFS label. ---
  2258                                  .scan_by_target:
  2259 0000225A 4D31ED                      xor r13, r13
  2260                                  .tg_scan:
  2261 0000225D 4983FD08                    cmp r13, TOTAL_DEVICES
  2262 00002261 0F83DE000000                jae .tg_not_found
  2263 00002267 4488E8                      mov al, r13b
  2264 0000226A E8362C0000                  call disk_select_device
  2265 0000226F B82C010000                  mov rax, SUPER_LBA
  2266 00002274 488D3C25[40010100]          lea rdi, [fs_super_buf]
  2267 0000227C E84B2C0000                  call disk_read_sector
  2268 00002281 0F82B6000000                jc .tg_next                 ; absent - can't be a target
  2269                                      ; does the original "diskN" label match?
  2270 00002287 4488E8                      mov al, r13b
  2271 0000228A E810030000                  call gen_orig_label
  2272 0000228F 48BE-                       mov rsi, arg1_buf
  2272 00002291 [B8BA010000000000] 
  2273 00002299 48BF-                       mov rdi, orig_label_buf
  2273 0000229B [6803010000000000] 
  2274 000022A3 E8EA400000                  call str_eq
  2275 000022A8 3C01                        cmp al, 1
  2276 000022AA 7473                        je .tg_found_orig
  2277                                      ; does it already hold an SFFS volume whose label matches?
  2278 000022AC 803C25[40010100]53          cmp byte [fs_super_buf+0], 'S'
  2279 000022B4 0F8583000000                jne .tg_next
  2280 000022BA 803C25[41010100]46          cmp byte [fs_super_buf+1], 'F'
  2281 000022C2 7579                        jne .tg_next
  2282 000022C4 803C25[42010100]46          cmp byte [fs_super_buf+2], 'F'
  2283 000022CC 756F                        jne .tg_next
  2284 000022CE 803C25[43010100]53          cmp byte [fs_super_buf+3], 'S'
  2285 000022D6 7565                        jne .tg_next
  2286 000022D8 803C25[44010100]03          cmp byte [fs_super_buf+4], SFFS_VERSION
  2287 000022E0 740A                        je .tg_is_sffs
  2288 000022E2 803C25[44010100]02          cmp byte [fs_super_buf+4], SFFS_VERSION_V2
  2289 000022EA 7551                        jne .tg_next
  2290                                  .tg_is_sffs:
  2291 000022EC 48BE-                       mov rsi, arg1_buf
  2291 000022EE [B8BA010000000000] 
  2292 000022F6 488D3C25[48010100]          lea rdi, [fs_super_buf + SUPER_LABEL_OFF]
  2293 000022FE E88F400000                  call str_eq
  2294 00002303 3C01                        cmp al, 1
  2295 00002305 7536                        jne .tg_next
  2296                                      ; matched an existing SFFS volume by its current label - reformatting
  2297                                      ; it (even to the same label) is destructive, so require -force
  2298 00002307 4180FF01                    cmp r15b, 1
  2299 0000230B 747A                        je .format_target
  2300 0000230D 48BE-                       mov rsi, msg_fmt_already
  2300 0000230F [30D8000000000000] 
  2301 00002317 B00C                        mov al, ATTR_ERROR
  2302 00002319 E812410000                  call print_string_attr
  2303 0000231E C3                          ret
  2304                                  .tg_found_orig:
  2305                                      ; matched by the original diskN label - still don't touch the boot
  2306                                      ; drive (device 0) unless -force
  2307 0000231F 4983FD00                    cmp r13, 0
  2308 00002323 7562                        jne .format_target
  2309 00002325 4180FF01                    cmp r15b, 1
  2310 00002329 745C                        je .format_target
  2311 0000232B 48BE-                       mov rsi, msg_fmt_boot_drive
  2311 0000232D [72D8000000000000] 
  2312 00002335 B00C                        mov al, ATTR_ERROR
  2313 00002337 E8F4400000                  call print_string_attr
  2314 0000233C C3                          ret
  2315                                  .tg_next:
  2316 0000233D 49FFC5                      inc r13
  2317 00002340 E918FFFFFF                  jmp .tg_scan
  2318                                  .tg_not_found:
  2319 00002345 48BE-                       mov rsi, msg_fmt_no_such
  2319 00002347 [1BD8000000000000] 
  2320 0000234F B00C                        mov al, ATTR_ERROR
  2321 00002351 E8DA400000                  call print_string_attr
  2322 00002356 48BE-                       mov rsi, arg1_buf
  2322 00002358 [B8BA010000000000] 
  2323 00002360 E8BC400000                  call print_string
  2324 00002365 48BE-                       mov rsi, newline_str
  2324 00002367 [7ACE000000000000] 
  2325 0000236F E8AD400000                  call print_string
  2326 00002374 C3                          ret
  2327                                  
  2328                                  .too_long:
  2329 00002375 48BE-                       mov rsi, msg_fmt_long
  2329 00002377 [F2D7000000000000] 
  2330 0000237F B00C                        mov al, ATTR_ERROR
  2331 00002381 E8AA400000                  call print_string_attr
  2332 00002386 C3                          ret
  2333                                  
  2334                                  .format_target:
  2335                                      ; format the drive now selected in r13, labelling it fmt_new_label
  2336 00002387 4488E8                      mov al, r13b
  2337 0000238A E8162B0000                  call disk_select_device
  2338 0000238F E8F2410000                  call spinner_step
  2339                                      ; superblock: magic + version + label
  2340 00002394 48BF-                       mov rdi, fs_super_buf
  2340 00002396 [4001010000000000] 
  2341 0000239E B940000000                  mov rcx, 512 / 8
  2342 000023A3 4831C0                      xor rax, rax
  2343 000023A6 F348AB                      rep stosq
  2344 000023A9 C60425[40010100]53          mov byte [fs_super_buf+0], 'S'
  2345 000023B1 C60425[41010100]46          mov byte [fs_super_buf+1], 'F'
  2346 000023B9 C60425[42010100]46          mov byte [fs_super_buf+2], 'F'
  2347 000023C1 C60425[43010100]53          mov byte [fs_super_buf+3], 'S'
  2348 000023C9 C60425[44010100]03          mov byte [fs_super_buf+4], SFFS_VERSION
  2349 000023D1 48BE-                       mov rsi, fmt_new_label
  2349 000023D3 [4003010000000000] 
  2350 000023DB 488D3C25[48010100]          lea rdi, [fs_super_buf + SUPER_LABEL_OFF]
  2351 000023E3 E87A3F0000                  call str_copy
  2352 000023E8 B82C010000                  mov rax, SUPER_LBA
  2353 000023ED 488D3425[40010100]          lea rsi, [fs_super_buf]
  2354 000023F5 E8E52A0000                  call disk_write_sector
  2355 000023FA 0F828D010000                jc .disk_err
  2356                                      ; node_type: a single root folder
  2357 00002400 48BF-                       mov rdi, fs_super_buf
  2357 00002402 [4001010000000000] 
  2358 0000240A B940000000                  mov rcx, 512 / 8
  2359 0000240F 4831C0                      xor rax, rax
  2360 00002412 F348AB                      rep stosq
  2361 00002415 C60425[40010100]01          mov byte [fs_super_buf], 1
  2362 0000241D B82D010000                  mov rax, TYPE_LBA
  2363 00002422 488D3425[40010100]          lea rsi, [fs_super_buf]
  2364 0000242A E8B02A0000                  call disk_write_sector
  2365 0000242F 0F8258010000                jc .disk_err
  2366                                      ; node_parent: root parent = 0xFFFF
  2367 00002435 48BF-                       mov rdi, fs_super_buf
  2367 00002437 [4001010000000000] 
  2368 0000243F B940000000                  mov rcx, 512 / 8
  2369 00002444 4831C0                      xor rax, rax
  2370 00002447 F348AB                      rep stosq
  2371 0000244A 66C70425[40010100]-         mov word [fs_super_buf], 0xFFFF
  2371 00002452 FFFF               
  2372 00002454 B82E010000                  mov rax, PARENT_LBA
  2373 00002459 488D3425[40010100]          lea rsi, [fs_super_buf]
  2374 00002461 E8792A0000                  call disk_write_sector
  2375 00002466 0F8221010000                jc .disk_err
  2376                                      ; node_next: every node starts with no continuation
  2377 0000246C 48BF-                       mov rdi, fs_super_buf
  2377 0000246E [4001010000000000] 
  2378 00002476 B900010000                  mov rcx, 512 / 2
  2379 0000247B 66B8FFFF                    mov ax, 0xFFFF
  2380 0000247F 66F3AB                      rep stosw
  2381 00002482 B82F010000                  mov rax, NEXT_LBA
  2382 00002487 488D3425[40010100]          lea rsi, [fs_super_buf]
  2383 0000248F E84B2A0000                  call disk_write_sector
  2384 00002494 0F82F3000000                jc .disk_err
  2385                                      ; node_name: root named <label>, then zero sectors
  2386 0000249A 48BF-                       mov rdi, fs_super_buf
  2386 0000249C [4001010000000000] 
  2387 000024A4 B940000000                  mov rcx, 512 / 8
  2388 000024A9 4831C0                      xor rax, rax
  2389 000024AC F348AB                      rep stosq
  2390 000024AF 48BE-                       mov rsi, fmt_new_label
  2390 000024B1 [4003010000000000] 
  2391 000024B9 488D3C25[40010100]          lea rdi, [fs_super_buf]
  2392 000024C1 E89C3E0000                  call str_copy
  2393 000024C6 B830010000                  mov rax, NAME_LBA
  2394 000024CB B904000000                  mov rcx, NAME_SECTORS
  2395                                  .name_wr:
  2396 000024D0 50                          push rax
  2397 000024D1 51                          push rcx
  2398 000024D2 E8AF400000                  call spinner_step
  2399 000024D7 488D3425[40010100]          lea rsi, [fs_super_buf]
  2400 000024DF E8FB290000                  call disk_write_sector
  2401 000024E4 59                          pop rcx
  2402 000024E5 58                          pop rax
  2403 000024E6 0F82A1000000                jc .disk_err
  2404 000024EC 48FFC0                      inc rax
  2405 000024EF E2DF                        loop .name_wr
  2406                                      ; node_content: zero sectors
  2407 000024F1 48BF-                       mov rdi, fs_super_buf
  2407 000024F3 [4001010000000000] 
  2408 000024FB B940000000                  mov rcx, 512 / 8
  2409 00002500 4831C0                      xor rax, rax
  2410 00002503 F348AB                      rep stosq
  2411 00002506 B834010000                  mov rax, CONTENT_LBA
  2412 0000250B B914000000                  mov rcx, CONTENT_SECTORS
  2413                                  .content_wr:
  2414 00002510 50                          push rax
  2415 00002511 51                          push rcx
  2416 00002512 E86F400000                  call spinner_step
  2417 00002517 488D3425[40010100]          lea rsi, [fs_super_buf]
  2418 0000251F E8BB290000                  call disk_write_sector
  2419 00002524 59                          pop rcx
  2420 00002525 58                          pop rax
  2421 00002526 7265                        jc .disk_err
  2422 00002528 48FFC0                      inc rax
  2423 0000252B E2E3                        loop .content_wr
  2424 0000252D E88F400000                  call spinner_clear
  2425                                      ; report
  2426 00002532 48BE-                       mov rsi, msg_fmt_ok1
  2426 00002534 [AAD8000000000000] 
  2427 0000253C 8A0425[D46D0000]            mov al, [cur_normal_attr]
  2428 00002543 E8E83E0000                  call print_string_attr
  2429 00002548 48BE-                       mov rsi, fmt_new_label
  2429 0000254A [4003010000000000] 
  2430 00002552 E8CA3E0000                  call print_string
  2431 00002557 48BE-                       mov rsi, msg_fmt_ok2
  2431 00002559 [B5D8000000000000] 
  2432 00002561 E8BB3E0000                  call print_string
  2433 00002566 4488E8                      mov al, r13b
  2434 00002569 E8B0FAFFFF                  call print_device_name
  2435 0000256E 48BE-                       mov rsi, msg_fmt_ok3
  2435 00002570 [BAD8000000000000] 
  2436 00002578 E8A43E0000                  call print_string
  2437 0000257D 48BE-                       mov rsi, newline_str
  2437 0000257F [7ACE000000000000] 
  2438 00002587 E8953E0000                  call print_string
  2439 0000258C C3                          ret
  2440                                  .disk_err:
  2441 0000258D 48BE-                       mov rsi, msg_fmt_err
  2441 0000258F [E6D8000000000000] 
  2442 00002597 B00C                        mov al, ATTR_ERROR
  2443 00002599 E8923E0000                  call print_string_attr
  2444 0000259E C3                          ret
  2445                                  
  2446                                  ; gen_orig_label: al = device id. Fills orig_label_buf with that device's
  2447                                  ; original, always-available label ("disk0", "disk1", ...), derived purely
  2448                                  ; from its slot number so it's stable and known before anything is ever
  2449                                  ; formatted - this is what 'fmt <target> <new-label>' matches against to
  2450                                  ; pick a specific drive instead of guessing "the first unformatted one".
  2451                                  gen_orig_label:
  2452 0000259F 50                          push rax
  2453 000025A0 57                          push rdi
  2454 000025A1 56                          push rsi
  2455 000025A2 480FB6C0                    movzx rax, al
  2456 000025A6 488D3C25[68030100]          lea rdi, [orig_label_buf]
  2457 000025AE 48BE-                       mov rsi, str_disk_prefix
  2457 000025B0 [0AD9000000000000] 
  2458 000025B8 E8A53D0000                  call str_copy
  2459 000025BD 488D3C25[90030100]          lea rdi, [orig_label_num_tmp]
  2460 000025C5 E816340000                  call int_to_str
  2461 000025CA 488D3C25[68030100]          lea rdi, [orig_label_buf]
  2462 000025D2 48BE-                       mov rsi, orig_label_num_tmp
  2462 000025D4 [9003010000000000] 
  2463 000025DC E8923D0000                  call str_append
  2464 000025E1 5E                          pop rsi
  2465 000025E2 5F                          pop rdi
  2466 000025E3 58                          pop rax
  2467 000025E4 C3                          ret
  2468                                  
  2469                                  ; ------------------------------------------------------------
  2470                                  ; cmd_mount: attach a formatted drive to the filesystem tree.
  2471                                  ;   mount <label>
  2472                                  ; Loads the volume whose superblock label matches <label>, remaps its
  2473                                  ; node table into a free mount slice, and roots it as /<label>/ under
  2474                                  ; /home. Then 'cf <label>' (or 'cf /<label>') enters it.
  2475                                  cmd_mount:
  2476 000025E5 803C25[B8BA0100]00          cmp byte [arg1_buf], 0
  2477 000025ED 7512                        jne .have_arg
  2478 000025EF 48BE-                       mov rsi, msg_mount_usage
  2478 000025F1 [0FD9000000000000] 
  2479 000025F9 B00C                        mov al, ATTR_ERROR
  2480 000025FB E8303E0000                  call print_string_attr
  2481 00002600 C3                          ret
  2482                                  .have_arg:
  2483                                      ; already mounted?
  2484 00002601 4D31E4                      xor r12, r12
  2485                                  .already_loop:
  2486 00002604 4983FC02                    cmp r12, MAX_MOUNTS
  2487 00002608 7335                        jae .already_done
  2488 0000260A 4180BC24[DE050100]-         cmp byte [mount_used + r12], 0
  2488 00002612 00                 
  2489 00002613 7425                        je .already_next
  2490 00002615 4C89E0                      mov rax, r12
  2491 00002618 486BC020                    imul rax, 32
  2492 0000261C 488DB0[9C050100]            lea rsi, [mount_label + rax]
  2493 00002623 48BF-                       mov rdi, arg1_buf
  2493 00002625 [B8BA010000000000] 
  2494 0000262D E8603D0000                  call str_eq
  2495 00002632 3C01                        cmp al, 1
  2496 00002634 0F84AE010000                je .already_mounted
  2497                                  .already_next:
  2498 0000263A 49FFC4                      inc r12
  2499 0000263D EBC5                        jmp .already_loop
  2500                                  .already_done:
  2501                                      ; find a device whose label matches
  2502 0000263F 4D31ED                      xor r13, r13
  2503                                  .scan:
  2504 00002642 4983FD08                    cmp r13, TOTAL_DEVICES
  2505 00002646 0F83CC010000                jae .not_found
  2506 0000264C E8353F0000                  call spinner_step
  2507 00002651 4488E8                      mov al, r13b
  2508 00002654 E84C280000                  call disk_select_device
  2509 00002659 B82C010000                  mov rax, SUPER_LBA
  2510 0000265E 488D3C25[40010100]          lea rdi, [fs_super_buf]
  2511 00002666 E861280000                  call disk_read_sector
  2512 0000266B 7257                        jc .scan_next
  2513 0000266D 803C25[40010100]53          cmp byte [fs_super_buf+0], 'S'
  2514 00002675 754D                        jne .scan_next
  2515 00002677 803C25[41010100]46          cmp byte [fs_super_buf+1], 'F'
  2516 0000267F 7543                        jne .scan_next
  2517 00002681 803C25[42010100]46          cmp byte [fs_super_buf+2], 'F'
  2518 00002689 7539                        jne .scan_next
  2519 0000268B 803C25[43010100]53          cmp byte [fs_super_buf+3], 'S'
  2520 00002693 752F                        jne .scan_next
  2521 00002695 803C25[44010100]03          cmp byte [fs_super_buf+4], SFFS_VERSION
  2522 0000269D 740A                        je .scan_is_sffs
  2523 0000269F 803C25[44010100]02          cmp byte [fs_super_buf+4], SFFS_VERSION_V2
  2524 000026A7 751B                        jne .scan_next
  2525                                  .scan_is_sffs:
  2526 000026A9 488D3425[48010100]          lea rsi, [fs_super_buf + SUPER_LABEL_OFF]
  2527 000026B1 48BF-                       mov rdi, arg1_buf
  2527 000026B3 [B8BA010000000000] 
  2528 000026BB E8D23C0000                  call str_eq
  2529 000026C0 3C01                        cmp al, 1
  2530 000026C2 7408                        je .found
  2531                                  .scan_next:
  2532 000026C4 49FFC5                      inc r13
  2533 000026C7 E976FFFFFF                  jmp .scan
  2534                                  .found:
  2535                                      ; find a free mount slot
  2536 000026CC 4D31E4                      xor r12, r12
  2537                                  .slot_loop:
  2538 000026CF 4983FC02                    cmp r12, MAX_MOUNTS
  2539 000026D3 0F8374010000                jae .too_many
  2540 000026D9 4180BC24[DE050100]-         cmp byte [mount_used + r12], 0
  2540 000026E1 00                 
  2541 000026E2 7405                        je .slot_ok
  2542 000026E4 49FFC4                      inc r12
  2543 000026E7 EBE6                        jmp .slot_loop
  2544                                  .slot_ok:
  2545                                      ; base node = VOL_NODES * (slot + 1)
  2546 000026E9 E8983E0000                  call spinner_step
  2547 000026EE 4C89E7                      mov rdi, r12
  2548 000026F1 48FFC7                      inc rdi
  2549 000026F4 486BFF40                    imul rdi, VOL_NODES
  2550 000026F8 4488E8                      mov al, r13b
  2551 000026FB E8C52C0000                  call vol_read
  2552 00002700 4883F8FF                    cmp rax, -1
  2553 00002704 0F845A010000                je .load_fail
  2554 0000270A E8B23E0000                  call spinner_clear
  2555                                      ; record the mount
  2556 0000270F 41C68424[DE050100]-         mov byte [mount_used + r12], 1
  2556 00002717 01                 
  2557 00002718 4588AC24[DC050100]          mov byte [mount_device + r12], r13b
  2558 00002720 4C89E0                      mov rax, r12
  2559 00002723 486BC020                    imul rax, 32
  2560 00002727 488DB8[9C050100]            lea rdi, [mount_label + rax]
  2561 0000272E 48BE-                       mov rsi, arg1_buf
  2561 00002730 [B8BA010000000000] 
  2562 00002738 E8253C0000                  call str_copy
  2563                                      ; root the volume as /<label>/ under the OS root
  2564 0000273D 4C89E7                      mov rdi, r12
  2565 00002740 48FFC7                      inc rdi
  2566 00002743 486BFF40                    imul rdi, VOL_NODES
  2567 00002747 C687[E0050100]01            mov byte [node_type + rdi], 1
  2568 0000274E 486BFF20                    imul rdi, NAME_LEN
  2569 00002752 488DBF[600D0100]            lea rdi, [node_name + rdi]
  2570 00002759 48BE-                       mov rsi, arg1_buf
  2570 0000275B [B8BA010000000000] 
  2571 00002763 E8FA3B0000                  call str_copy
  2572                                      ; report
  2573 00002768 48BE-                       mov rsi, msg_mount_ok1      ; "Mounted "
  2573 0000276A [D1D9000000000000] 
  2574 00002772 8A0425[D46D0000]            mov al, [cur_normal_attr]
  2575 00002779 E8B23C0000                  call print_string_attr
  2576 0000277E 48BE-                       mov rsi, arg1_buf
  2576 00002780 [B8BA010000000000] 
  2577 00002788 E8943C0000                  call print_string
  2578 0000278D 48BE-                       mov rsi, msg_mount_ok2      ; " at /"
  2578 0000278F [DAD9000000000000] 
  2579 00002797 E8853C0000                  call print_string
  2580 0000279C 48BE-                       mov rsi, arg1_buf
  2580 0000279E [B8BA010000000000] 
  2581 000027A6 E8763C0000                  call print_string
  2582 000027AB 48BE-                       mov rsi, msg_mount_ok3      ; "/. Use 'cf "
  2582 000027AD [E0D9000000000000] 
  2583 000027B5 E8673C0000                  call print_string
  2584 000027BA 48BE-                       mov rsi, arg1_buf
  2584 000027BC [B8BA010000000000] 
  2585 000027C4 E8583C0000                  call print_string
  2586 000027C9 48BE-                       mov rsi, msg_mount_ok4      ; "' to enter it."
  2586 000027CB [ECD9000000000000] 
  2587 000027D3 E8493C0000                  call print_string
  2588 000027D8 48BE-                       mov rsi, newline_str
  2588 000027DA [7ACE000000000000] 
  2589 000027E2 E83A3C0000                  call print_string
  2590 000027E7 C3                          ret
  2591                                  .already_mounted:
  2592 000027E8 48BE-                       mov rsi, msg_mount_already
  2592 000027EA [76D9000000000000] 
  2593 000027F2 B00C                        mov al, ATTR_ERROR
  2594 000027F4 E8373C0000                  call print_string_attr
  2595 000027F9 48BE-                       mov rsi, arg1_buf
  2595 000027FB [B8BA010000000000] 
  2596 00002803 E8193C0000                  call print_string
  2597 00002808 48BE-                       mov rsi, newline_str
  2597 0000280A [7ACE000000000000] 
  2598 00002812 E80A3C0000                  call print_string
  2599 00002817 C3                          ret
  2600                                  .not_found:
  2601 00002818 E8A43D0000                  call spinner_clear
  2602 0000281D 48BE-                       mov rsi, msg_mount_none
  2602 0000281F [46D9000000000000] 
  2603 00002827 B00C                        mov al, ATTR_ERROR
  2604 00002829 E8023C0000                  call print_string_attr
  2605 0000282E 48BE-                       mov rsi, arg1_buf
  2605 00002830 [B8BA010000000000] 
  2606 00002838 E8E43B0000                  call print_string
  2607 0000283D 48BE-                       mov rsi, msg_mount_none2
  2607 0000283F [5FD9000000000000] 
  2608 00002847 E8D53B0000                  call print_string
  2609 0000284C C3                          ret
  2610                                  .too_many:
  2611 0000284D E86F3D0000                  call spinner_clear
  2612 00002852 48BE-                       mov rsi, msg_mount_full
  2612 00002854 [8FD9000000000000] 
  2613 0000285C B00C                        mov al, ATTR_ERROR
  2614 0000285E E8CD3B0000                  call print_string_attr
  2615 00002863 C3                          ret
  2616                                  .load_fail:
  2617 00002864 E8583D0000                  call spinner_clear
  2618 00002869 48BE-                       mov rsi, msg_mount_fail
  2618 0000286B [AFD9000000000000] 
  2619 00002873 B00C                        mov al, ATTR_ERROR
  2620 00002875 E8B63B0000                  call print_string_attr
  2621 0000287A C3                          ret
  2622                                  
  2623                                  ; ------------------------------------------------------------
  2624                                  ; cmd_unmount: detach a mounted drive's volume from the filesystem.
  2625                                  ;   unmount <label>
  2626                                  ; Drops the mount slot (so 'sync' stops writing that volume back) and
  2627                                  ; frees the volume's whole node slice in memory, making /<label>/ vanish
  2628                                  ; from the tree. The data stays untouched on the drive - 'dscan' +
  2629                                  ; 'mount' re-attach it. Refuses while the current directory is inside
  2630                                  ; the volume, since that would strand the shell inside a freed tree.
  2631                                  cmd_unmount:
  2632 0000287B 803C25[B8BA0100]00          cmp byte [arg1_buf], 0
  2633 00002883 7512                        jne .have_arg
  2634 00002885 48BE-                       mov rsi, msg_unmount_usage
  2634 00002887 [FBD9000000000000] 
  2635 0000288F B00C                        mov al, ATTR_ERROR
  2636 00002891 E89A3B0000                  call print_string_attr
  2637 00002896 C3                          ret
  2638                                  .have_arg:
  2639                                      ; find the mount slot whose label matches
  2640 00002897 4D31E4                      xor r12, r12
  2641                                  .find_loop:
  2642 0000289A 4983FC02                    cmp r12, MAX_MOUNTS
  2643 0000289E 0F8323010000                jae .not_mounted
  2644 000028A4 4180BC24[DE050100]-         cmp byte [mount_used + r12], 0
  2644 000028AC 00                 
  2645 000028AD 7421                        je .find_next
  2646 000028AF 4C89E0                      mov rax, r12
  2647 000028B2 486BC020                    imul rax, 32
  2648 000028B6 488DB0[9C050100]            lea rsi, [mount_label + rax]
  2649 000028BD 48BF-                       mov rdi, arg1_buf
  2649 000028BF [B8BA010000000000] 
  2650 000028C7 E8C63A0000                  call str_eq
  2651 000028CC 3C01                        cmp al, 1
  2652 000028CE 7405                        je .found
  2653                                  .find_next:
  2654 000028D0 49FFC4                      inc r12
  2655 000028D3 EBC5                        jmp .find_loop
  2656                                  .found:
  2657                                      ; base node index of this mount's slice
  2658 000028D5 4C89E0                      mov rax, r12
  2659 000028D8 48FFC0                      inc rax
  2660 000028DB 486BC040                    imul rax, VOL_NODES
  2661                                      ; refuse if the current directory lives inside this volume
  2662 000028DF 488B1C25[CB6D0000]          mov rbx, [cur_dir]
  2663 000028E7 4889C1                      mov rcx, rax
  2664 000028EA 4883C140                    add rcx, VOL_NODES
  2665 000028EE 4839C3                      cmp rbx, rax
  2666 000028F1 7209                        jb .ok
  2667 000028F3 4839CB                      cmp rbx, rcx
  2668 000028F6 0F829B000000                jb .busy
  2669                                  .ok:
  2670                                      ; clear the mount slot
  2671 000028FC 41C68424[DE050100]-         mov byte [mount_used + r12], 0
  2671 00002904 00                 
  2672 00002905 41C68424[DC050100]-         mov byte [mount_device + r12], 0
  2672 0000290D 00                 
  2673 0000290E 4C89E7                      mov rdi, r12
  2674 00002911 486BFF20                    imul rdi, 32
  2675 00002915 488DBF[9C050100]            lea rdi, [mount_label + rdi]
  2676 0000291C B920000000                  mov rcx, 32
  2677 00002921 30C0                        xor al, al
  2678 00002923 F3AA                        rep stosb
  2679                                      ; free the whole slice so the volume disappears from the tree
  2680 00002925 488DB8[E0050100]            lea rdi, [node_type + rax]
  2681 0000292C B940000000                  mov rcx, VOL_NODES
  2682 00002931 30C0                        xor al, al
  2683 00002933 F3AA                        rep stosb
  2684                                      ; clear the root node's name too
  2685 00002935 4C89E0                      mov rax, r12
  2686 00002938 48FFC0                      inc rax
  2687 0000293B 486BC040                    imul rax, VOL_NODES
  2688 0000293F 486BC020                    imul rax, NAME_LEN
  2689 00002943 488DB8[600D0100]            lea rdi, [node_name + rax]
  2690 0000294A B920000000                  mov rcx, NAME_LEN
  2691 0000294F 30C0                        xor al, al
  2692 00002951 F3AA                        rep stosb
  2693                                      ; report
  2694 00002953 48BE-                       mov rsi, msg_unmount_ok1
  2694 00002955 [35DA000000000000] 
  2695 0000295D 8A0425[D46D0000]            mov al, [cur_normal_attr]
  2696 00002964 E8C73A0000                  call print_string_attr
  2697 00002969 48BE-                       mov rsi, arg1_buf
  2697 0000296B [B8BA010000000000] 
  2698 00002973 E8A93A0000                  call print_string
  2699 00002978 48BE-                       mov rsi, msg_unmount_ok2
  2699 0000297A [40DA000000000000] 
  2700 00002982 E89A3A0000                  call print_string
  2701 00002987 48BE-                       mov rsi, newline_str
  2701 00002989 [7ACE000000000000] 
  2702 00002991 E88B3A0000                  call print_string
  2703 00002996 C3                          ret
  2704                                  .busy:
  2705 00002997 48BE-                       mov rsi, msg_unmount_busy1
  2705 00002999 [B9DA000000000000] 
  2706 000029A1 B00C                        mov al, ATTR_ERROR
  2707 000029A3 E8883A0000                  call print_string_attr
  2708 000029A8 48BE-                       mov rsi, arg1_buf
  2708 000029AA [B8BA010000000000] 
  2709 000029B2 E86A3A0000                  call print_string
  2710 000029B7 48BE-                       mov rsi, msg_unmount_busy2
  2710 000029B9 [D1DA000000000000] 
  2711 000029C1 E85B3A0000                  call print_string
  2712 000029C6 C3                          ret
  2713                                  .not_mounted:
  2714 000029C7 48BE-                       mov rsi, msg_unmount_none1
  2714 000029C9 [7BDA000000000000] 
  2715 000029D1 B00C                        mov al, ATTR_ERROR
  2716 000029D3 E8583A0000                  call print_string_attr
  2717 000029D8 48BE-                       mov rsi, arg1_buf
  2717 000029DA [B8BA010000000000] 
  2718 000029E2 E83A3A0000                  call print_string
  2719 000029E7 48BE-                       mov rsi, msg_unmount_none2
  2719 000029E9 [9ADA000000000000] 
  2720 000029F1 E82B3A0000                  call print_string
  2721 000029F6 C3                          ret
  2722                                  
  2723                                  ; ------------------------------------------------------------
  2724                                  ; cmd_label: rename a formatted drive's label in place.
  2725                                  ;   label <old> <new>
  2726                                  ; Finds the device whose on-disk superblock label is <old> and
  2727                                  ; overwrites just the label field with <new> - the volume's node table
  2728                                  ; (files/folders) is never touched, so this is safe even on a drive
  2729                                  ; that already has data on it. Refuses if <new> is already in use by
  2730                                  ; a different drive. If the target drive happens to be currently
  2731                                  ; mounted, the in-memory mount_label and the mount's root folder name
  2732                                  ; are updated too, so the change is visible immediately.
  2733                                  cmd_label:
  2734 000029F7 803C25[B8BA0100]00          cmp byte [arg1_buf], 0
  2735 000029FF 7512                        jne .have_old
  2736 00002A01 48BE-                       mov rsi, msg_label_usage
  2736 00002A03 [F6DA000000000000] 
  2737 00002A0B B00C                        mov al, ATTR_ERROR
  2738 00002A0D E81E3A0000                  call print_string_attr
  2739 00002A12 C3                          ret
  2740                                  .have_old:
  2741 00002A13 803C25[18BB0100]00          cmp byte [arg2_buf], 0
  2742 00002A1B 7512                        jne .have_new
  2743 00002A1D 48BE-                       mov rsi, msg_label_usage
  2743 00002A1F [F6DA000000000000] 
  2744 00002A27 B00C                        mov al, ATTR_ERROR
  2745 00002A29 E8023A0000                  call print_string_attr
  2746 00002A2E C3                          ret
  2747                                  .have_new:
  2748 00002A2F 48BE-                       mov rsi, arg2_buf
  2748 00002A31 [18BB010000000000] 
  2749 00002A39 E86E2E0000                  call str_len
  2750 00002A3E 4883F820                    cmp rax, NAME_LEN
  2751 00002A42 0F838F020000                jae .too_long
  2752                                      ; refuse if <new> is already used by some other drive
  2753 00002A48 4D31ED                      xor r13, r13
  2754                                  .dup_scan:
  2755 00002A4B 4983FD08                    cmp r13, TOTAL_DEVICES
  2756 00002A4F 0F837F000000                jae .dup_done
  2757 00002A55 4488E8                      mov al, r13b
  2758 00002A58 E848240000                  call disk_select_device
  2759 00002A5D B82C010000                  mov rax, SUPER_LBA
  2760 00002A62 488D3C25[40010100]          lea rdi, [fs_super_buf]
  2761 00002A6A E85D240000                  call disk_read_sector
  2762 00002A6F 725B                        jc .dup_next
  2763 00002A71 803C25[40010100]53          cmp byte [fs_super_buf+0], 'S'
  2764 00002A79 7551                        jne .dup_next
  2765 00002A7B 803C25[41010100]46          cmp byte [fs_super_buf+1], 'F'
  2766 00002A83 7547                        jne .dup_next
  2767 00002A85 803C25[42010100]46          cmp byte [fs_super_buf+2], 'F'
  2768 00002A8D 753D                        jne .dup_next
  2769 00002A8F 803C25[43010100]53          cmp byte [fs_super_buf+3], 'S'
  2770 00002A97 7533                        jne .dup_next
  2771 00002A99 803C25[44010100]03          cmp byte [fs_super_buf+4], SFFS_VERSION
  2772 00002AA1 740A                        je .dup_is_sffs
  2773 00002AA3 803C25[44010100]02          cmp byte [fs_super_buf+4], SFFS_VERSION_V2
  2774 00002AAB 751F                        jne .dup_next
  2775                                  .dup_is_sffs:
  2776 00002AAD 488D3425[48010100]          lea rsi, [fs_super_buf + SUPER_LABEL_OFF]
  2777 00002AB5 48BF-                       mov rdi, arg2_buf
  2777 00002AB7 [18BB010000000000] 
  2778 00002ABF E8CE380000                  call str_eq
  2779 00002AC4 3C01                        cmp al, 1
  2780 00002AC6 0F8499010000                je .in_use
  2781                                  .dup_next:
  2782 00002ACC 49FFC5                      inc r13
  2783 00002ACF E977FFFFFF                  jmp .dup_scan
  2784                                  .dup_done:
  2785                                      ; find the target device whose label matches <old>
  2786 00002AD4 4D31ED                      xor r13, r13
  2787                                  .scan:
  2788 00002AD7 4983FD08                    cmp r13, TOTAL_DEVICES
  2789 00002ADB 0F83B4010000                jae .not_found
  2790 00002AE1 4488E8                      mov al, r13b
  2791 00002AE4 E8BC230000                  call disk_select_device
  2792 00002AE9 B82C010000                  mov rax, SUPER_LBA
  2793 00002AEE 488D3C25[40010100]          lea rdi, [fs_super_buf]
  2794 00002AF6 E8D1230000                  call disk_read_sector
  2795 00002AFB 7257                        jc .scan_next
  2796 00002AFD 803C25[40010100]53          cmp byte [fs_super_buf+0], 'S'
  2797 00002B05 754D                        jne .scan_next
  2798 00002B07 803C25[41010100]46          cmp byte [fs_super_buf+1], 'F'
  2799 00002B0F 7543                        jne .scan_next
  2800 00002B11 803C25[42010100]46          cmp byte [fs_super_buf+2], 'F'
  2801 00002B19 7539                        jne .scan_next
  2802 00002B1B 803C25[43010100]53          cmp byte [fs_super_buf+3], 'S'
  2803 00002B23 752F                        jne .scan_next
  2804 00002B25 803C25[44010100]03          cmp byte [fs_super_buf+4], SFFS_VERSION
  2805 00002B2D 740A                        je .scan_is_sffs
  2806 00002B2F 803C25[44010100]02          cmp byte [fs_super_buf+4], SFFS_VERSION_V2
  2807 00002B37 751B                        jne .scan_next
  2808                                  .scan_is_sffs:
  2809 00002B39 488D3425[48010100]          lea rsi, [fs_super_buf + SUPER_LABEL_OFF]
  2810 00002B41 48BF-                       mov rdi, arg1_buf
  2810 00002B43 [B8BA010000000000] 
  2811 00002B4B E842380000                  call str_eq
  2812 00002B50 3C01                        cmp al, 1
  2813 00002B52 7408                        je .found
  2814                                  .scan_next:
  2815 00002B54 49FFC5                      inc r13
  2816 00002B57 E97BFFFFFF                  jmp .scan
  2817                                  .found:
  2818                                      ; fs_super_buf still holds this device's just-read superblock;
  2819                                      ; overwrite only the label field, leave everything else as-is
  2820 00002B5C 48BF-                       mov rdi, fs_super_buf
  2820 00002B5E [4001010000000000] 
  2821 00002B66 4883C708                    add rdi, SUPER_LABEL_OFF
  2822 00002B6A B920000000                  mov rcx, NAME_LEN
  2823 00002B6F 30C0                        xor al, al
  2824 00002B71 F3AA                        rep stosb
  2825 00002B73 48BE-                       mov rsi, arg2_buf
  2825 00002B75 [18BB010000000000] 
  2826 00002B7D 48BF-                       mov rdi, fs_super_buf
  2826 00002B7F [4001010000000000] 
  2827 00002B87 4883C708                    add rdi, SUPER_LABEL_OFF
  2828 00002B8B E8D2370000                  call str_copy
  2829                                      ; the device is still selected from the scan above - write the
  2830                                      ; patched superblock straight back (node table sectors are untouched)
  2831 00002B90 B82C010000                  mov rax, SUPER_LBA
  2832 00002B95 488D3425[40010100]          lea rsi, [fs_super_buf]
  2833 00002B9D E83D230000                  call disk_write_sector
  2834 00002BA2 0F821D010000                jc .io_fail
  2835                                      ; if this device is currently mounted, keep live state in sync too
  2836 00002BA8 4D31E4                      xor r12, r12
  2837                                  .mount_check:
  2838 00002BAB 4983FC02                    cmp r12, MAX_MOUNTS
  2839 00002BAF 7361                        jae .report
  2840 00002BB1 4180BC24[DE050100]-         cmp byte [mount_used + r12], 0
  2840 00002BB9 00                 
  2841 00002BBA 7451                        je .mount_next
  2842 00002BBC 410FB68424-                 movzx eax, byte [mount_device + r12]
  2842 00002BC1 [DC050100]         
  2843 00002BC5 4439E8                      cmp eax, r13d
  2844 00002BC8 7543                        jne .mount_next
  2845 00002BCA 4C89E0                      mov rax, r12
  2846 00002BCD 486BC020                    imul rax, 32
  2847 00002BD1 488DB8[9C050100]            lea rdi, [mount_label + rax]
  2848 00002BD8 48BE-                       mov rsi, arg2_buf
  2848 00002BDA [18BB010000000000] 
  2849 00002BE2 E87B370000                  call str_copy
  2850 00002BE7 4C89E7                      mov rdi, r12
  2851 00002BEA 48FFC7                      inc rdi
  2852 00002BED 486BFF40                    imul rdi, VOL_NODES
  2853 00002BF1 486BFF20                    imul rdi, NAME_LEN
  2854 00002BF5 488DBF[600D0100]            lea rdi, [node_name + rdi]
  2855 00002BFC 48BE-                       mov rsi, arg2_buf
  2855 00002BFE [18BB010000000000] 
  2856 00002C06 E857370000                  call str_copy
  2857 00002C0B EB05                        jmp .report
  2858                                  .mount_next:
  2859 00002C0D 49FFC4                      inc r12
  2860 00002C10 EB99                        jmp .mount_check
  2861                                  .report:
  2862 00002C12 48BE-                       mov rsi, msg_label_ok1      ; "Relabeled '"
  2862 00002C14 [DCDB000000000000] 
  2863 00002C1C 8A0425[D46D0000]            mov al, [cur_normal_attr]
  2864 00002C23 E808380000                  call print_string_attr
  2865 00002C28 48BE-                       mov rsi, arg1_buf
  2865 00002C2A [B8BA010000000000] 
  2866 00002C32 E8EA370000                  call print_string
  2867 00002C37 48BE-                       mov rsi, msg_label_ok2      ; "' to '"
  2867 00002C39 [E8DB000000000000] 
  2868 00002C41 E8DB370000                  call print_string
  2869 00002C46 48BE-                       mov rsi, arg2_buf
  2869 00002C48 [18BB010000000000] 
  2870 00002C50 E8CC370000                  call print_string
  2871 00002C55 48BE-                       mov rsi, msg_label_ok3      ; "'."
  2871 00002C57 [EFDB000000000000] 
  2872 00002C5F E8BD370000                  call print_string
  2873 00002C64 C3                          ret
  2874                                  .in_use:
  2875 00002C65 48BE-                       mov rsi, msg_label_inuse1
  2875 00002C67 [88DB000000000000] 
  2876 00002C6F B00C                        mov al, ATTR_ERROR
  2877 00002C71 E8BA370000                  call print_string_attr
  2878 00002C76 48BE-                       mov rsi, arg2_buf
  2878 00002C78 [18BB010000000000] 
  2879 00002C80 E89C370000                  call print_string
  2880 00002C85 48BE-                       mov rsi, msg_label_inuse2
  2880 00002C87 [91DB000000000000] 
  2881 00002C8F E88D370000                  call print_string
  2882 00002C94 C3                          ret
  2883                                  .not_found:
  2884 00002C95 48BE-                       mov rsi, msg_label_none1
  2884 00002C97 [57DB000000000000] 
  2885 00002C9F B00C                        mov al, ATTR_ERROR
  2886 00002CA1 E88A370000                  call print_string_attr
  2887 00002CA6 48BE-                       mov rsi, arg1_buf
  2887 00002CA8 [B8BA010000000000] 
  2888 00002CB0 E86C370000                  call print_string
  2889 00002CB5 48BE-                       mov rsi, msg_label_none2
  2889 00002CB7 [71DB000000000000] 
  2890 00002CBF E85D370000                  call print_string
  2891 00002CC4 C3                          ret
  2892                                  .io_fail:
  2893 00002CC5 48BE-                       mov rsi, msg_label_iofail
  2893 00002CC7 [B6DB000000000000] 
  2894 00002CCF B00C                        mov al, ATTR_ERROR
  2895 00002CD1 E85A370000                  call print_string_attr
  2896 00002CD6 C3                          ret
  2897                                  .too_long:
  2898 00002CD7 48BE-                       mov rsi, msg_label_long
  2898 00002CD9 [28DB000000000000] 
  2899 00002CE1 B00C                        mov al, ATTR_ERROR
  2900 00002CE3 E848370000                  call print_string_attr
  2901 00002CE8 C3                          ret
  2902                                  
  2903                                  ; ------------------------------------------------------------
  2904                                  cmd_reboot:
  2905 00002CE9 803C25[D36D0000]00          cmp byte [auth_valid], 0
  2906 00002CF1 7512                        jne .reboot_ok
  2907 00002CF3 48BE-                       mov rsi, msg_auth_required
  2907 00002CF5 [EBDD000000000000] 
  2908 00002CFD B00C                        mov al, ATTR_ERROR
  2909 00002CFF E82C370000                  call print_string_attr
  2910 00002D04 C3                          ret
  2911                                  .reboot_ok:
  2912 00002D05 E8BD2A0000                  call fs_save                ; persist filesystem before restarting (best effort)
  2913                                  .wait_kbd:
  2914 00002D0A E464                        in al, 0x64
  2915 00002D0C A802                        test al, 2
  2916 00002D0E 75FA                        jnz .wait_kbd
  2917 00002D10 B0FE                        mov al, 0xFE
  2918 00002D12 E664                        out 0x64, al
  2919                                  .hang:
  2920 00002D14 F4                          hlt
  2921 00002D15 EBFD                        jmp .hang
  2922                                  
  2923                                  ; ------------------------------------------------------------
  2924                                  ; cmd_del: delete a file or folder in the current folder. Folders are
  2925                                  ; deleted recursively (fs_delete_tree), files are deleted directly.
  2926                                  cmd_del:
  2927 00002D17 803C25[D36D0000]00          cmp byte [auth_valid], 0
  2928 00002D1F 7512                        jne .del_ok
  2929 00002D21 48BE-                       mov rsi, msg_auth_required
  2929 00002D23 [EBDD000000000000] 
  2930 00002D2B B00C                        mov al, ATTR_ERROR
  2931 00002D2D E8FE360000                  call print_string_attr
  2932 00002D32 C3                          ret
  2933                                  .del_ok:
  2934 00002D33 803C25[B8BA0100]00          cmp byte [arg1_buf], 0
  2935 00002D3B 7512                        jne .have_arg
  2936 00002D3D 48BE-                       mov rsi, msg_need_name
  2936 00002D3F [34D5000000000000] 
  2937 00002D47 B00C                        mov al, ATTR_ERROR
  2938 00002D49 E8E2360000                  call print_string_attr
  2939 00002D4E C3                          ret
  2940                                  .have_arg:
  2941 00002D4F 488B0425[CB6D0000]          mov rax, [cur_dir]
  2942 00002D57 48BE-                       mov rsi, arg1_buf
  2942 00002D59 [B8BA010000000000] 
  2943 00002D61 48BF-                       mov rdi, leaf1_buf
  2943 00002D63 [60B8010000000000] 
  2944 00002D6B E8E31D0000                  call fs_resolve_path
  2945 00002D70 4883F8FF                    cmp rax, -1
  2946 00002D74 7479                        je .not_found
  2947 00002D76 4989C3                      mov r11, rax
  2948 00002D79 4C89D8                      mov rax, r11
  2949 00002D7C 48BE-                       mov rsi, leaf1_buf
  2949 00002D7E [60B8010000000000] 
  2950 00002D86 49C7C2FFFFFFFF              mov r10, -1                 ; any type (file or folder)
  2951 00002D8D E868190000                  call fs_find_child
  2952 00002D92 4883F8FF                    cmp rax, -1
  2953 00002D96 7457                        je .not_found
  2954 00002D98 4989C6                      mov r14, rax
  2955 00002D9B E85F1C0000                  call fs_delete_tree          ; recurses for folders, deletes a single node for files
  2956                                      ; if we just deleted a mounted volume's root, drop that mount slot too
  2957 00002DA0 4D31ED                      xor r13, r13
  2958                                  .clear_mount_loop:
  2959 00002DA3 4983FD02                    cmp r13, MAX_MOUNTS
  2960 00002DA7 7345                        jae .clear_mount_done
  2961 00002DA9 4180BD[DE050100]00          cmp byte [mount_used + r13], 0
  2962 00002DB1 7436                        je .clear_mount_next
  2963 00002DB3 4C89EF                      mov rdi, r13
  2964 00002DB6 48FFC7                      inc rdi
  2965 00002DB9 486BFF40                    imul rdi, VOL_NODES
  2966 00002DBD 4C39F7                      cmp rdi, r14
  2967 00002DC0 7527                        jne .clear_mount_next
  2968 00002DC2 41C685[DE050100]00          mov byte [mount_used + r13], 0
  2969 00002DCA 41C685[DC050100]00          mov byte [mount_device + r13], 0
  2970 00002DD2 4C89EF                      mov rdi, r13
  2971 00002DD5 486BFF20                    imul rdi, 32
  2972 00002DD9 488DBF[9C050100]            lea rdi, [mount_label + rdi]
  2973 00002DE0 B920000000                  mov rcx, 32
  2974 00002DE5 30C0                        xor al, al
  2975 00002DE7 F3AA                        rep stosb
  2976                                  .clear_mount_next:
  2977 00002DE9 49FFC5                      inc r13
  2978 00002DEC EBB5                        jmp .clear_mount_loop
  2979                                  .clear_mount_done:
  2980 00002DEE C3                          ret
  2981                                  .not_found:
  2982 00002DEF 48BE-                       mov rsi, msg_no_entry
  2982 00002DF1 [03D5000000000000] 
  2983 00002DF9 B00C                        mov al, ATTR_ERROR
  2984 00002DFB E830360000                  call print_string_attr
  2985 00002E00 48BE-                       mov rsi, arg1_buf
  2985 00002E02 [B8BA010000000000] 
  2986 00002E0A E812360000                  call print_string
  2987 00002E0F 48BE-                       mov rsi, newline_str
  2987 00002E11 [7ACE000000000000] 
  2988 00002E19 E803360000                  call print_string
  2989 00002E1E C3                          ret
  2990                                  
  2991                                  ; ------------------------------------------------------------
  2992                                  ; cmd_rmv: remove a variable by name
  2993                                  cmd_rmv:
  2994 00002E1F 803C25[B8BA0100]00          cmp byte [arg1_buf], 0
  2995 00002E27 7512                        jne .have_arg
  2996 00002E29 48BE-                       mov rsi, msg_need_name
  2996 00002E2B [34D5000000000000] 
  2997 00002E33 B00C                        mov al, ATTR_ERROR
  2998 00002E35 E8F6350000                  call print_string_attr
  2999 00002E3A C3                          ret
  3000                                  .have_arg:
  3001                                      ; "rmv ali <name>" / "auth rmv ali all" - alias removal, not a variable
  3002 00002E3B 48BE-                       mov rsi, arg1_buf
  3002 00002E3D [B8BA010000000000] 
  3003 00002E45 48BF-                       mov rdi, str_ali
  3003 00002E47 [14CF000000000000] 
  3004 00002E4F E83E350000                  call str_eq
  3005 00002E54 3C01                        cmp al, 1
  3006 00002E56 7474                        je .rmv_ali
  3007                                  
  3008 00002E58 48BE-                       mov rsi, arg1_buf
  3008 00002E5A [B8BA010000000000] 
  3009 00002E62 E8582A0000                  call var_find
  3010 00002E67 4883F8FF                    cmp rax, -1
  3011 00002E6B 742F                        je .not_found
  3012 00002E6D 4989C1                      mov r9, rax
  3013 00002E70 41C681[08C10100]00          mov byte [var_used + r9], 0
  3014 00002E78 4AC704CD[88C00100]-         mov qword [var_value + r9*8], 0
  3014 00002E80 00000000           
  3015 00002E84 4C89CF                      mov rdi, r9
  3016 00002E87 486BFF20                    imul rdi, VAR_NAME_LEN
  3017 00002E8B 488DBF[88BE0100]            lea rdi, [var_name + rdi]
  3018 00002E92 B920000000                  mov rcx, VAR_NAME_LEN
  3019 00002E97 30C0                        xor al, al
  3020 00002E99 F3AA                        rep stosb
  3021 00002E9B C3                          ret
  3022                                  .not_found:
  3023 00002E9C 48BE-                       mov rsi, msg_no_var
  3023 00002E9E [1CD5000000000000] 
  3024 00002EA6 B00C                        mov al, ATTR_ERROR
  3025 00002EA8 E883350000                  call print_string_attr
  3026 00002EAD 48BE-                       mov rsi, arg1_buf
  3026 00002EAF [B8BA010000000000] 
  3027 00002EB7 E865350000                  call print_string
  3028 00002EBC 48BE-                       mov rsi, newline_str
  3028 00002EBE [7ACE000000000000] 
  3029 00002EC6 E856350000                  call print_string
  3030 00002ECB C3                          ret
  3031                                  
  3032                                  .rmv_ali:
  3033 00002ECC 803C25[18BB0100]00          cmp byte [arg2_buf], 0
  3034 00002ED4 7512                        jne .rmv_ali_have_name
  3035 00002ED6 48BE-                       mov rsi, msg_need_name
  3035 00002ED8 [34D5000000000000] 
  3036 00002EE0 B00C                        mov al, ATTR_ERROR
  3037 00002EE2 E849350000                  call print_string_attr
  3038 00002EE7 C3                          ret
  3039                                  .rmv_ali_have_name:
  3040                                      ; "rmv ali all" only clears everything when run as "auth rmv ali all"
  3041 00002EE8 48BE-                       mov rsi, arg2_buf
  3041 00002EEA [18BB010000000000] 
  3042 00002EF2 48BF-                       mov rdi, str_rmv_all
  3042 00002EF4 [60D2000000000000] 
  3043 00002EFC E891340000                  call str_eq
  3044 00002F01 3C01                        cmp al, 1
  3045 00002F03 7450                        je .rmv_ali_all
  3046                                  
  3047 00002F05 48BE-                       mov rsi, arg2_buf
  3047 00002F07 [18BB010000000000] 
  3048 00002F0F E8F6100000                  call alias_lookup
  3049 00002F14 4883F8FF                    cmp rax, -1
  3050 00002F18 740B                        je .rmv_ali_not_found
  3051 00002F1A 4889C1                      mov rcx, rax
  3052 00002F1D C681[E8CC0100]00            mov byte [alias_used + rcx], 0
  3053 00002F24 C3                          ret
  3054                                  .rmv_ali_not_found:
  3055 00002F25 48BE-                       mov rsi, msg_no_alias
  3055 00002F27 [D8DE000000000000] 
  3056 00002F2F B00C                        mov al, ATTR_ERROR
  3057 00002F31 E8FA340000                  call print_string_attr
  3058 00002F36 48BE-                       mov rsi, arg2_buf
  3058 00002F38 [18BB010000000000] 
  3059 00002F40 E8DC340000                  call print_string
  3060 00002F45 48BE-                       mov rsi, newline_str
  3060 00002F47 [7ACE000000000000] 
  3061 00002F4F E8CD340000                  call print_string
  3062 00002F54 C3                          ret
  3063                                  
  3064                                  .rmv_ali_all:
  3065 00002F55 803C25[D36D0000]00          cmp byte [auth_valid], 0
  3066 00002F5D 7512                        jne .rmv_ali_all_ok
  3067 00002F5F 48BE-                       mov rsi, msg_auth_required
  3067 00002F61 [EBDD000000000000] 
  3068 00002F69 B00C                        mov al, ATTR_ERROR
  3069 00002F6B E8C0340000                  call print_string_attr
  3070 00002F70 C3                          ret
  3071                                  .rmv_ali_all_ok:
  3072 00002F71 C60425[D36D0000]00          mov byte [auth_valid], 0
  3073 00002F79 E820120000                  call aliases_clear_all
  3074 00002F7E 48BE-                       mov rsi, msg_aliases_cleared
  3074 00002F80 [FBDE000000000000] 
  3075 00002F88 8A0425[D46D0000]            mov al, [cur_normal_attr]
  3076 00002F8F E89C340000                  call print_string_attr
  3077 00002F94 C3                          ret
  3078                                  
  3079                                  ; ------------------------------------------------------------
  3080                                  ; cmd_sdown: save the filesystem, then power off. Tries a real ACPI
  3081                                  ; shutdown first (finds the FADT/_S5 via the RSDP, which is what real
  3082                                  ; hardware actually requires), then falls back to the fixed magic ports
  3083                                  ; QEMU/Bochs/VirtualBox use as debug shutdown shortcuts, and finally
  3084                                  ; just halts safely if nothing worked.
  3085                                  cmd_sdown:
  3086 00002F95 803C25[D36D0000]00          cmp byte [auth_valid], 0
  3087 00002F9D 7512                        jne .sdown_ok
  3088 00002F9F 48BE-                       mov rsi, msg_auth_required
  3088 00002FA1 [EBDD000000000000] 
  3089 00002FA9 B00C                        mov al, ATTR_ERROR
  3090 00002FAB E880340000                  call print_string_attr
  3091 00002FB0 C3                          ret
  3092                                  .sdown_ok:
  3093 00002FB1 E811280000                  call fs_save
  3094 00002FB6 48BE-                       mov rsi, msg_shutting_down
  3094 00002FB8 [FCD5000000000000] 
  3095 00002FC0 8A0425[D46D0000]            mov al, [cur_normal_attr]
  3096 00002FC7 E864340000                  call print_string_attr
  3097 00002FCC E822000000                  call acpi_shutdown            ; if this works, we never come back
  3098 00002FD1 66BA0406                    mov dx, 0x604                ; QEMU (older versions) ACPI PM control
  3099 00002FD5 66B80020                    mov ax, 0x2000
  3100 00002FD9 66EF                        out dx, ax
  3101 00002FDB 66BA04B0                    mov dx, 0xB004                ; Bochs / very old QEMU
  3102 00002FDF 66B80020                    mov ax, 0x2000
  3103 00002FE3 66EF                        out dx, ax
  3104 00002FE5 66BA0440                    mov dx, 0x4004                ; VirtualBox
  3105 00002FE9 66B80034                    mov ax, 0x3400
  3106 00002FED 66EF                        out dx, ax
  3107                                  .hang:
  3108 00002FEF FA                          cli
  3109 00002FF0 F4                          hlt
  3110 00002FF1 EBFC                        jmp .hang
  3111                                  
  3112                                  ; ------------------------------------------------------------
  3113                                  ; acpi_shutdown: real ACPI power-off, the mechanism real hardware
  3114                                  ; actually needs (the hardcoded emulator ports above are debug
  3115                                  ; shortcuts that only exist in software, not on physical machines).
  3116                                  ;
  3117                                  ; Steps (see the ACPI spec / OSDev wiki "Shutdown" page for the
  3118                                  ; equivalent C version of this):
  3119                                  ;   1) find the RSDP by scanning the EBDA and 0xE0000-0xFFFFF for the
  3120                                  ;      "RSD PTR " signature
  3121                                  ;   2) walk the RSDT (or XSDT on ACPI 2.0+) to find the FADT ("FACP")
  3122                                  ;   3) from the FADT, get the DSDT pointer and the PM1a/PM1b control
  3123                                  ;      ports, and enable ACPI mode via SMI_CMD if it isn't already on
  3124                                  ;   4) scan the DSDT's AML bytecode for the "_S5_" package, which
  3125                                  ;      encodes the SLP_TYPa/SLP_TYPb sleep-state values for power-off
  3126                                  ;   5) write (SLP_TYP | SLP_EN) to the PM1 control port(s)
  3127                                  ;
  3128                                  ; If any step fails (table missing, signature doesn't check out, etc)
  3129                                  ; this just returns and the caller falls back to the legacy ports.
  3130                                  ; Requires boot.asm's identity map to cover wherever these tables land
  3131                                  ; in physical memory - see the 64MB mapping in pm_entry.
  3132                                  acpi_shutdown:
  3133 00002FF3 50                          push rax
  3134 00002FF4 53                          push rbx
  3135 00002FF5 51                          push rcx
  3136 00002FF6 52                          push rdx
  3137 00002FF7 56                          push rsi
  3138 00002FF8 57                          push rdi
  3139 00002FF9 4150                        push r8
  3140 00002FFB 4151                        push r9
  3141 00002FFD 4152                        push r10
  3142 00002FFF 4153                        push r11
  3143 00003001 4154                        push r12
  3144 00003003 4155                        push r13
  3145 00003005 4156                        push r14
  3146 00003007 4157                        push r15
  3147                                  
  3148 00003009 E806020000                  call acpi_find_rsdp
  3149 0000300E 4885C0                      test rax, rax
  3150 00003011 0F84E6010000                jz .out
  3151 00003017 4989C7                      mov r15, rax                  ; r15 = RSDP address
  3152                                  
  3153                                      ; prefer the XSDT (8-byte pointers) on ACPI 2.0+, else the RSDT
  3154                                      ; (4-byte pointers)
  3155 0000301A 410FB6470F                  movzx eax, byte [r15+15]      ; RSDP revision
  3156 0000301F 3C02                        cmp al, 2
  3157 00003021 7214                        jb .use_rsdt
  3158 00003023 498B4718                    mov rax, [r15+24]             ; XSDT address
  3159 00003027 4885C0                      test rax, rax
  3160 0000302A 740B                        jz .use_rsdt
  3161 0000302C 4989C5                      mov r13, rax
  3162 0000302F 41BC08000000                mov r12, 8                    ; pointer size in this table
  3163 00003035 EB18                        jmp .have_sdt
  3164                                  .use_rsdt:
  3165 00003037 31C0                        xor eax, eax
  3166 00003039 418B4710                    mov eax, [r15+16]             ; RSDT address (32-bit)
  3167 0000303D 4885C0                      test rax, rax
  3168 00003040 0F84B7010000                jz .out
  3169 00003046 4989C5                      mov r13, rax
  3170 00003049 41BC04000000                mov r12, 4
  3171                                  .have_sdt:
  3172 0000304F 418B4504                    mov eax, [r13+4]              ; table Length
  3173 00003053 83E824                      sub eax, 36
  3174 00003056 0F8EA1010000                jle .out
  3175 0000305C 31D2                        xor edx, edx
  3176 0000305E 4489E3                      mov ebx, r12d
  3177 00003061 F7F3                        div ebx                       ; eax = number of table pointers
  3178 00003063 4889C1                      mov rcx, rax
  3179 00003066 498D5D24                    lea rbx, [r13+36]             ; cursor into the pointer array
  3180 0000306A 4D31D2                      xor r10, r10                  ; r10 = FADT address once found
  3181                                  .find_fadt:
  3182 0000306D 4883F900                    cmp rcx, 0
  3183 00003071 743C                        je .fadt_done
  3184 00003073 4983FC04                    cmp r12, 4
  3185 00003077 7506                        jne .ptr8
  3186 00003079 31C0                        xor eax, eax
  3187 0000307B 8B03                        mov eax, [rbx]
  3188 0000307D EB03                        jmp .have_ptr
  3189                                  .ptr8:
  3190 0000307F 488B03                      mov rax, [rbx]
  3191                                  .have_ptr:
  3192 00003082 50                          push rax
  3193 00003083 4889C6                      mov rsi, rax
  3194 00003086 488D3C25[08330000]          lea rdi, [facp_sig]
  3195 0000308E B904000000                  mov rcx, 4
  3196 00003093 E844020000                  call bytes_eq
  3197 00003098 4188C6                      mov r14b, al                 ; stash match result - 'pop rax' below would clobber al
  3198 0000309B 58                          pop rax
  3199 0000309C 4180FE01                    cmp r14b, 1
  3200 000030A0 7505                        jne .fadt_next
  3201 000030A2 4989C2                      mov r10, rax
  3202 000030A5 EB08                        jmp .fadt_done
  3203                                  .fadt_next:
  3204 000030A7 4C01E3                      add rbx, r12
  3205 000030AA 48FFC9                      dec rcx
  3206 000030AD EBBE                        jmp .find_fadt
  3207                                  .fadt_done:
  3208 000030AF 4D85D2                      test r10, r10
  3209 000030B2 0F8445010000                jz .out                       ; no FADT -> can't do a real ACPI shutdown
  3210                                  
  3211 000030B8 418B4240                    mov eax, [r10 + FADT_PM1a_CNT_BLK]
  3212 000030BC 85C0                        test eax, eax
  3213 000030BE 0F8439010000                jz .out                       ; no PM1a control port, give up
  3214 000030C4 890425[14330000]            mov [acpi_pm1a_port], eax
  3215 000030CB 418B4244                    mov eax, [r10 + FADT_PM1b_CNT_BLK]
  3216 000030CF 890425[18330000]            mov [acpi_pm1b_port], eax
  3217                                  
  3218                                      ; enable ACPI mode (SCI_EN, bit 0 of PM1a control) if not already on
  3219 000030D6 668B1425[14330000]          mov dx, word [acpi_pm1a_port]
  3220 000030DE 66ED                        in ax, dx
  3221 000030E0 66A90100                    test ax, 1
  3222 000030E4 752D                        jnz .have_acpi_mode
  3223 000030E6 418B5230                    mov edx, [r10 + FADT_SMI_CMD]
  3224 000030EA 85D2                        test edx, edx
  3225 000030EC 7425                        jz .have_acpi_mode            ; no SMI_CMD -> assume already usable
  3226 000030EE 410FB64234                  movzx eax, byte [r10 + FADT_ACPI_ENABLE]
  3227 000030F3 85C0                        test eax, eax
  3228 000030F5 741C                        jz .have_acpi_mode            ; 0 means "n/a" per spec
  3229 000030F7 EE                          out dx, al
  3230 000030F8 41B840420F00                mov r8, 1000000                ; bounded poll, never hang forever
  3231                                  .poll_acpi:
  3232 000030FE 668B1425[14330000]          mov dx, word [acpi_pm1a_port]
  3233 00003106 66ED                        in ax, dx
  3234 00003108 66A90100                    test ax, 1
  3235 0000310C 7505                        jnz .have_acpi_mode
  3236 0000310E 49FFC8                      dec r8
  3237 00003111 75EB                        jnz .poll_acpi
  3238                                      ; timed out - try the shutdown write anyway; some firmwares still
  3239                                      ; honor it
  3240                                  .have_acpi_mode:
  3241                                  
  3242                                      ; locate and validate the DSDT
  3243 00003113 418B4228                    mov eax, [r10 + FADT_DSDT]
  3244 00003117 85C0                        test eax, eax
  3245 00003119 0F84DE000000                jz .out
  3246 0000311F 4D31ED                      xor r13, r13
  3247 00003122 4189C5                      mov r13d, eax                 ; r13 = DSDT address
  3248 00003125 4C89EE                      mov rsi, r13
  3249 00003128 488D3C25[0C330000]          lea rdi, [dsdt_sig]
  3250 00003130 B904000000                  mov rcx, 4
  3251 00003135 E8A2010000                  call bytes_eq
  3252 0000313A 3C01                        cmp al, 1
  3253 0000313C 0F85BB000000                jne .out
  3254                                  
  3255 00003142 418B4504                    mov eax, [r13+4]               ; DSDT length
  3256 00003146 4D89EE                      mov r14, r13
  3257 00003149 4901C6                      add r14, rax                   ; r14 = end of table
  3258 0000314C 4983EE04                    sub r14, 4                     ; leave room for a 4-byte compare
  3259 00003150 4983C524                    add r13, 36                    ; r13 = AML scan cursor, past the header
  3260                                  
  3261                                  .find_s5:
  3262 00003154 4D39F5                      cmp r13, r14
  3263 00003157 0F83A0000000                jae .out                       ; _S5_ not found -> give up
  3264 0000315D 4C89EE                      mov rsi, r13
  3265 00003160 488D3C25[10330000]          lea rdi, [s5_sig]
  3266 00003168 B904000000                  mov rcx, 4
  3267 0000316D E86A010000                  call bytes_eq
  3268 00003172 3C01                        cmp al, 1
  3269 00003174 7405                        je .found_s5
  3270 00003176 49FFC5                      inc r13
  3271 00003179 EBD9                        jmp .find_s5
  3272                                  .found_s5:
  3273                                      ; classic decode of the AML PackageOp following "_S5_" to pull out
  3274                                      ; SLP_TYPa / SLP_TYPb without a full AML parser
  3275 0000317B 4983C505                    add r13, 5                     ; skip "_S5_" (4 bytes) + PackageOp (1)
  3276 0000317F 410FB64500                  movzx eax, byte [r13]
  3277 00003184 89C1                        mov ecx, eax
  3278 00003186 C1E906                      shr ecx, 6                     ; top 2 bits of PkgLength lead byte
  3279 00003189 83C102                      add ecx, 2                     ; + the lead byte + NumElements byte
  3280 0000318C 4901CD                      add r13, rcx                   ; now at the first package element
  3281                                  
  3282 0000318F 41807D000A                  cmp byte [r13], 0x0A           ; AML ByteConst prefix
  3283 00003194 7503                        jne .have_typa
  3284 00003196 49FFC5                      inc r13
  3285                                  .have_typa:
  3286 00003199 410FB64500                  movzx eax, byte [r13]
  3287 0000319E 880425[1C330000]            mov [acpi_slp_typa], al
  3288 000031A5 49FFC5                      inc r13
  3289 000031A8 41807D000A                  cmp byte [r13], 0x0A
  3290 000031AD 7503                        jne .have_typb
  3291 000031AF 49FFC5                      inc r13
  3292                                  .have_typb:
  3293 000031B2 410FB64500                  movzx eax, byte [r13]
  3294 000031B7 880425[1D330000]            mov [acpi_slp_typb], al
  3295                                  
  3296 000031BE 0FB60425[1C330000]          movzx eax, byte [acpi_slp_typa]
  3297 000031C6 C1E00A                      shl eax, 10
  3298 000031C9 0D00200000                  or eax, 1 << 13                ; SLP_EN
  3299 000031CE 668B1425[14330000]          mov dx, word [acpi_pm1a_port]
  3300 000031D6 66EF                        out dx, ax                     ; if this is really ACPI, we never return
  3301                                  
  3302 000031D8 8B0425[18330000]            mov eax, [acpi_pm1b_port]
  3303 000031DF 85C0                        test eax, eax
  3304 000031E1 741A                        jz .out
  3305 000031E3 0FB60425[1D330000]          movzx eax, byte [acpi_slp_typb]
  3306 000031EB C1E00A                      shl eax, 10
  3307 000031EE 0D00200000                  or eax, 1 << 13
  3308 000031F3 668B1425[18330000]          mov dx, word [acpi_pm1b_port]
  3309 000031FB 66EF                        out dx, ax
  3310                                  
  3311                                  .out:
  3312 000031FD 415F                        pop r15
  3313 000031FF 415E                        pop r14
  3314 00003201 415D                        pop r13
  3315 00003203 415C                        pop r12
  3316 00003205 415B                        pop r11
  3317 00003207 415A                        pop r10
  3318 00003209 4159                        pop r9
  3319 0000320B 4158                        pop r8
  3320 0000320D 5F                          pop rdi
  3321 0000320E 5E                          pop rsi
  3322 0000320F 5A                          pop rdx
  3323 00003210 59                          pop rcx
  3324 00003211 5B                          pop rbx
  3325 00003212 58                          pop rax
  3326 00003213 C3                          ret
  3327                                  
  3328                                  ; acpi_find_rsdp: scans the EBDA, then 0xE0000-0xFFFFF, 16 bytes at a
  3329                                  ; time, for the 8-byte "RSD PTR " signature with a valid checksum.
  3330                                  ; Returns rax = RSDP address, or 0 if not found.
  3331                                  acpi_find_rsdp:
  3332 00003214 53                          push rbx
  3333 00003215 51                          push rcx
  3334 00003216 52                          push rdx
  3335 00003217 56                          push rsi
  3336 00003218 57                          push rdi
  3337 00003219 4150                        push r8
  3338 0000321B 4151                        push r9
  3339                                  
  3340 0000321D 31C0                        xor eax, eax
  3341 0000321F 668B04250E040000            mov ax, [0x40E]                ; EBDA segment, BIOS data area
  3342 00003227 C1E004                      shl eax, 4
  3343 0000322A 85C0                        test eax, eax
  3344 0000322C 7442                        jz .pass2
  3345 0000322E 4989C0                      mov r8, rax
  3346 00003231 4989C1                      mov r9, rax
  3347 00003234 4981C100040000              add r9, 1024
  3348                                  .ebda_loop:
  3349 0000323B 4D39C8                      cmp r8, r9
  3350 0000323E 7330                        jae .pass2
  3351 00003240 4C89C6                      mov rsi, r8
  3352 00003243 488D3C25[00330000]          lea rdi, [rsdp_sig]
  3353 0000324B B908000000                  mov rcx, 8
  3354 00003250 E887000000                  call bytes_eq
  3355 00003255 3C01                        cmp al, 1
  3356 00003257 7511                        jne .ebda_next
  3357 00003259 4C89C6                      mov rsi, r8
  3358 0000325C E85C000000                  call acpi_rsdp_checksum_ok
  3359 00003261 3C01                        cmp al, 1
  3360 00003263 7505                        jne .ebda_next
  3361 00003265 4C89C0                      mov rax, r8
  3362 00003268 EB49                        jmp .found
  3363                                  .ebda_next:
  3364 0000326A 4983C010                    add r8, 16
  3365 0000326E EBCB                        jmp .ebda_loop
  3366                                  .pass2:
  3367 00003270 41B800000E00                mov r8, 0xE0000
  3368 00003276 41B900001000                mov r9, 0x100000
  3369                                  .main_loop:
  3370 0000327C 4D39C8                      cmp r8, r9
  3371 0000327F 7330                        jae .notfound
  3372 00003281 4C89C6                      mov rsi, r8
  3373 00003284 488D3C25[00330000]          lea rdi, [rsdp_sig]
  3374 0000328C B908000000                  mov rcx, 8
  3375 00003291 E846000000                  call bytes_eq
  3376 00003296 3C01                        cmp al, 1
  3377 00003298 7511                        jne .main_next
  3378 0000329A 4C89C6                      mov rsi, r8
  3379 0000329D E81B000000                  call acpi_rsdp_checksum_ok
  3380 000032A2 3C01                        cmp al, 1
  3381 000032A4 7505                        jne .main_next
  3382 000032A6 4C89C0                      mov rax, r8
  3383 000032A9 EB08                        jmp .found
  3384                                  .main_next:
  3385 000032AB 4983C010                    add r8, 16
  3386 000032AF EBCB                        jmp .main_loop
  3387                                  .notfound:
  3388 000032B1 31C0                        xor eax, eax
  3389                                  .found:
  3390 000032B3 4159                        pop r9
  3391 000032B5 4158                        pop r8
  3392 000032B7 5F                          pop rdi
  3393 000032B8 5E                          pop rsi
  3394 000032B9 5A                          pop rdx
  3395 000032BA 59                          pop rcx
  3396 000032BB 5B                          pop rbx
  3397 000032BC C3                          ret
  3398                                  
  3399                                  ; acpi_rsdp_checksum_ok: rsi = candidate RSDP address. Returns al=1 if
  3400                                  ; the first 20 bytes (the ACPI 1.0 fixed part, present in all versions)
  3401                                  ; sum to 0 mod 256, else al=0.
  3402                                  acpi_rsdp_checksum_ok:
  3403 000032BD 56                          push rsi
  3404 000032BE 51                          push rcx
  3405 000032BF 53                          push rbx
  3406 000032C0 30DB                        xor bl, bl
  3407 000032C2 B914000000                  mov rcx, 20
  3408                                  .loop:
  3409 000032C7 021E                        add bl, [rsi]
  3410 000032C9 48FFC6                      inc rsi
  3411 000032CC E2F9                        loop .loop
  3412 000032CE 84DB                        test bl, bl
  3413 000032D0 7504                        jnz .bad
  3414 000032D2 B001                        mov al, 1
  3415 000032D4 EB02                        jmp .out
  3416                                  .bad:
  3417 000032D6 30C0                        xor al, al
  3418                                  .out:
  3419 000032D8 5B                          pop rbx
  3420 000032D9 59                          pop rcx
  3421 000032DA 5E                          pop rsi
  3422 000032DB C3                          ret
  3423                                  
  3424                                  ; bytes_eq: rsi, rdi = buffers, rcx = length. Returns al=1 if equal.
  3425                                  bytes_eq:
  3426 000032DC 56                          push rsi
  3427 000032DD 57                          push rdi
  3428 000032DE 51                          push rcx
  3429                                  .loop:
  3430 000032DF 4883F900                    cmp rcx, 0
  3431 000032E3 7411                        je .eq
  3432 000032E5 8A06                        mov al, [rsi]
  3433 000032E7 3A07                        cmp al, [rdi]
  3434 000032E9 750F                        jne .neq
  3435 000032EB 48FFC6                      inc rsi
  3436 000032EE 48FFC7                      inc rdi
  3437 000032F1 48FFC9                      dec rcx
  3438 000032F4 EBE9                        jmp .loop
  3439                                  .eq:
  3440 000032F6 B001                        mov al, 1
  3441 000032F8 EB02                        jmp .out
  3442                                  .neq:
  3443 000032FA 30C0                        xor al, al
  3444                                  .out:
  3445 000032FC 59                          pop rcx
  3446 000032FD 5F                          pop rdi
  3447 000032FE 5E                          pop rsi
  3448 000032FF C3                          ret
  3449                                  
  3450                                  FADT_SMI_CMD       equ 48
  3451                                  FADT_ACPI_ENABLE   equ 52
  3452                                  FADT_PM1a_CNT_BLK  equ 64
  3453                                  FADT_PM1b_CNT_BLK  equ 68
  3454                                  FADT_DSDT          equ 40
  3455                                  
  3456 00003300 5253442050545220        rsdp_sig: db "RSD PTR "
  3457 00003308 46414350                facp_sig: db "FACP"
  3458 0000330C 44534454                dsdt_sig: db "DSDT"
  3459 00003310 5F53355F                s5_sig:   db "_S5_"
  3460 00003314 00000000                acpi_pm1a_port: dd 0
  3461 00003318 00000000                acpi_pm1b_port: dd 0
  3462 0000331C 00                      acpi_slp_typa:  db 0
  3463 0000331D 00                      acpi_slp_typb:  db 0
  3464                                  
  3465                                  ; ------------------------------------------------------------
  3466                                  ; cmd_rname: rename a file or folder in the current folder
  3467                                  cmd_rname:
  3468 0000331E 803C25[B8BA0100]00          cmp byte [arg1_buf], 0
  3469 00003326 7512                        jne .check2
  3470 00003328 48BE-                       mov rsi, msg_need_name
  3470 0000332A [34D5000000000000] 
  3471 00003332 B00C                        mov al, ATTR_ERROR
  3472 00003334 E8F7300000                  call print_string_attr
  3473 00003339 C3                          ret
  3474                                  .check2:
  3475 0000333A 803C25[18BB0100]00          cmp byte [arg2_buf], 0
  3476 00003342 7512                        jne .have_args
  3477 00003344 48BE-                       mov rsi, msg_need_name
  3477 00003346 [34D5000000000000] 
  3478 0000334E B00C                        mov al, ATTR_ERROR
  3479 00003350 E8DB300000                  call print_string_attr
  3480 00003355 C3                          ret
  3481                                  .have_args:
  3482 00003356 48BE-                       mov rsi, arg2_buf
  3482 00003358 [18BB010000000000] 
  3483 00003360 E847250000                  call str_len
  3484 00003365 4883F820                    cmp rax, NAME_LEN
  3485 00003369 0F839F000000                jae .toolong
  3486 0000336F 488B0425[CB6D0000]          mov rax, [cur_dir]
  3487 00003377 48BE-                       mov rsi, arg1_buf
  3487 00003379 [B8BA010000000000] 
  3488 00003381 48BF-                       mov rdi, leaf1_buf
  3488 00003383 [60B8010000000000] 
  3489 0000338B E8C3170000                  call fs_resolve_path
  3490 00003390 4883F8FF                    cmp rax, -1
  3491 00003394 0F8486000000                je .not_found
  3492 0000339A 4989C5                      mov r13, rax                ; folder the source lives in
  3493 0000339D 4C89E8                      mov rax, r13
  3494 000033A0 48BE-                       mov rsi, leaf1_buf
  3494 000033A2 [60B8010000000000] 
  3495 000033AA 49C7C2FFFFFFFF              mov r10, -1                 ; any type
  3496 000033B1 E844130000                  call fs_find_child
  3497 000033B6 4883F8FF                    cmp rax, -1
  3498 000033BA 7464                        je .not_found
  3499 000033BC 4989C1                      mov r9, rax                 ; node to rename
  3500 000033BF 4C89E8                      mov rax, r13                ; new name is checked/applied in the same folder
  3501 000033C2 48BE-                       mov rsi, arg2_buf
  3501 000033C4 [18BB010000000000] 
  3502 000033CC 49C7C2FFFFFFFF              mov r10, -1
  3503 000033D3 E822130000                  call fs_find_child
  3504 000033D8 4883F8FF                    cmp rax, -1
  3505 000033DC 751E                        jne .exists
  3506 000033DE 4C89CF                      mov rdi, r9
  3507 000033E1 486BFF20                    imul rdi, NAME_LEN
  3508 000033E5 488DBF[600D0100]            lea rdi, [node_name + rdi]
  3509 000033EC 48BE-                       mov rsi, arg2_buf
  3509 000033EE [18BB010000000000] 
  3510 000033F6 E8672F0000                  call str_copy
  3511 000033FB C3                          ret
  3512                                  .exists:
  3513 000033FC 48BE-                       mov rsi, msg_exists
  3513 000033FE [4FD5000000000000] 
  3514 00003406 B00C                        mov al, ATTR_ERROR
  3515 00003408 E823300000                  call print_string_attr
  3516 0000340D C3                          ret
  3517                                  .toolong:
  3518 0000340E 48BE-                       mov rsi, msg_name_too_long
  3518 00003410 [90D5000000000000] 
  3519 00003418 B00C                        mov al, ATTR_ERROR
  3520 0000341A E811300000                  call print_string_attr
  3521 0000341F C3                          ret
  3522                                  .not_found:
  3523 00003420 48BE-                       mov rsi, msg_no_entry
  3523 00003422 [03D5000000000000] 
  3524 0000342A B00C                        mov al, ATTR_ERROR
  3525 0000342C E8FF2F0000                  call print_string_attr
  3526 00003431 48BE-                       mov rsi, arg1_buf
  3526 00003433 [B8BA010000000000] 
  3527 0000343B E8E12F0000                  call print_string
  3528 00003440 48BE-                       mov rsi, newline_str
  3528 00003442 [7ACE000000000000] 
  3529 0000344A E8D22F0000                  call print_string
  3530 0000344F C3                          ret
  3531                                  
  3532                                  ; ------------------------------------------------------------
  3533                                  ; cmd_cpy: copy a file or folder (recursively) within the current folder
  3534                                  ; under a new name
  3535                                  cmd_cpy:
  3536 00003450 803C25[B8BA0100]00          cmp byte [arg1_buf], 0
  3537 00003458 7512                        jne .check2
  3538 0000345A 48BE-                       mov rsi, msg_need_name
  3538 0000345C [34D5000000000000] 
  3539 00003464 B00C                        mov al, ATTR_ERROR
  3540 00003466 E8C52F0000                  call print_string_attr
  3541 0000346B C3                          ret
  3542                                  .check2:
  3543 0000346C 803C25[18BB0100]00          cmp byte [arg2_buf], 0
  3544 00003474 7512                        jne .have_args
  3545 00003476 48BE-                       mov rsi, msg_need_name
  3545 00003478 [34D5000000000000] 
  3546 00003480 B00C                        mov al, ATTR_ERROR
  3547 00003482 E8A92F0000                  call print_string_attr
  3548 00003487 C3                          ret
  3549                                  .have_args:
  3550                                      ; resolve the source path -> (folder, leaf) and find the node
  3551 00003488 488B0425[CB6D0000]          mov rax, [cur_dir]
  3552 00003490 48BE-                       mov rsi, arg1_buf
  3552 00003492 [B8BA010000000000] 
  3553 0000349A 48BF-                       mov rdi, leaf1_buf
  3553 0000349C [60B8010000000000] 
  3554 000034A4 E8AA160000                  call fs_resolve_path
  3555 000034A9 4883F8FF                    cmp rax, -1
  3556 000034AD 0F84FF000000                je .not_found
  3557 000034B3 48BE-                       mov rsi, leaf1_buf
  3557 000034B5 [60B8010000000000] 
  3558 000034BD 49C7C2FFFFFFFF              mov r10, -1
  3559 000034C4 E831120000                  call fs_find_child
  3560 000034C9 4883F8FF                    cmp rax, -1
  3561 000034CD 0F84DF000000                je .not_found
  3562 000034D3 4989C6                      mov r14, rax                ; src node index
  3563                                  
  3564                                      ; resolve the destination path -> (folder, leaf name to copy as).
  3565                                      ; Same rule as mov: if arg2 names an existing folder, copy INTO it
  3566                                      ; under the source's own name rather than treating the last path
  3567                                      ; component as a literal new name.
  3568 000034D6 488B0425[CB6D0000]          mov rax, [cur_dir]
  3569 000034DE 48BE-                       mov rsi, arg2_buf
  3569 000034E0 [18BB010000000000] 
  3570 000034E8 4831FF                      xor rdi, rdi                 ; rdi=0 -> whole-path mode
  3571 000034EB E863160000                  call fs_resolve_path
  3572 000034F0 4883F8FF                    cmp rax, -1
  3573 000034F4 741C                        je .split_dest2
  3574 000034F6 4989C2                      mov r10, rax                  ; dest parent = the existing folder
  3575 000034F9 48BE-                       mov rsi, leaf1_buf
  3575 000034FB [60B8010000000000] 
  3576 00003503 488D3C25[A0B80100]          lea rdi, [leaf2_buf]
  3577 0000350B E8522E0000                  call str_copy
  3578 00003510 EB2A                        jmp .have_dest2
  3579                                  .split_dest2:
  3580 00003512 488B0425[CB6D0000]          mov rax, [cur_dir]
  3581 0000351A 48BE-                       mov rsi, arg2_buf
  3581 0000351C [18BB010000000000] 
  3582 00003524 48BF-                       mov rdi, leaf2_buf
  3582 00003526 [A0B8010000000000] 
  3583 0000352E E820160000                  call fs_resolve_path
  3584 00003533 4883F8FF                    cmp rax, -1
  3585 00003537 7449                        je .bad_dest
  3586 00003539 4989C2                      mov r10, rax                 ; dest parent folder
  3587                                  .have_dest2:
  3588 0000353C 4C89F0                      mov rax, r14
  3589 0000353F 48BE-                       mov rsi, leaf2_buf
  3589 00003541 [A0B8010000000000] 
  3590 00003549 E81E150000                  call fs_copy_node
  3591 0000354E 4883F8FF                    cmp rax, -1
  3592 00003552 751B                        jne .ret_ok
  3593 00003554 803C25[E29E0100]01          cmp byte [fs_name_too_long], 1
  3594 0000355C 7412                        je .toolong
  3595 0000355E 48BE-                       mov rsi, msg_copy_failed
  3595 00003560 [BAD5000000000000] 
  3596 00003568 B00C                        mov al, ATTR_ERROR
  3597 0000356A E8C12E0000                  call print_string_attr
  3598                                  .ret_ok:
  3599 0000356F C3                          ret
  3600                                  .toolong:
  3601 00003570 48BE-                       mov rsi, msg_name_too_long
  3601 00003572 [90D5000000000000] 
  3602 0000357A B00C                        mov al, ATTR_ERROR
  3603 0000357C E8AF2E0000                  call print_string_attr
  3604 00003581 C3                          ret
  3605                                  .bad_dest:
  3606 00003582 48BE-                       mov rsi, msg_bad_path
  3606 00003584 [CED4000000000000] 
  3607 0000358C B00C                        mov al, ATTR_ERROR
  3608 0000358E E89D2E0000                  call print_string_attr
  3609 00003593 48BE-                       mov rsi, arg2_buf
  3609 00003595 [18BB010000000000] 
  3610 0000359D E87F2E0000                  call print_string
  3611 000035A2 48BE-                       mov rsi, newline_str
  3611 000035A4 [7ACE000000000000] 
  3612 000035AC E8702E0000                  call print_string
  3613 000035B1 C3                          ret
  3614                                  .not_found:
  3615 000035B2 48BE-                       mov rsi, msg_no_entry
  3615 000035B4 [03D5000000000000] 
  3616 000035BC B00C                        mov al, ATTR_ERROR
  3617 000035BE E86D2E0000                  call print_string_attr
  3618 000035C3 48BE-                       mov rsi, arg1_buf
  3618 000035C5 [B8BA010000000000] 
  3619 000035CD E84F2E0000                  call print_string
  3620 000035D2 48BE-                       mov rsi, newline_str
  3620 000035D4 [7ACE000000000000] 
  3621 000035DC E8402E0000                  call print_string
  3622 000035E1 C3                          ret
  3623                                  
  3624                                  ; ------------------------------------------------------------
  3625                                  ; cmd_mov: move/rename a file or folder (recursively) within the current
  3626                                  ; folder - implemented as copy-then-delete-original.
  3627                                  cmd_mov:
  3628 000035E2 803C25[B8BA0100]00          cmp byte [arg1_buf], 0
  3629 000035EA 7512                        jne .check2
  3630 000035EC 48BE-                       mov rsi, msg_need_name
  3630 000035EE [34D5000000000000] 
  3631 000035F6 B00C                        mov al, ATTR_ERROR
  3632 000035F8 E8332E0000                  call print_string_attr
  3633 000035FD C3                          ret
  3634                                  .check2:
  3635 000035FE 803C25[18BB0100]00          cmp byte [arg2_buf], 0
  3636 00003606 7512                        jne .have_args
  3637 00003608 48BE-                       mov rsi, msg_need_name
  3637 0000360A [34D5000000000000] 
  3638 00003612 B00C                        mov al, ATTR_ERROR
  3639 00003614 E8172E0000                  call print_string_attr
  3640 00003619 C3                          ret
  3641                                  .have_args:
  3642 0000361A 488B0425[CB6D0000]          mov rax, [cur_dir]
  3643 00003622 48BE-                       mov rsi, arg1_buf
  3643 00003624 [B8BA010000000000] 
  3644 0000362C 48BF-                       mov rdi, leaf1_buf
  3644 0000362E [60B8010000000000] 
  3645 00003636 E818150000                  call fs_resolve_path
  3646 0000363B 4883F8FF                    cmp rax, -1
  3647 0000363F 0F8408010000                je .not_found
  3648 00003645 48BE-                       mov rsi, leaf1_buf
  3648 00003647 [60B8010000000000] 
  3649 0000364F 49C7C2FFFFFFFF              mov r10, -1
  3650 00003656 E89F100000                  call fs_find_child
  3651 0000365B 4883F8FF                    cmp rax, -1
  3652 0000365F 0F84E8000000                je .not_found
  3653 00003665 4989C6                      mov r14, rax                 ; remember src idx to delete after copy
  3654                                  
  3655                                      ; If arg2 names an existing FOLDER (whole-path mode: every component,
  3656                                      ; including the last, is resolved via fs_find_child instead of copied
  3657                                      ; verbatim into leaf_buf), move INTO that folder under the source's own
  3658                                      ; name - standard mv-into-directory behavior. Only fall back to treating
  3659                                      ; the last component of arg2 as a brand-new name when arg2 doesn't
  3660                                      ; resolve to an existing folder. Without this, "mov hi.txt /home/test"
  3661                                      ; tried to create a file literally called "test" next to the folder
  3662                                      ; "test" and failed with a bogus "already exists" error.
  3663 00003668 488B0425[CB6D0000]          mov rax, [cur_dir]
  3664 00003670 48BE-                       mov rsi, arg2_buf
  3664 00003672 [18BB010000000000] 
  3665 0000367A 4831FF                      xor rdi, rdi                  ; rdi=0 -> whole-path mode
  3666 0000367D E8D1140000                  call fs_resolve_path
  3667 00003682 4883F8FF                    cmp rax, -1
  3668 00003686 741C                        je .split_dest
  3669 00003688 4989C2                      mov r10, rax                  ; dest parent = the existing folder
  3670 0000368B 48BE-                       mov rsi, leaf1_buf
  3670 0000368D [60B8010000000000] 
  3671 00003695 488D3C25[A0B80100]          lea rdi, [leaf2_buf]
  3672 0000369D E8C02C0000                  call str_copy                 ; keep the source's own name
  3673 000036A2 EB2A                        jmp .have_dest
  3674                                  .split_dest:
  3675 000036A4 488B0425[CB6D0000]          mov rax, [cur_dir]
  3676 000036AC 48BE-                       mov rsi, arg2_buf
  3676 000036AE [18BB010000000000] 
  3677 000036B6 48BF-                       mov rdi, leaf2_buf
  3677 000036B8 [A0B8010000000000] 
  3678 000036C0 E88E140000                  call fs_resolve_path
  3679 000036C5 4883F8FF                    cmp rax, -1
  3680 000036C9 7452                        je .bad_dest
  3681 000036CB 4989C2                      mov r10, rax                  ; dest parent folder
  3682                                  .have_dest:
  3683 000036CE 4C89F0                      mov rax, r14
  3684 000036D1 48BE-                       mov rsi, leaf2_buf
  3684 000036D3 [A0B8010000000000] 
  3685 000036DB E88C130000                  call fs_copy_node
  3686 000036E0 4883F8FF                    cmp rax, -1
  3687 000036E4 7409                        je .failed
  3688 000036E6 4C89F0                      mov rax, r14
  3689 000036E9 E811130000                  call fs_delete_tree
  3690 000036EE C3                          ret
  3691                                  .failed:
  3692 000036EF 803C25[E29E0100]01          cmp byte [fs_name_too_long], 1
  3693 000036F7 7412                        je .toolong
  3694 000036F9 48BE-                       mov rsi, msg_copy_failed
  3694 000036FB [BAD5000000000000] 
  3695 00003703 B00C                        mov al, ATTR_ERROR
  3696 00003705 E8262D0000                  call print_string_attr
  3697 0000370A C3                          ret
  3698                                  .toolong:
  3699 0000370B 48BE-                       mov rsi, msg_name_too_long
  3699 0000370D [90D5000000000000] 
  3700 00003715 B00C                        mov al, ATTR_ERROR
  3701 00003717 E8142D0000                  call print_string_attr
  3702 0000371C C3                          ret
  3703                                  .bad_dest:
  3704 0000371D 48BE-                       mov rsi, msg_bad_path
  3704 0000371F [CED4000000000000] 
  3705 00003727 B00C                        mov al, ATTR_ERROR
  3706 00003729 E8022D0000                  call print_string_attr
  3707 0000372E 48BE-                       mov rsi, arg2_buf
  3707 00003730 [18BB010000000000] 
  3708 00003738 E8E42C0000                  call print_string
  3709 0000373D 48BE-                       mov rsi, newline_str
  3709 0000373F [7ACE000000000000] 
  3710 00003747 E8D52C0000                  call print_string
  3711 0000374C C3                          ret
  3712                                  .not_found:
  3713 0000374D 48BE-                       mov rsi, msg_no_entry
  3713 0000374F [03D5000000000000] 
  3714 00003757 B00C                        mov al, ATTR_ERROR
  3715 00003759 E8D22C0000                  call print_string_attr
  3716 0000375E 48BE-                       mov rsi, arg1_buf
  3716 00003760 [B8BA010000000000] 
  3717 00003768 E8B42C0000                  call print_string
  3718 0000376D 48BE-                       mov rsi, newline_str
  3718 0000376F [7ACE000000000000] 
  3719 00003777 E8A52C0000                  call print_string
  3720 0000377C C3                          ret
  3721                                  
  3722                                  ; ============================================================
  3723                                  ;  NON-BLOCKING KEYBOARD POLL  (for Esc-to-kill during scripts)
  3724                                  ; ============================================================
  3725                                  ; kbd_poll: checks if a key is available (non-blocking). If it's
  3726                                  ; Esc (scancode 0x01 make code), sets kill_flag. Other keys are
  3727                                  ; consumed and discarded.
  3728                                  kbd_poll:
  3729 0000377D E464                        in al, 0x64
  3730 0000377F A801                        test al, 1
  3731 00003781 740E                        jz .no_key
  3732 00003783 E460                        in al, 0x60
  3733 00003785 3C01                        cmp al, 0x01                  ; Esc make code
  3734 00003787 7508                        jne .no_key
  3735 00003789 C60425[37D10100]01          mov byte [kill_flag], 1
  3736                                  .no_key:
  3737 00003791 C3                          ret
  3738                                  
  3739                                  ; ============================================================
  3740                                  ;  PROCESS TABLE HELPERS
  3741                                  ; ============================================================
  3742                                  ; proc_alloc: finds a free slot, assigns a PID, sets state=running.
  3743                                  ; Returns rax = slot index, or -1 if full.
  3744                                  proc_alloc:
  3745 00003792 51                          push rcx
  3746 00003793 4831C9                      xor rcx, rcx
  3747                                  .palloc_loop:
  3748 00003796 4883F904                    cmp rcx, MAX_PROCESSES
  3749 0000379A 7339                        jae .palloc_fail
  3750 0000379C 80B9[30D10100]00            cmp byte [proc_state + rcx], 0
  3751 000037A3 7405                        je .palloc_found
  3752 000037A5 48FFC1                      inc rcx
  3753 000037A8 EBEC                        jmp .palloc_loop
  3754                                  .palloc_found:
  3755 000037AA 880C25[36D10100]            mov [proc_cur_slot], cl
  3756 000037B1 C681[30D10100]01            mov byte [proc_state + rcx], 1    ; running
  3757 000037B8 488B0425[34D10100]          mov rax, [proc_next_pid]
  3758 000037C0 66898409[A8D00100]          mov [proc_id + rcx*2], ax
  3759 000037C8 66FF0425[34D10100]          inc word [proc_next_pid]
  3760 000037D0 4889C8                      mov rax, rcx
  3761 000037D3 EB07                        jmp .palloc_out
  3762                                  .palloc_fail:
  3763 000037D5 48C7C0FFFFFFFF              mov rax, -1
  3764                                  .palloc_out:
  3765 000037DC 59                          pop rcx
  3766 000037DD C3                          ret
  3767                                  
  3768                                  ; proc_free_slot: rdi = slot index. Frees the slot.
  3769                                  proc_free_slot:
  3770 000037DE 53                          push rbx
  3771 000037DF 51                          push rcx
  3772 000037E0 57                          push rdi
  3773 000037E1 4889FB                      mov rbx, rdi                    ; rbx = slot index
  3774 000037E4 C683[30D10100]00            mov byte [proc_state + rbx], 0
  3775 000037EB 66C7841B[A8D00100]-         mov word [proc_id + rbx*2], 0
  3775 000037F3 0000               
  3776 000037F5 4889D8                      mov rax, rbx
  3777 000037F8 486BC020                    imul rax, 32
  3778 000037FC 488DB8[B0D00100]            lea rdi, [proc_name + rax]
  3779 00003803 B920000000                  mov rcx, 32
  3780 00003808 30C0                        xor al, al
  3781 0000380A F3AA                        rep stosb
  3782 0000380C 5F                          pop rdi
  3783 0000380D 59                          pop rcx
  3784 0000380E 5B                          pop rbx
  3785 0000380F C3                          ret
  3786                                  
  3787                                  ; ============================================================
  3788                                  ;  cmd_rr: run a rush script file
  3789                                  ;  Usage: rr <filename.rsh>
  3790                                  ;  Creates a process called "runrush <filename>" with a PID.
  3791                                  ;  Executes each line of the file as a rush command. Lines
  3792                                  ;  starting with $ are treated as comments and skipped.
  3793                                  ;  Press Esc to kill the running script.
  3794                                  ; ============================================================
  3795                                  cmd_rr:
  3796 00003810 803C25[B8BA0100]00          cmp byte [arg1_buf], 0
  3797 00003818 7512                        jne .have_arg
  3798 0000381A 48BE-                       mov rsi, msg_need_name
  3798 0000381C [34D5000000000000] 
  3799 00003824 B00C                        mov al, ATTR_ERROR
  3800 00003826 E8052C0000                  call print_string_attr
  3801 0000382B C3                          ret
  3802                                  .have_arg:
  3803                                      ; Find the file in the filesystem (like "view" does)
  3804 0000382C 488B0425[CB6D0000]          mov rax, [cur_dir]
  3805 00003834 48BE-                       mov rsi, arg1_buf
  3805 00003836 [B8BA010000000000] 
  3806 0000383E 48BF-                       mov rdi, leaf1_buf
  3806 00003840 [60B8010000000000] 
  3807 00003848 E806130000                  call fs_resolve_path
  3808 0000384D 4883F8FF                    cmp rax, -1
  3809 00003851 0F84D3010000                je .not_found
  3810 00003857 4989C3                      mov r11, rax                    ; parent dir
  3811 0000385A 4C89D8                      mov rax, r11
  3812 0000385D 48BE-                       mov rsi, leaf1_buf
  3812 0000385F [60B8010000000000] 
  3813 00003867 41BA02000000                mov r10, 2                      ; type file
  3814 0000386D E8880E0000                  call fs_find_child
  3815 00003872 4883F8FF                    cmp rax, -1
  3816 00003876 0F84AE010000                je .not_found
  3817                                  
  3818                                      ; rax = node index, get content pointer
  3819 0000387C 4889C3                      mov rbx, rax                    ; node index
  3820 0000387F 4889DF                      mov rdi, rbx
  3821 00003882 4869FFA0000000              imul rdi, CONTENT_LEN
  3822 00003889 4C8DA7[60250100]            lea r12, [node_content + rdi]   ; r12 = pointer to file content
  3823 00003890 4C892425[38D10100]          mov [rr_content_ptr], r12
  3824                                  
  3825                                      ; Allocate a process slot
  3826 00003898 E8F5FEFFFF                  call proc_alloc
  3827 0000389D 4883F8FF                    cmp rax, -1
  3828 000038A1 0F84B3010000                je .proc_full
  3829                                  
  3830                                      ; Store process name "runrush"
  3831 000038A7 480FB60425-                 movzx rax, byte [proc_cur_slot]
  3831 000038AC [36D10100]         
  3832 000038B0 486BC020                    imul rax, 32
  3833 000038B4 488DB8[B0D00100]            lea rdi, [proc_name + rax]
  3834 000038BB 48BE-                       mov rsi, str_runrush
  3834 000038BD [EDCE000000000000] 
  3835 000038C5 E8982A0000                  call str_copy
  3836                                  
  3837                                      ; Reset kill flag
  3838 000038CA C60425[37D10100]00          mov byte [kill_flag], 0
  3839                                  
  3840                                      ; Print "runrush <filename> (pid N)"
  3841 000038D2 48BE-                       mov rsi, msg_rr_running
  3841 000038D4 [36DD000000000000] 
  3842 000038DC 8A0425[D46D0000]            mov al, [cur_normal_attr]
  3843 000038E3 E8482B0000                  call print_string_attr
  3844 000038E8 48BE-                       mov rsi, arg1_buf
  3844 000038EA [B8BA010000000000] 
  3845 000038F2 E82A2B0000                  call print_string
  3846 000038F7 480FB60425-                 movzx rax, byte [proc_cur_slot]
  3846 000038FC [36D10100]         
  3847 00003900 480FB78400-                 movzx rax, word [proc_id + rax*2]
  3847 00003905 [A8D00100]         
  3848 00003909 488D3C25[50D00100]          lea rdi, [show_num_buf]
  3849 00003911 E8CA200000                  call int_to_str
  3850 00003916 48BE-                       mov rsi, msg_rr_pid1
  3850 00003918 [3FDD000000000000] 
  3851 00003920 8A0425[D46D0000]            mov al, [cur_normal_attr]
  3852 00003927 E8042B0000                  call print_string_attr
  3853 0000392C 48BE-                       mov rsi, show_num_buf
  3853 0000392E [50D0010000000000] 
  3854 00003936 E8E62A0000                  call print_string
  3855 0000393B 48BE-                       mov rsi, msg_rr_pid2
  3855 0000393D [46DD000000000000] 
  3856 00003945 E8D72A0000                  call print_string
  3857                                  
  3858                                      ; Parse and execute lines
  3859                                  .rr_loop:
  3860                                      ; Check for Esc key (non-blocking)
  3861 0000394A E82EFEFFFF                  call kbd_poll
  3862 0000394F 803C25[37D10100]00          cmp byte [kill_flag], 0
  3863 00003957 0F85AA000000                jne .killed
  3864                                  
  3865                                      ; Reload content pointer (dispatch may have clobbered registers)
  3866 0000395D 4C8B2425[38D10100]          mov r12, [rr_content_ptr]
  3867                                  
  3868                                      ; Check if we're at end of content
  3869 00003965 41803C2400                  cmp byte [r12], 0
  3870 0000396A 7473                        je .done
  3871                                  
  3872                                      ; Copy one line to line_buf
  3873 0000396C 48BF-                       mov rdi, line_buf
  3873 0000396E [E0B8010000000000] 
  3874 00003976 4D31F6                      xor r14, r14                    ; line length counter
  3875                                  .rr_copy_loop:
  3876 00003979 418A0424                    mov al, [r12]
  3877 0000397D 3C00                        cmp al, 0
  3878 0000397F 741A                        je .rr_line_end
  3879 00003981 3C0A                        cmp al, 0x0A                    ; newline
  3880 00003983 7416                        je .rr_line_end
  3881 00003985 4981FEDB000000              cmp r14, LINE_MAX-1
  3882 0000398C 730D                        jae .rr_line_end
  3883 0000398E 8807                        mov [rdi], al
  3884 00003990 48FFC7                      inc rdi
  3885 00003993 49FFC6                      inc r14
  3886 00003996 49FFC4                      inc r12
  3887 00003999 EBDE                        jmp .rr_copy_loop
  3888                                  .rr_line_end:
  3889                                      ; Update content pointer
  3890 0000399B 4C892425[38D10100]          mov [rr_content_ptr], r12
  3891                                  
  3892                                      ; Skip the newline if we hit one
  3893 000039A3 41803C240A                  cmp byte [r12], 0x0A
  3894 000039A8 750B                        jne .rr_no_newline
  3895 000039AA 49FFC4                      inc r12
  3896 000039AD 4C892425[38D10100]          mov [rr_content_ptr], r12
  3897                                  .rr_no_newline:
  3898                                  
  3899 000039B5 C60700                      mov byte [rdi], 0               ; null-terminate line_buf
  3900                                  
  3901                                      ; Skip $ comments
  3902 000039B8 803C25[E0B80100]24          cmp byte [line_buf], '$'
  3903 000039C0 7418                        je .rr_next_line
  3904                                  
  3905                                      ; Skip empty lines
  3906 000039C2 803C25[E0B80100]00          cmp byte [line_buf], 0
  3907 000039CA 740E                        je .rr_next_line
  3908                                  
  3909                                      ; "ali <name> <commands>" defines an alias - same raw-line
  3910                                      ; interception as the interactive shell (see try_handle_ali_line),
  3911                                      ; so alias bodies containing ; or ~ survive intact inside scripts too.
  3912 000039CC E8AF040000                  call try_handle_ali_line
  3913 000039D1 3C01                        cmp al, 1
  3914 000039D3 7405                        je .rr_next_line
  3915                                  
  3916                                      ; Process ;-chained commands with kill_flag checks between segments
  3917 000039D5 E8B7C7FFFF                  call process_chain_rr
  3918                                  
  3919                                  .rr_next_line:
  3920 000039DA E96BFFFFFF                  jmp .rr_loop
  3921                                  
  3922                                  .done:
  3923 000039DF 480FB60425-                 movzx rax, byte [proc_cur_slot]
  3923 000039E4 [36D10100]         
  3924 000039E8 4889C7                      mov rdi, rax
  3925 000039EB E8EEFDFFFF                  call proc_free_slot
  3926 000039F0 48BE-                       mov rsi, msg_rr_done
  3926 000039F2 [5ADD000000000000] 
  3927 000039FA 8A0425[D46D0000]            mov al, [cur_normal_attr]
  3928 00003A01 E82A2A0000                  call print_string_attr
  3929 00003A06 C3                          ret
  3930                                  
  3931                                  .killed:
  3932 00003A07 480FB60425-                 movzx rax, byte [proc_cur_slot]
  3932 00003A0C [36D10100]         
  3933 00003A10 4889C7                      mov rdi, rax
  3934 00003A13 E8C6FDFFFF                  call proc_free_slot
  3935 00003A18 48BE-                       mov rsi, msg_rr_killed
  3935 00003A1A [49DD000000000000] 
  3936 00003A22 B00C                        mov al, ATTR_ERROR
  3937 00003A24 E8072A0000                  call print_string_attr
  3938 00003A29 C3                          ret
  3939                                  
  3940                                  .not_found:
  3941 00003A2A 48BE-                       mov rsi, msg_rr_nofile
  3941 00003A2C [68DD000000000000] 
  3942 00003A34 B00C                        mov al, ATTR_ERROR
  3943 00003A36 E8F5290000                  call print_string_attr
  3944 00003A3B 48BE-                       mov rsi, arg1_buf
  3944 00003A3D [B8BA010000000000] 
  3945 00003A45 E8D7290000                  call print_string
  3946 00003A4A 48BE-                       mov rsi, newline_str
  3946 00003A4C [7ACE000000000000] 
  3947 00003A54 E8C8290000                  call print_string
  3948 00003A59 C3                          ret
  3949                                  
  3950                                  .proc_full:
  3951 00003A5A 48BE-                       mov rsi, msg_rr_toomany
  3951 00003A5C [7BDD000000000000] 
  3952 00003A64 B00C                        mov al, ATTR_ERROR
  3953 00003A66 E8C5290000                  call print_string_attr
  3954 00003A6B C3                          ret
  3955                                  
  3956                                  ; ============================================================
  3957                                  ;  cmd_prs: process status / kill command
  3958                                  ;  Usage:
  3959                                  ;    prs                  - list processes
  3960                                  ;    prs kill <id>        - kill process by PID
  3961                                  ;    prs kill rushrun     - kill the rushrun process
  3962                                  ; ============================================================
  3963                                  cmd_prs:
  3964                                      ; Check if arg1 is "kill"
  3965 00003A6C 48BE-                       mov rsi, arg1_buf
  3965 00003A6E [B8BA010000000000] 
  3966 00003A76 48BF-                       mov rdi, str_kill
  3966 00003A78 [E0CE000000000000] 
  3967 00003A80 E80D290000                  call str_eq
  3968 00003A85 3C01                        cmp al, 1
  3969 00003A87 7406                        je .prs_kill
  3970                                  
  3971                                      ; No subcommand - show process info
  3972 00003A89 E84E010000                  call prs_show
  3973 00003A8E C3                          ret
  3974                                  
  3975                                  .prs_kill:
  3976                                      ; Check if arg2 is "rushrun"
  3977 00003A8F 48BE-                       mov rsi, arg2_buf
  3977 00003A91 [18BB010000000000] 
  3978 00003A99 48BF-                       mov rdi, str_rushrun
  3978 00003A9B [E5CE000000000000] 
  3979 00003AA3 E8EA280000                  call str_eq
  3980 00003AA8 3C01                        cmp al, 1
  3981 00003AAA 0F8492000000                je .kill_rushrun
  3982                                  
  3983                                      ; Check if arg2 is a number (PID)
  3984 00003AB0 48BE-                       mov rsi, arg2_buf
  3984 00003AB2 [18BB010000000000] 
  3985 00003ABA E8BC1E0000                  call parse_int
  3986 00003ABF 80F901                      cmp cl, 1
  3987 00003AC2 0F8502010000                jne .bad_kill_arg
  3988                                  
  3989                                      ; Search for process with this PID
  3990 00003AC8 4989C4                      mov r12, rax                    ; target PID
  3991 00003ACB 4D31ED                      xor r13, r13                    ; slot index
  3992                                  .prs_find_pid:
  3993 00003ACE 4983FD04                    cmp r13, MAX_PROCESSES
  3994 00003AD2 0F83E0000000                jae .kill_not_found
  3995 00003AD8 4180BD[30D10100]00          cmp byte [proc_state + r13], 0
  3996 00003AE0 740E                        je .kill_next
  3997 00003AE2 4B0FB7842D-                 movzx rax, word [proc_id + r13*2]
  3997 00003AE7 [A8D00100]         
  3998 00003AEB 4C39E0                      cmp rax, r12
  3999 00003AEE 7405                        je .kill_found_pid
  4000                                  .kill_next:
  4001 00003AF0 49FFC5                      inc r13
  4002 00003AF3 EBD9                        jmp .prs_find_pid
  4003                                  .kill_found_pid:
  4004 00003AF5 C60425[37D10100]01          mov byte [kill_flag], 1
  4005 00003AFD 48BE-                       mov rsi, msg_prs_killed
  4005 00003AFF [B6DD000000000000] 
  4006 00003B07 8A0425[D46D0000]            mov al, [cur_normal_attr]
  4007 00003B0E E81D290000                  call print_string_attr
  4008 00003B13 4C89E0                      mov rax, r12
  4009 00003B16 488D3C25[50D00100]          lea rdi, [show_num_buf]
  4010 00003B1E E8BD1E0000                  call int_to_str
  4011 00003B23 48BE-                       mov rsi, show_num_buf
  4011 00003B25 [50D0010000000000] 
  4012 00003B2D E8EF280000                  call print_string
  4013 00003B32 48BE-                       mov rsi, newline_str
  4013 00003B34 [7ACE000000000000] 
  4014 00003B3C E8E0280000                  call print_string
  4015 00003B41 C3                          ret
  4016                                  
  4017                                  .kill_rushrun:
  4018                                      ; Find process named "runrush"
  4019 00003B42 4D31ED                      xor r13, r13
  4020                                  .prs_find_rushrun:
  4021 00003B45 4983FD04                    cmp r13, MAX_PROCESSES
  4022 00003B49 736D                        jae .kill_not_found
  4023 00003B4B 4180BD[30D10100]00          cmp byte [proc_state + r13], 0
  4024 00003B53 7421                        je .rushrun_next
  4025 00003B55 4C89E8                      mov rax, r13
  4026 00003B58 486BC020                    imul rax, 32
  4027 00003B5C 488DB8[B0D00100]            lea rdi, [proc_name + rax]
  4028 00003B63 48BE-                       mov rsi, str_runrush
  4028 00003B65 [EDCE000000000000] 
  4029 00003B6D E820280000                  call str_eq
  4030 00003B72 3C01                        cmp al, 1
  4031 00003B74 7405                        je .kill_found_rushrun
  4032                                  .rushrun_next:
  4033 00003B76 49FFC5                      inc r13
  4034 00003B79 EBCA                        jmp .prs_find_rushrun
  4035                                  .kill_found_rushrun:
  4036 00003B7B C60425[37D10100]01          mov byte [kill_flag], 1
  4037 00003B83 48BE-                       mov rsi, msg_prs_killed
  4037 00003B85 [B6DD000000000000] 
  4038 00003B8D 8A0425[D46D0000]            mov al, [cur_normal_attr]
  4039 00003B94 E897280000                  call print_string_attr
  4040 00003B99 48BE-                       mov rsi, str_rushrun
  4040 00003B9B [E5CE000000000000] 
  4041 00003BA3 E879280000                  call print_string
  4042 00003BA8 48BE-                       mov rsi, newline_str
  4042 00003BAA [7ACE000000000000] 
  4043 00003BB2 E86A280000                  call print_string
  4044 00003BB7 C3                          ret
  4045                                  
  4046                                  .kill_not_found:
  4047 00003BB8 48BE-                       mov rsi, msg_prs_noid
  4047 00003BBA [C6DD000000000000] 
  4048 00003BC2 B00C                        mov al, ATTR_ERROR
  4049 00003BC4 E867280000                  call print_string_attr
  4050 00003BC9 C3                          ret
  4051                                  
  4052                                  .bad_kill_arg:
  4053 00003BCA 48BE-                       mov rsi, msg_prs_noid
  4053 00003BCC [C6DD000000000000] 
  4054 00003BD4 B00C                        mov al, ATTR_ERROR
  4055 00003BD6 E855280000                  call print_string_attr
  4056 00003BDB C3                          ret
  4057                                  
  4058                                  ; prs_show: display process table
  4059                                  prs_show:
  4060 00003BDC 48BE-                       mov rsi, msg_prs_header
  4060 00003BDE [DCDD000000000000] 
  4061 00003BE6 8A0425[D46D0000]            mov al, [cur_normal_attr]
  4062 00003BED E83E280000                  call print_string_attr
  4063 00003BF2 4D31ED                      xor r13, r13
  4064                                  .prs_show_loop:
  4065 00003BF5 4983FD04                    cmp r13, MAX_PROCESSES
  4066 00003BF9 7373                        jae .prs_show_done
  4067 00003BFB 4180BD[30D10100]00          cmp byte [proc_state + r13], 0
  4068 00003C03 7464                        je .prs_show_next
  4069 00003C05 4B0FB7842D-                 movzx rax, word [proc_id + r13*2]
  4069 00003C0A [A8D00100]         
  4070 00003C0E 488D3C25[50D00100]          lea rdi, [show_num_buf]
  4071 00003C16 E8C51D0000                  call int_to_str
  4072 00003C1B 48BE-                       mov rsi, show_num_buf
  4072 00003C1D [50D0010000000000] 
  4073 00003C25 8A0425[D46D0000]            mov al, [cur_normal_attr]
  4074 00003C2C E8FF270000                  call print_string_attr
  4075 00003C31 48BE-                       mov rsi, prs_spaces
  4075 00003C33 [E7DD000000000000] 
  4076 00003C3B E8E1270000                  call print_string
  4077 00003C40 4C89E8                      mov rax, r13
  4078 00003C43 486BC020                    imul rax, 32
  4079 00003C47 488DB0[B0D00100]            lea rsi, [proc_name + rax]
  4080 00003C4E 8A0425[D46D0000]            mov al, [cur_normal_attr]
  4081 00003C55 E8D6270000                  call print_string_attr
  4082 00003C5A 48BE-                       mov rsi, newline_str
  4082 00003C5C [7ACE000000000000] 
  4083 00003C64 E8B8270000                  call print_string
  4084                                  .prs_show_next:
  4085 00003C69 49FFC5                      inc r13
  4086 00003C6C EB87                        jmp .prs_show_loop
  4087                                  .prs_show_done:
  4088 00003C6E C3                          ret
  4089                                  
  4090                                  ; ============================================================
  4091                                  ;  cmd_auth: elevation system (like sudo).
  4092                                  ;  Usage: auth <command> [args...]
  4093                                  ;  Sets auth_valid, shifts arguments (arg1->cmd, arg2->arg1, etc.),
  4094                                  ;  then dispatches the command with elevated privileges.
  4095                                  ;  auth_valid is reset after the command returns.
  4096                                  ; ============================================================
  4097                                  cmd_auth:
  4098 00003C6F 803C25[B8BA0100]00          cmp byte [arg1_buf], 0
  4099 00003C77 7512                        jne .have_cmd
  4100 00003C79 48BE-                       mov rsi, msg_need_name
  4100 00003C7B [34D5000000000000] 
  4101 00003C83 B00C                        mov al, ATTR_ERROR
  4102 00003C85 E8A6270000                  call print_string_attr
  4103 00003C8A C3                          ret
  4104                                  .have_cmd:
  4105                                      ; Set auth flag
  4106 00003C8B C60425[D36D0000]01          mov byte [auth_valid], 1
  4107                                  
  4108                                      ; Print auth message
  4109 00003C93 48BE-                       mov rsi, msg_auth_granted
  4109 00003C95 [35DE000000000000] 
  4110 00003C9D 8A0425[D46D0000]            mov al, [cur_normal_attr]
  4111 00003CA4 E887270000                  call print_string_attr
  4112                                  
  4113                                      ; Shift arguments: arg1 -> cmd_buf, arg2 -> arg1_buf, etc.
  4114 00003CA9 48BE-                       mov rsi, arg1_buf
  4114 00003CAB [B8BA010000000000] 
  4115 00003CB3 48BF-                       mov rdi, cmd_buf
  4115 00003CB5 [98BA010000000000] 
  4116 00003CBD E8A0260000                  call str_copy
  4117 00003CC2 48BE-                       mov rsi, arg2_buf
  4117 00003CC4 [18BB010000000000] 
  4118 00003CCC 48BF-                       mov rdi, arg1_buf
  4118 00003CCE [B8BA010000000000] 
  4119 00003CD6 E887260000                  call str_copy
  4120 00003CDB 48BE-                       mov rsi, arg3_buf
  4120 00003CDD [B8BB010000000000] 
  4121 00003CE5 48BF-                       mov rdi, arg2_buf
  4121 00003CE7 [18BB010000000000] 
  4122 00003CEF E86E260000                  call str_copy
  4123 00003CF4 48BE-                       mov rsi, arg4_buf
  4123 00003CF6 [D8BB010000000000] 
  4124 00003CFE 48BF-                       mov rdi, arg3_buf
  4124 00003D00 [B8BB010000000000] 
  4125 00003D08 E855260000                  call str_copy
  4126 00003D0D C60425[D8BB0100]00          mov byte [arg4_buf], 0
  4127                                  
  4128                                      ; Dispatch the shifted command
  4129 00003D15 E8ECC8FFFF                  call dispatch
  4130                                  
  4131                                      ; Reset auth flag
  4132 00003D1A C60425[D36D0000]00          mov byte [auth_valid], 0
  4133 00003D22 C3                          ret
  4134                                  
  4135                                  ; ============================================================
  4136                                  ;  cmd_vars: list all variables, or clear all with auth.
  4137                                  ;  Usage:
  4138                                  ;    vars              - list all variables
  4139                                  ;    vars rmv all      - clear all variables (requires auth)
  4140                                  ; ============================================================
  4141                                  cmd_vars:
  4142                                      ; Check if arg1 is "rmv"
  4143 00003D23 48BE-                       mov rsi, arg1_buf
  4143 00003D25 [B8BA010000000000] 
  4144 00003D2D 48BF-                       mov rdi, str_rmv
  4144 00003D2F [CFCE000000000000] 
  4145 00003D37 E856260000                  call str_eq
  4146 00003D3C 3C01                        cmp al, 1
  4147 00003D3E 755D                        jne .vars_list
  4148                                  
  4149                                      ; Check if arg2 is "all"
  4150 00003D40 48BE-                       mov rsi, arg2_buf
  4150 00003D42 [18BB010000000000] 
  4151 00003D4A 48BF-                       mov rdi, str_rmv_all
  4151 00003D4C [60D2000000000000] 
  4152 00003D54 E839260000                  call str_eq
  4153 00003D59 3C01                        cmp al, 1
  4154 00003D5B 7540                        jne .vars_list
  4155                                  
  4156                                      ; Check auth
  4157 00003D5D 803C25[D36D0000]00          cmp byte [auth_valid], 0
  4158 00003D65 7424                        je .vars_no_auth
  4159                                  
  4160                                      ; Clear all variables
  4161 00003D67 C60425[D36D0000]00          mov byte [auth_valid], 0
  4162 00003D6F E8C8000000                  call vars_clear_all
  4163 00003D74 48BE-                       mov rsi, msg_vars_cleared
  4163 00003D76 [5EDE000000000000] 
  4164 00003D7E 8A0425[D46D0000]            mov al, [cur_normal_attr]
  4165 00003D85 E8A6260000                  call print_string_attr
  4166 00003D8A C3                          ret
  4167                                  
  4168                                  .vars_no_auth:
  4169 00003D8B 48BE-                       mov rsi, msg_auth_required
  4169 00003D8D [EBDD000000000000] 
  4170 00003D95 B00C                        mov al, ATTR_ERROR
  4171 00003D97 E894260000                  call print_string_attr
  4172 00003D9C C3                          ret
  4173                                  
  4174                                  .vars_list:
  4175 00003D9D E801000000                  call vars_list
  4176 00003DA2 C3                          ret
  4177                                  
  4178                                  ; vars_list: iterate through variable table and print each variable
  4179                                  vars_list:
  4180 00003DA3 53                          push rbx
  4181 00003DA4 51                          push rcx
  4182 00003DA5 57                          push rdi
  4183 00003DA6 56                          push rsi
  4184                                  
  4185 00003DA7 48BE-                       mov rsi, msg_vars_header
  4185 00003DA9 [4EDE000000000000] 
  4186 00003DB1 8A0425[D46D0000]            mov al, [cur_normal_attr]
  4187 00003DB8 E873260000                  call print_string_attr
  4188                                  
  4189 00003DBD 4831C9                      xor rcx, rcx                    ; variable index
  4190                                  .vl_loop:
  4191 00003DC0 4883F910                    cmp rcx, MAX_VARS
  4192 00003DC4 7371                        jae .vl_done
  4193 00003DC6 80B9[08C10100]00            cmp byte [var_used + rcx], 0
  4194 00003DCD 7463                        je .vl_next
  4195                                      ; Print variable name
  4196 00003DCF 4889CF                      mov rdi, rcx
  4197 00003DD2 486BFF20                    imul rdi, VAR_NAME_LEN
  4198 00003DD6 488DB7[88BE0100]            lea rsi, [var_name + rdi]
  4199 00003DDD 8A0425[D46D0000]            mov al, [cur_normal_attr]
  4200 00003DE4 E847260000                  call print_string_attr
  4201 00003DE9 48BE-                       mov rsi, msg_vars_sep
  4201 00003DEB [5ADE000000000000] 
  4202 00003DF3 E829260000                  call print_string
  4203                                      ; Print variable value
  4204 00003DF8 488B04CD[88C00100]          mov rax, [var_value + rcx*8]
  4205 00003E00 488D3C25[50D00100]          lea rdi, [show_num_buf]
  4206 00003E08 E8D31B0000                  call int_to_str
  4207 00003E0D 48BE-                       mov rsi, show_num_buf
  4207 00003E0F [50D0010000000000] 
  4208 00003E17 8A0425[D46D0000]            mov al, [cur_normal_attr]
  4209 00003E1E E80D260000                  call print_string_attr
  4210 00003E23 48BE-                       mov rsi, newline_str
  4210 00003E25 [7ACE000000000000] 
  4211 00003E2D E8EF250000                  call print_string
  4212                                  .vl_next:
  4213 00003E32 48FFC1                      inc rcx
  4214 00003E35 EB89                        jmp .vl_loop
  4215                                  .vl_done:
  4216 00003E37 5E                          pop rsi
  4217 00003E38 5F                          pop rdi
  4218 00003E39 59                          pop rcx
  4219 00003E3A 5B                          pop rbx
  4220 00003E3B C3                          ret
  4221                                  
  4222                                  ; vars_clear_all: clear all variables in the table
  4223                                  vars_clear_all:
  4224 00003E3C 50                          push rax
  4225 00003E3D 51                          push rcx
  4226 00003E3E 57                          push rdi
  4227 00003E3F 4150                        push r8
  4228 00003E41 4D31C0                      xor r8, r8                    ; r8 = loop index (separate from rcx)
  4229                                  .vca_loop:
  4230 00003E44 4983F810                    cmp r8, MAX_VARS
  4231 00003E48 7330                        jae .vca_done
  4232 00003E4A 41C680[08C10100]00          mov byte [var_used + r8], 0
  4233 00003E52 4AC704C5[88C00100]-         mov qword [var_value + r8*8], 0
  4233 00003E5A 00000000           
  4234 00003E5E 4C89C7                      mov rdi, r8
  4235 00003E61 486BFF20                    imul rdi, VAR_NAME_LEN
  4236 00003E65 488DBF[88BE0100]            lea rdi, [var_name + rdi]
  4237 00003E6C B920000000                  mov rcx, VAR_NAME_LEN
  4238 00003E71 30C0                        xor al, al
  4239 00003E73 F3AA                        rep stosb
  4240 00003E75 49FFC0                      inc r8
  4241 00003E78 EBCA                        jmp .vca_loop
  4242                                  .vca_done:
  4243 00003E7A 4158                        pop r8
  4244 00003E7C 5F                          pop rdi
  4245 00003E7D 59                          pop rcx
  4246 00003E7E 58                          pop rax
  4247 00003E7F C3                          ret
  4248                                  
  4249                                  ; ============================================================
  4250                                  ;  Aliases ("ali <name> <commands>")
  4251                                  ;
  4252                                  ;  An alias binds a name to an arbitrary command string (which may
  4253                                  ;  itself contain ; chains and a ~ pipe). Defining one is intercepted
  4254                                  ;  as raw text before ; splitting ever sees it (try_handle_ali_line,
  4255                                  ;  called from the interactive shell loop and from cmd_rr's script
  4256                                  ;  loop); invoking one happens inside dispatch, when cmd_buf doesn't
  4257                                  ;  match any built-in command but does match an alias name.
  4258                                  ; ============================================================
  4259                                  
  4260                                  ; try_handle_ali_line: line_buf holds a raw, not-yet-tokenized input
  4261                                  ; line. If it starts with the exact word "ali" followed by a name and
  4262                                  ; at least one command, stores the alias and returns al=1 (caller
  4263                                  ; should treat the line as fully handled and not process it further).
  4264                                  ; Otherwise returns al=0 and leaves line_buf untouched, so the caller
  4265                                  ; processes the line normally.
  4266                                  try_handle_ali_line:
  4267 00003E80 53                          push rbx
  4268 00003E81 51                          push rcx
  4269 00003E82 52                          push rdx
  4270 00003E83 56                          push rsi
  4271 00003E84 57                          push rdi
  4272                                  
  4273 00003E85 8A0425[E0B80100]            mov al, [line_buf]
  4274 00003E8C 3C61                        cmp al, 'a'
  4275 00003E8E 0F85B5000000                jne .thal_no
  4276 00003E94 8A0425[E1B80100]            mov al, [line_buf+1]
  4277 00003E9B 3C6C                        cmp al, 'l'
  4278 00003E9D 0F85A6000000                jne .thal_no
  4279 00003EA3 8A0425[E2B80100]            mov al, [line_buf+2]
  4280 00003EAA 3C69                        cmp al, 'i'
  4281 00003EAC 0F8597000000                jne .thal_no
  4282 00003EB2 8A0425[E3B80100]            mov al, [line_buf+3]
  4283 00003EB9 3C20                        cmp al, ' '
  4284 00003EBB 0F8588000000                jne .thal_no             ; "ali" alone (NUL) or a longer word ("alias")
  4285                                  
  4286 00003EC1 488D3425[E4B80100]          lea rsi, [line_buf+4]
  4287                                  .thal_skip_sp1:
  4288 00003EC9 803E20                      cmp byte [rsi], ' '
  4289 00003ECC 7505                        jne .thal_name_start
  4290 00003ECE 48FFC6                      inc rsi
  4291 00003ED1 EBF6                        jmp .thal_skip_sp1
  4292                                  .thal_name_start:
  4293 00003ED3 803E00                      cmp byte [rsi], 0
  4294 00003ED6 7502                        jne .thal_read_name
  4295 00003ED8 EB5A                        jmp .thal_usage           ; only whitespace after "ali" - no name
  4296                                  
  4297                                  .thal_read_name:
  4298 00003EDA 488D3C25[F4CC0100]          lea rdi, [ali_name_tmp]
  4299 00003EE2 4831C9                      xor rcx, rcx
  4300                                  .thal_name_loop:
  4301 00003EE5 8A16                        mov dl, [rsi]
  4302 00003EE7 80FA00                      cmp dl, 0
  4303 00003EEA 7416                        je .thal_name_done
  4304 00003EEC 80FA20                      cmp dl, ' '
  4305 00003EEF 7411                        je .thal_name_done
  4306 00003EF1 4883F91F                    cmp rcx, ALIAS_NAME_LEN-1
  4307 00003EF5 7306                        jae .thal_name_skipchar   ; name too long: keep scanning, stop storing
  4308 00003EF7 88140F                      mov [rdi+rcx], dl
  4309 00003EFA 48FFC1                      inc rcx
  4310                                  .thal_name_skipchar:
  4311 00003EFD 48FFC6                      inc rsi
  4312 00003F00 EBE3                        jmp .thal_name_loop
  4313                                  .thal_name_done:
  4314 00003F02 C6040F00                    mov byte [rdi+rcx], 0
  4315                                  
  4316 00003F06 803E00                      cmp byte [rsi], 0
  4317 00003F09 7502                        jne .thal_skip_sp2
  4318 00003F0B EB27                        jmp .thal_usage           ; got a name but nothing after it
  4319                                  
  4320                                  .thal_skip_sp2:
  4321 00003F0D 803E20                      cmp byte [rsi], ' '
  4322 00003F10 7505                        jne .thal_body_check
  4323 00003F12 48FFC6                      inc rsi
  4324 00003F15 EBF6                        jmp .thal_skip_sp2
  4325                                  .thal_body_check:
  4326 00003F17 803E00                      cmp byte [rsi], 0
  4327 00003F1A 7502                        jne .thal_have_body
  4328 00003F1C EB16                        jmp .thal_usage           ; only whitespace after the name
  4329                                  
  4330                                  .thal_have_body:
  4331                                      ; rsi -> rest of the line, verbatim (kept as-is, ; and ~ included)
  4332 00003F1E 488D3C25[14CD0100]          lea rdi, [ali_body_tmp]
  4333 00003F26 E837240000                  call str_copy
  4334 00003F2B E821000000                  call alias_store
  4335 00003F30 B001                        mov al, 1
  4336 00003F32 EB17                        jmp .thal_ret
  4337                                  
  4338                                  .thal_usage:
  4339 00003F34 48BE-                       mov rsi, msg_alias_usage
  4339 00003F36 [76DE000000000000] 
  4340 00003F3E B00C                        mov al, ATTR_ERROR
  4341 00003F40 E8EB240000                  call print_string_attr
  4342 00003F45 B001                        mov al, 1
  4343 00003F47 EB02                        jmp .thal_ret
  4344                                  
  4345                                  .thal_no:
  4346 00003F49 B000                        mov al, 0
  4347                                  
  4348                                  .thal_ret:
  4349 00003F4B 5F                          pop rdi
  4350 00003F4C 5E                          pop rsi
  4351 00003F4D 5A                          pop rdx
  4352 00003F4E 59                          pop rcx
  4353 00003F4F 5B                          pop rbx
  4354 00003F50 C3                          ret
  4355                                  
  4356                                  ; alias_store: stores ali_name_tmp/ali_body_tmp into the alias table,
  4357                                  ; overwriting an existing alias of the same name if one exists,
  4358                                  ; otherwise using the first free slot. Prints an error if the table
  4359                                  ; is full and the name isn't already present.
  4360                                  alias_store:
  4361 00003F51 50                          push rax
  4362 00003F52 53                          push rbx
  4363 00003F53 51                          push rcx
  4364 00003F54 52                          push rdx
  4365 00003F55 56                          push rsi
  4366 00003F56 57                          push rdi
  4367                                  
  4368 00003F57 48C7C3FFFFFFFF              mov rbx, -1               ; rbx = first free slot seen so far
  4369 00003F5E 4831C9                      xor rcx, rcx
  4370                                  .as_scan:
  4371 00003F61 4883F90C                    cmp rcx, MAX_ALIASES
  4372 00003F65 733A                        jae .as_scan_done
  4373 00003F67 80B9[E8CC0100]00            cmp byte [alias_used + rcx], 0
  4374 00003F6E 7423                        je .as_free_candidate
  4375 00003F70 4889CF                      mov rdi, rcx
  4376 00003F73 486BFF20                    imul rdi, ALIAS_NAME_LEN
  4377 00003F77 488DBF[18C10100]            lea rdi, [alias_names + rdi]
  4378 00003F7E 48BE-                       mov rsi, ali_name_tmp
  4378 00003F80 [F4CC010000000000] 
  4379 00003F88 E805240000                  call str_eq
  4380 00003F8D 3C01                        cmp al, 1
  4381 00003F8F 7435                        je .as_write              ; existing alias with this name - overwrite
  4382 00003F91 EB09                        jmp .as_scan_next
  4383                                  .as_free_candidate:
  4384 00003F93 4883FBFF                    cmp rbx, -1
  4385 00003F97 7503                        jne .as_scan_next
  4386 00003F99 4889CB                      mov rbx, rcx
  4387                                  .as_scan_next:
  4388 00003F9C 48FFC1                      inc rcx
  4389 00003F9F EBC0                        jmp .as_scan
  4390                                  .as_scan_done:
  4391 00003FA1 4883FBFF                    cmp rbx, -1
  4392 00003FA5 740C                        je .as_full
  4393 00003FA7 4889D9                      mov rcx, rbx
  4394 00003FAA C681[E8CC0100]01            mov byte [alias_used + rcx], 1
  4395 00003FB1 EB13                        jmp .as_write
  4396                                  
  4397                                  .as_full:
  4398 00003FB3 48BE-                       mov rsi, msg_alias_full
  4398 00003FB5 [9BDE000000000000] 
  4399 00003FBD B00C                        mov al, ATTR_ERROR
  4400 00003FBF E86C240000                  call print_string_attr
  4401 00003FC4 EB3D                        jmp .as_ret
  4402                                  
  4403                                  .as_write:
  4404 00003FC6 4889CF                      mov rdi, rcx
  4405 00003FC9 486BFF20                    imul rdi, ALIAS_NAME_LEN
  4406 00003FCD 488DBF[18C10100]            lea rdi, [alias_names + rdi]
  4407 00003FD4 48BE-                       mov rsi, ali_name_tmp
  4407 00003FD6 [F4CC010000000000] 
  4408 00003FDE E87F230000                  call str_copy
  4409 00003FE3 4889CF                      mov rdi, rcx
  4410 00003FE6 4869FFDC000000              imul rdi, ALIAS_BODY_LEN
  4411 00003FED 488DBF[98C20100]            lea rdi, [alias_bodies + rdi]
  4412 00003FF4 48BE-                       mov rsi, ali_body_tmp
  4412 00003FF6 [14CD010000000000] 
  4413 00003FFE E85F230000                  call str_copy
  4414                                  
  4415                                  .as_ret:
  4416 00004003 5F                          pop rdi
  4417 00004004 5E                          pop rsi
  4418 00004005 5A                          pop rdx
  4419 00004006 59                          pop rcx
  4420 00004007 5B                          pop rbx
  4421 00004008 58                          pop rax
  4422 00004009 C3                          ret
  4423                                  
  4424                                  ; alias_lookup: rsi = name to find. Returns rax = alias index, or -1.
  4425                                  alias_lookup:
  4426 0000400A 53                          push rbx
  4427 0000400B 51                          push rcx
  4428 0000400C 57                          push rdi
  4429 0000400D 4889F3                      mov rbx, rsi
  4430 00004010 4831C9                      xor rcx, rcx
  4431                                  .al_loop:
  4432 00004013 4883F90C                    cmp rcx, MAX_ALIASES
  4433 00004017 732F                        jae .al_notfound
  4434 00004019 80B9[E8CC0100]00            cmp byte [alias_used + rcx], 0
  4435 00004020 741A                        je .al_next
  4436 00004022 4889CF                      mov rdi, rcx
  4437 00004025 486BFF20                    imul rdi, ALIAS_NAME_LEN
  4438 00004029 488DBF[18C10100]            lea rdi, [alias_names + rdi]
  4439 00004030 4889DE                      mov rsi, rbx
  4440 00004033 E85A230000                  call str_eq
  4441 00004038 3C01                        cmp al, 1
  4442 0000403A 7405                        je .al_found
  4443                                  .al_next:
  4444 0000403C 48FFC1                      inc rcx
  4445 0000403F EBD2                        jmp .al_loop
  4446                                  .al_found:
  4447 00004041 4889C8                      mov rax, rcx
  4448 00004044 5F                          pop rdi
  4449 00004045 59                          pop rcx
  4450 00004046 5B                          pop rbx
  4451 00004047 C3                          ret
  4452                                  .al_notfound:
  4453 00004048 48C7C0FFFFFFFF              mov rax, -1
  4454 0000404F 5F                          pop rdi
  4455 00004050 59                          pop rcx
  4456 00004051 5B                          pop rbx
  4457 00004052 C3                          ret
  4458                                  
  4459                                  ; cmd_alias_invoke: called from dispatch when cmd_buf matched an alias
  4460                                  ; name, with [alias_match_idx] set to that alias's table index. Runs
  4461                                  ; the alias's stored body exactly like a freshly-typed line, through
  4462                                  ; the same chain processor (process_chain or process_chain_rr) that's
  4463                                  ; currently active, so ; chaining and ~ piping inside the alias work
  4464                                  ; normally and nested alias calls work too.
  4465                                  ;
  4466                                  ; This has to protect two pieces of global, shared state that would
  4467                                  ; otherwise be clobbered by that nested call:
  4468                                  ;   - chain_scan_buf: the outer process_chain(_rr) is still mid-scan
  4469                                  ;     over it (via r12/r13), so it's backed up on the stack, restored
  4470                                  ;     after the nested call returns. r12/r13 are ordinary registers,
  4471                                  ;     saved/restored by normal callee-saved discipline, so only the
  4472                                  ;     memory needs protecting, not the pointers themselves.
  4473                                  ;   - chain_is_rr: process_chain/process_chain_rr each set this as a
  4474                                  ;     side effect, so it's saved and restored too, otherwise an alias
  4475                                  ;     call partway through an rr script could leave later segments in
  4476                                  ;     that script using the wrong dispatch-wrapping behaviour.
  4477                                  ; alias_depth guards against runaway recursion (an alias that invokes
  4478                                  ; itself, directly or indirectly) overrunning the stack.
  4479                                  cmd_alias_invoke:
  4480 00004053 50                          push rax
  4481 00004054 53                          push rbx
  4482                                  
  4483 00004055 480FB60425-                 movzx rax, byte [alias_depth]
  4483 0000405A [F1CD0100]         
  4484 0000405E 4883F808                    cmp rax, ALIAS_MAX_DEPTH
  4485 00004062 7C14                        jl .cai_depth_ok
  4486 00004064 48BE-                       mov rsi, msg_alias_too_deep
  4486 00004066 [B7DE000000000000] 
  4487 0000406E B00C                        mov al, ATTR_ERROR
  4488 00004070 E8BB230000                  call print_string_attr
  4489 00004075 5B                          pop rbx
  4490 00004076 58                          pop rax
  4491 00004077 C3                          ret
  4492                                  .cai_depth_ok:
  4493 00004078 FE0425[F1CD0100]            inc byte [alias_depth]
  4494                                  
  4495 0000407F 480FB60425-                 movzx rax, byte [chain_is_rr]
  4495 00004084 [F8BB0100]         
  4496 00004088 50                          push rax                        ; saved chain_is_rr, at [rsp+224] after the sub below
  4497                                  
  4498 00004089 4881ECE0000000              sub rsp, 224                    ; > LINE_MAX, room to back up chain_scan_buf
  4499 00004090 48BE-                       mov rsi, chain_scan_buf
  4499 00004092 [BCB9010000000000] 
  4500 0000409A 4889E7                      mov rdi, rsp
  4501 0000409D E8C0220000                  call str_copy
  4502                                  
  4503 000040A2 480FB60425-                 movzx rax, byte [alias_match_idx]
  4503 000040A7 [F0CD0100]         
  4504 000040AB BBDC000000                  mov rbx, ALIAS_BODY_LEN
  4505 000040B0 480FAFC3                    imul rax, rbx
  4506 000040B4 488DB0[98C20100]            lea rsi, [alias_bodies + rax]
  4507 000040BB 48BF-                       mov rdi, line_buf
  4507 000040BD [E0B8010000000000] 
  4508 000040C5 E898220000                  call str_copy
  4509                                  
  4510 000040CA 488B8424E0000000            mov rax, [rsp+224]
  4511 000040D2 3C00                        cmp al, 0
  4512 000040D4 7407                        je .cai_plain
  4513 000040D6 E8B6C0FFFF                  call process_chain_rr
  4514 000040DB EB05                        jmp .cai_after
  4515                                  .cai_plain:
  4516 000040DD E8FABFFFFF                  call process_chain
  4517                                  .cai_after:
  4518                                  
  4519 000040E2 4889E6                      mov rsi, rsp
  4520 000040E5 48BF-                       mov rdi, chain_scan_buf
  4520 000040E7 [BCB9010000000000] 
  4521 000040EF E86E220000                  call str_copy
  4522 000040F4 4881C4E0000000              add rsp, 224
  4523                                  
  4524 000040FB 58                          pop rax
  4525 000040FC 880425[F8BB0100]            mov [chain_is_rr], al
  4526                                  
  4527 00004103 FE0C25[F1CD0100]            dec byte [alias_depth]
  4528 0000410A 5B                          pop rbx
  4529 0000410B 58                          pop rax
  4530 0000410C C3                          ret
  4531                                  
  4532                                  ; ------------------------------------------------------------
  4533                                  ; cmd_alis: list user-defined aliases.
  4534                                  ;   alis                list all aliases and their bodies
  4535                                  ; Removing aliases is done via cmd_rmv instead, for consistency with
  4536                                  ; how variables are removed:
  4537                                  ;   rmv ali <name>      remove one alias
  4538                                  ;   auth rmv ali all     remove every alias (requires auth, since it's
  4539                                  ;                         destructive)
  4540                                  cmd_alis:
  4541 0000410D E801000000                  call aliases_list
  4542 00004112 C3                          ret
  4543                                  
  4544                                  ; aliases_list: print every defined alias as "name: body"
  4545                                  aliases_list:
  4546 00004113 53                          push rbx
  4547 00004114 51                          push rcx
  4548 00004115 57                          push rdi
  4549 00004116 56                          push rsi
  4550                                  
  4551 00004117 48BE-                       mov rsi, msg_alis_header
  4551 00004119 [EEDE000000000000] 
  4552 00004121 8A0425[D46D0000]            mov al, [cur_normal_attr]
  4553 00004128 E803230000                  call print_string_attr
  4554                                  
  4555 0000412D 4831C9                      xor rcx, rcx
  4556                                  .aal_loop:
  4557 00004130 4883F90C                    cmp rcx, MAX_ALIASES
  4558 00004134 7363                        jae .aal_done
  4559 00004136 80B9[E8CC0100]00            cmp byte [alias_used + rcx], 0
  4560 0000413D 7455                        je .aal_next
  4561 0000413F 4889CF                      mov rdi, rcx
  4562 00004142 486BFF20                    imul rdi, ALIAS_NAME_LEN
  4563 00004146 488DB7[18C10100]            lea rsi, [alias_names + rdi]
  4564 0000414D 8A0425[D46D0000]            mov al, [cur_normal_attr]
  4565 00004154 E8D7220000                  call print_string_attr
  4566 00004159 48BE-                       mov rsi, msg_alis_sep
  4566 0000415B [F8DE000000000000] 
  4567 00004163 E8B9220000                  call print_string
  4568 00004168 4889CF                      mov rdi, rcx
  4569 0000416B 4869FFDC000000              imul rdi, ALIAS_BODY_LEN
  4570 00004172 488DB7[98C20100]            lea rsi, [alias_bodies + rdi]
  4571 00004179 8A0425[D46D0000]            mov al, [cur_normal_attr]
  4572 00004180 E8AB220000                  call print_string_attr
  4573 00004185 48BE-                       mov rsi, newline_str
  4573 00004187 [7ACE000000000000] 
  4574 0000418F E88D220000                  call print_string
  4575                                  .aal_next:
  4576 00004194 48FFC1                      inc rcx
  4577 00004197 EB97                        jmp .aal_loop
  4578                                  .aal_done:
  4579 00004199 5E                          pop rsi
  4580 0000419A 5F                          pop rdi
  4581 0000419B 59                          pop rcx
  4582 0000419C 5B                          pop rbx
  4583 0000419D C3                          ret
  4584                                  
  4585                                  ; aliases_clear_all: clear every alias in the table
  4586                                  aliases_clear_all:
  4587 0000419E 50                          push rax
  4588 0000419F 51                          push rcx
  4589 000041A0 57                          push rdi
  4590 000041A1 4150                        push r8
  4591 000041A3 4D31C0                      xor r8, r8
  4592                                  .aca_loop:
  4593 000041A6 4983F80C                    cmp r8, MAX_ALIASES
  4594 000041AA 733E                        jae .aca_done
  4595 000041AC 41C680[E8CC0100]00          mov byte [alias_used + r8], 0
  4596 000041B4 4C89C7                      mov rdi, r8
  4597 000041B7 486BFF20                    imul rdi, ALIAS_NAME_LEN
  4598 000041BB 488DBF[18C10100]            lea rdi, [alias_names + rdi]
  4599 000041C2 B920000000                  mov rcx, ALIAS_NAME_LEN
  4600 000041C7 30C0                        xor al, al
  4601 000041C9 F3AA                        rep stosb
  4602 000041CB 4C89C7                      mov rdi, r8
  4603 000041CE 4869FFDC000000              imul rdi, ALIAS_BODY_LEN
  4604 000041D5 488DBF[98C20100]            lea rdi, [alias_bodies + rdi]
  4605 000041DC B9DC000000                  mov rcx, ALIAS_BODY_LEN
  4606 000041E1 30C0                        xor al, al
  4607 000041E3 F3AA                        rep stosb
  4608 000041E5 49FFC0                      inc r8
  4609 000041E8 EBBC                        jmp .aca_loop
  4610                                  .aca_done:
  4611 000041EA 4158                        pop r8
  4612 000041EC 5F                          pop rdi
  4613 000041ED 59                          pop rcx
  4614 000041EE 58                          pop rax
  4615 000041EF C3                          ret
  4616                                  
  4617                                  ; ============================================================
  4618                                  ;  color: change the foreground color used for normal ("show", "list",
  4619                                  ;  etc.) output. Prompt (yellow) and error (red) messages are
  4620                                  ;  deliberately left alone, since those colors are meaningful cues.
  4621                                  ;    color               show current color + the list of names
  4622                                  ;    color list          just the list of names
  4623                                  ;    color reset         back to the default (green)
  4624                                  ;    color <name>        set it
  4625                                  ; ============================================================
  4626                                  cmd_color:
  4627 000041F0 803C25[B8BA0100]00          cmp byte [arg1_buf], 0
  4628 000041F8 7506                        jne .col_have_arg
  4629 000041FA E82C040000                  call color_print_list
  4630 000041FF C3                          ret
  4631                                  
  4632                                  .col_have_arg:
  4633 00004200 48BE-                       mov rsi, arg1_buf
  4633 00004202 [B8BA010000000000] 
  4634 0000420A 48BF-                       mov rdi, str_col_list
  4634 0000420C [93D0000000000000] 
  4635 00004214 E879210000                  call str_eq
  4636 00004219 3C01                        cmp al, 1
  4637 0000421B 0F8404040000                je .col_list
  4638                                  
  4639 00004221 48BE-                       mov rsi, arg1_buf
  4639 00004223 [B8BA010000000000] 
  4640 0000422B 48BF-                       mov rdi, str_col_reset
  4640 0000422D [8DD0000000000000] 
  4641 00004235 E858210000                  call str_eq
  4642 0000423A 3C01                        cmp al, 1
  4643 0000423C 0F84A5030000                je .col_do_reset
  4644                                  
  4645 00004242 48BE-                       mov rsi, arg1_buf
  4645 00004244 [B8BA010000000000] 
  4646 0000424C 48BF-                       mov rdi, str_col_black
  4646 0000424E [F2CF000000000000] 
  4647 00004256 E837210000                  call str_eq
  4648 0000425B 3C01                        cmp al, 1
  4649 0000425D 0F8444030000                je .col_black
  4650                                  
  4651 00004263 48BE-                       mov rsi, arg1_buf
  4651 00004265 [B8BA010000000000] 
  4652 0000426D 48BF-                       mov rdi, str_col_dblue
  4652 0000426F [F8CF000000000000] 
  4653 00004277 E816210000                  call str_eq
  4654 0000427C 3C01                        cmp al, 1
  4655 0000427E 0F8427030000                je .col_dblue
  4656                                  
  4657 00004284 48BE-                       mov rsi, arg1_buf
  4657 00004286 [B8BA010000000000] 
  4658 0000428E 48BF-                       mov rdi, str_col_blue
  4658 00004290 [FECF000000000000] 
  4659 00004298 E8F5200000                  call str_eq
  4660 0000429D 3C01                        cmp al, 1
  4661 0000429F 0F8426030000                je .col_blue
  4662                                  
  4663 000042A5 48BE-                       mov rsi, arg1_buf
  4663 000042A7 [B8BA010000000000] 
  4664 000042AF 48BF-                       mov rdi, str_col_lblue
  4664 000042B1 [03D0000000000000] 
  4665 000042B9 E8D4200000                  call str_eq
  4666 000042BE 3C01                        cmp al, 1
  4667 000042C0 0F8405030000                je .col_blue
  4668                                  
  4669 000042C6 48BE-                       mov rsi, arg1_buf
  4669 000042C8 [B8BA010000000000] 
  4670 000042D0 48BF-                       mov rdi, str_col_dgreen
  4670 000042D2 [09D0000000000000] 
  4671 000042DA E8B3200000                  call str_eq
  4672 000042DF 3C01                        cmp al, 1
  4673 000042E1 0F84C8020000                je .col_dgreen
  4674                                  
  4675 000042E7 48BE-                       mov rsi, arg1_buf
  4675 000042E9 [B8BA010000000000] 
  4676 000042F1 48BF-                       mov rdi, str_col_green
  4676 000042F3 [10D0000000000000] 
  4677 000042FB E892200000                  call str_eq
  4678 00004300 3C01                        cmp al, 1
  4679 00004302 0F84C7020000                je .col_green
  4680                                  
  4681 00004308 48BE-                       mov rsi, arg1_buf
  4681 0000430A [B8BA010000000000] 
  4682 00004312 48BF-                       mov rdi, str_col_lgreen
  4682 00004314 [16D0000000000000] 
  4683 0000431C E871200000                  call str_eq
  4684 00004321 3C01                        cmp al, 1
  4685 00004323 0F84A6020000                je .col_green
  4686                                  
  4687 00004329 48BE-                       mov rsi, arg1_buf
  4687 0000432B [B8BA010000000000] 
  4688 00004333 48BF-                       mov rdi, str_col_dcyan
  4688 00004335 [1DD0000000000000] 
  4689 0000433D E850200000                  call str_eq
  4690 00004342 3C01                        cmp al, 1
  4691 00004344 0F8469020000                je .col_dcyan
  4692                                  
  4693 0000434A 48BE-                       mov rsi, arg1_buf
  4693 0000434C [B8BA010000000000] 
  4694 00004354 48BF-                       mov rdi, str_col_cyan
  4694 00004356 [23D0000000000000] 
  4695 0000435E E82F200000                  call str_eq
  4696 00004363 3C01                        cmp al, 1
  4697 00004365 0F8468020000                je .col_cyan
  4698                                  
  4699 0000436B 48BE-                       mov rsi, arg1_buf
  4699 0000436D [B8BA010000000000] 
  4700 00004375 48BF-                       mov rdi, str_col_lcyan
  4700 00004377 [28D0000000000000] 
  4701 0000437F E80E200000                  call str_eq
  4702 00004384 3C01                        cmp al, 1
  4703 00004386 0F8447020000                je .col_cyan
  4704                                  
  4705 0000438C 48BE-                       mov rsi, arg1_buf
  4705 0000438E [B8BA010000000000] 
  4706 00004396 48BF-                       mov rdi, str_col_dred
  4706 00004398 [2ED0000000000000] 
  4707 000043A0 E8ED1F0000                  call str_eq
  4708 000043A5 3C01                        cmp al, 1
  4709 000043A7 0F840A020000                je .col_dred
  4710                                  
  4711 000043AD 48BE-                       mov rsi, arg1_buf
  4711 000043AF [B8BA010000000000] 
  4712 000043B7 48BF-                       mov rdi, str_col_red
  4712 000043B9 [33D0000000000000] 
  4713 000043C1 E8CC1F0000                  call str_eq
  4714 000043C6 3C01                        cmp al, 1
  4715 000043C8 0F8409020000                je .col_red
  4716                                  
  4717 000043CE 48BE-                       mov rsi, arg1_buf
  4717 000043D0 [B8BA010000000000] 
  4718 000043D8 48BF-                       mov rdi, str_col_lred
  4718 000043DA [37D0000000000000] 
  4719 000043E2 E8AB1F0000                  call str_eq
  4720 000043E7 3C01                        cmp al, 1
  4721 000043E9 0F84E8010000                je .col_red
  4722                                  
  4723 000043EF 48BE-                       mov rsi, arg1_buf
  4723 000043F1 [B8BA010000000000] 
  4724 000043F9 48BF-                       mov rdi, str_col_dmagenta
  4724 000043FB [3CD0000000000000] 
  4725 00004403 E88A1F0000                  call str_eq
  4726 00004408 3C01                        cmp al, 1
  4727 0000440A 0F84AB010000                je .col_dmagenta
  4728                                  
  4729 00004410 48BE-                       mov rsi, arg1_buf
  4729 00004412 [B8BA010000000000] 
  4730 0000441A 48BF-                       mov rdi, str_col_magenta
  4730 0000441C [45D0000000000000] 
  4731 00004424 E8691F0000                  call str_eq
  4732 00004429 3C01                        cmp al, 1
  4733 0000442B 0F84AA010000                je .col_magenta
  4734                                  
  4735 00004431 48BE-                       mov rsi, arg1_buf
  4735 00004433 [B8BA010000000000] 
  4736 0000443B 48BF-                       mov rdi, str_col_lmagenta
  4736 0000443D [4DD0000000000000] 
  4737 00004445 E8481F0000                  call str_eq
  4738 0000444A 3C01                        cmp al, 1
  4739 0000444C 0F8489010000                je .col_magenta
  4740                                  
  4741 00004452 48BE-                       mov rsi, arg1_buf
  4741 00004454 [B8BA010000000000] 
  4742 0000445C 48BF-                       mov rdi, str_col_purple
  4742 0000445E [56D0000000000000] 
  4743 00004466 E8271F0000                  call str_eq
  4744 0000446B 3C01                        cmp al, 1
  4745 0000446D 0F8468010000                je .col_magenta
  4746                                  
  4747 00004473 48BE-                       mov rsi, arg1_buf
  4747 00004475 [B8BA010000000000] 
  4748 0000447D 48BF-                       mov rdi, str_col_brown
  4748 0000447F [5DD0000000000000] 
  4749 00004487 E8061F0000                  call str_eq
  4750 0000448C 3C01                        cmp al, 1
  4751 0000448E 0F842B010000                je .col_brown
  4752                                  
  4753 00004494 48BE-                       mov rsi, arg1_buf
  4753 00004496 [B8BA010000000000] 
  4754 0000449E 48BF-                       mov rdi, str_col_orange
  4754 000044A0 [63D0000000000000] 
  4755 000044A8 E8E51E0000                  call str_eq
  4756 000044AD 3C01                        cmp al, 1
  4757 000044AF 0F840A010000                je .col_brown
  4758                                  
  4759 000044B5 48BE-                       mov rsi, arg1_buf
  4759 000044B7 [B8BA010000000000] 
  4760 000044BF 48BF-                       mov rdi, str_col_gray
  4760 000044C1 [6AD0000000000000] 
  4761 000044C9 E8C41E0000                  call str_eq
  4762 000044CE 3C01                        cmp al, 1
  4763 000044D0 0F84ED000000                je .col_gray
  4764                                  
  4765 000044D6 48BE-                       mov rsi, arg1_buf
  4765 000044D8 [B8BA010000000000] 
  4766 000044E0 48BF-                       mov rdi, str_col_grey
  4766 000044E2 [6FD0000000000000] 
  4767 000044EA E8A31E0000                  call str_eq
  4768 000044EF 3C01                        cmp al, 1
  4769 000044F1 0F84CC000000                je .col_gray
  4770                                  
  4771 000044F7 48BE-                       mov rsi, arg1_buf
  4771 000044F9 [B8BA010000000000] 
  4772 00004501 48BF-                       mov rdi, str_col_dgray
  4772 00004503 [74D0000000000000] 
  4773 0000450B E8821E0000                  call str_eq
  4774 00004510 3C01                        cmp al, 1
  4775 00004512 0F84AF000000                je .col_dgray
  4776                                  
  4777 00004518 48BE-                       mov rsi, arg1_buf
  4777 0000451A [B8BA010000000000] 
  4778 00004522 48BF-                       mov rdi, str_col_dgrey
  4778 00004524 [7AD0000000000000] 
  4779 0000452C E8611E0000                  call str_eq
  4780 00004531 3C01                        cmp al, 1
  4781 00004533 0F848E000000                je .col_dgray
  4782                                  
  4783 00004539 48BE-                       mov rsi, arg1_buf
  4783 0000453B [B8BA010000000000] 
  4784 00004543 48BF-                       mov rdi, str_col_yellow
  4784 00004545 [80D0000000000000] 
  4785 0000454D E8401E0000                  call str_eq
  4786 00004552 3C01                        cmp al, 1
  4787 00004554 0F8485000000                je .col_yellow
  4788                                  
  4789 0000455A 48BE-                       mov rsi, arg1_buf
  4789 0000455C [B8BA010000000000] 
  4790 00004564 48BF-                       mov rdi, str_col_white
  4790 00004566 [87D0000000000000] 
  4791 0000456E E81F1E0000                  call str_eq
  4792 00004573 3C01                        cmp al, 1
  4793 00004575 746C                        je .col_white
  4794                                  
  4795                                      ; not recognized
  4796 00004577 48BE-                       mov rsi, msg_color_unknown
  4796 00004579 [98D0000000000000] 
  4797 00004581 B00C                        mov al, ATTR_ERROR
  4798 00004583 E8A81E0000                  call print_string_attr
  4799 00004588 48BE-                       mov rsi, arg1_buf
  4799 0000458A [B8BA010000000000] 
  4800 00004592 E88A1E0000                  call print_string
  4801 00004597 48BE-                       mov rsi, newline_str
  4801 00004599 [7ACE000000000000] 
  4802 000045A1 E87B1E0000                  call print_string
  4803 000045A6 C3                          ret
  4804                                  
  4805 000045A7 B200                    .col_black:    mov dl, 0x00
  4806 000045A9 EB3E                                   jmp .col_apply
  4807 000045AB B201                    .col_dblue:    mov dl, 0x01
  4808 000045AD EB3A                                   jmp .col_apply
  4809 000045AF B202                    .col_dgreen:   mov dl, 0x02
  4810 000045B1 EB36                                   jmp .col_apply
  4811 000045B3 B203                    .col_dcyan:    mov dl, 0x03
  4812 000045B5 EB32                                   jmp .col_apply
  4813 000045B7 B204                    .col_dred:     mov dl, 0x04
  4814 000045B9 EB2E                                   jmp .col_apply
  4815 000045BB B205                    .col_dmagenta: mov dl, 0x05
  4816 000045BD EB2A                                   jmp .col_apply
  4817 000045BF B206                    .col_brown:    mov dl, 0x06
  4818 000045C1 EB26                                   jmp .col_apply
  4819 000045C3 B207                    .col_gray:     mov dl, 0x07
  4820 000045C5 EB22                                   jmp .col_apply
  4821 000045C7 B208                    .col_dgray:    mov dl, 0x08
  4822 000045C9 EB1E                                   jmp .col_apply
  4823 000045CB B209                    .col_blue:     mov dl, 0x09
  4824 000045CD EB1A                                   jmp .col_apply
  4825 000045CF B20A                    .col_green:    mov dl, 0x0A
  4826 000045D1 EB16                                   jmp .col_apply
  4827 000045D3 B20B                    .col_cyan:     mov dl, 0x0B
  4828 000045D5 EB12                                   jmp .col_apply
  4829 000045D7 B20C                    .col_red:      mov dl, 0x0C
  4830 000045D9 EB0E                                   jmp .col_apply
  4831 000045DB B20D                    .col_magenta:  mov dl, 0x0D
  4832 000045DD EB0A                                   jmp .col_apply
  4833 000045DF B20E                    .col_yellow:   mov dl, 0x0E
  4834 000045E1 EB06                                   jmp .col_apply
  4835 000045E3 B20F                    .col_white:    mov dl, 0x0F
  4836 000045E5 EB02                                   jmp .col_apply
  4837                                  .col_do_reset:
  4838 000045E7 B20A                        mov dl, ATTR_NORMAL
  4839                                  
  4840                                  .col_apply:
  4841 000045E9 881425[D46D0000]            mov [cur_normal_attr], dl
  4842 000045F0 48BE-                       mov rsi, msg_color_set1
  4842 000045F2 [B4D0000000000000] 
  4843 000045FA 8A0425[D46D0000]            mov al, [cur_normal_attr]
  4844 00004601 E82A1E0000                  call print_string_attr
  4845 00004606 48BE-                       mov rsi, arg1_buf
  4845 00004608 [B8BA010000000000] 
  4846 00004610 E80C1E0000                  call print_string
  4847 00004615 48BE-                       mov rsi, msg_color_set2
  4847 00004617 [CFD0000000000000] 
  4848 0000461F E8FD1D0000                  call print_string
  4849 00004624 C3                          ret
  4850                                  
  4851                                  .col_list:
  4852 00004625 E801000000                  call color_print_list
  4853 0000462A C3                          ret
  4854                                  
  4855                                  ; color_print_list: print the current color and every available name
  4856                                  color_print_list:
  4857 0000462B 48BE-                       mov rsi, msg_color_current
  4857 0000462D [D1D0000000000000] 
  4858 00004635 8A0425[D46D0000]            mov al, [cur_normal_attr]
  4859 0000463C E8EF1D0000                  call print_string_attr
  4860 00004641 48BE-                       mov rsi, newline_str
  4860 00004643 [7ACE000000000000] 
  4861 0000464B E8D11D0000                  call print_string
  4862 00004650 48BE-                       mov rsi, color_list_text
  4862 00004652 [ECD0000000000000] 
  4863 0000465A B00A                        mov al, ATTR_NORMAL
  4864 0000465C E8CF1D0000                  call print_string_attr
  4865 00004661 C3                          ret
  4866                                  
  4867                                  ; ============================================================
  4868                                  fs_init:
  4869 00004662 48BF-                       mov rdi, node_type
  4869 00004664 [E005010000000000] 
  4870 0000466C B9C0000000                  mov rcx, MAX_NODES
  4871 00004671 30C0                        xor al, al
  4872 00004673 F3AA                        rep stosb
  4873                                      ; node_next: every node starts with no chain
  4874 00004675 48BF-                       mov rdi, node_next
  4874 00004677 [609D010000000000] 
  4875 0000467F B9C0000000                  mov rcx, MAX_NODES
  4876 00004684 66B8FFFF                    mov ax, 0xFFFF
  4877 00004688 66F3AB                      rep stosw
  4878 0000468B C60425[E0050100]01          mov byte [node_type], 1          ; root: folder
  4879 00004693 66C70425[E00B0100]-         mov word [node_parent], 0xFFFF
  4879 0000469B FFFF               
  4880 0000469D 488D3C25[600D0100]          lea rdi, [node_name]
  4881 000046A5 48BE-                       mov rsi, str_home_name
  4881 000046A7 [05CF000000000000] 
  4882 000046AF E8AE1C0000                  call str_copy
  4883 000046B4 48C70425[CB6D0000]-         mov qword [cur_dir], 0
  4883 000046BC 00000000           
  4884                                      ; a fresh filesystem has nothing mounted
  4885 000046C0 48BF-                       mov rdi, mount_used
  4885 000046C2 [DE05010000000000] 
  4886 000046CA B902000000                  mov rcx, MAX_MOUNTS
  4887 000046CF 30C0                        xor al, al
  4888 000046D1 F3AA                        rep stosb
  4889 000046D3 48BF-                       mov rdi, mount_device
  4889 000046D5 [DC05010000000000] 
  4890 000046DD B902000000                  mov rcx, MAX_MOUNTS
  4891 000046E2 30C0                        xor al, al
  4892 000046E4 F3AA                        rep stosb
  4893 000046E6 48BF-                       mov rdi, mount_label
  4893 000046E8 [9C05010000000000] 
  4894 000046F0 B940000000                  mov rcx, MAX_MOUNTS*32
  4895 000046F5 30C0                        xor al, al
  4896 000046F7 F3AA                        rep stosb
  4897 000046F9 C3                          ret
  4898                                  
  4899                                  ; fs_find_child: rax=parent_idx, rsi=name, r10=type filter (-1 = any)
  4900                                  ; returns rax = index or -1
  4901                                  fs_find_child:
  4902 000046FA 53                          push rbx
  4903 000046FB 51                          push rcx
  4904 000046FC 52                          push rdx
  4905 000046FD 4150                        push r8
  4906 000046FF 4151                        push r9
  4907 00004701 56                          push rsi
  4908 00004702 4989C0                      mov r8, rax                 ; parent to match
  4909 00004705 4D31C9                      xor r9, r9                  ; loop index
  4910                                  .loop:
  4911 00004708 4981F9C0000000              cmp r9, MAX_NODES
  4912 0000470F 735B                        jae .notfound
  4913 00004711 4180B9[E0050100]00          cmp byte [node_type + r9], 0
  4914 00004719 7447                        je .next
  4915 0000471B 4180B9[E0050100]03          cmp byte [node_type + r9], NODE_TYPE_CHAIN
  4916 00004723 743D                        je .next
  4917 00004725 4983FAFF                    cmp r10, -1
  4918 00004729 740D                        je .typeok
  4919 0000472B 490FB681[E0050100]          movzx rax, byte [node_type + r9]
  4920 00004733 4C39D0                      cmp rax, r10
  4921 00004736 752A                        jne .next
  4922                                  .typeok:
  4923 00004738 4B0FB78409-                 movzx rax, word [node_parent + r9*2]
  4923 0000473D [E00B0100]         
  4924 00004741 4C39C0                      cmp rax, r8
  4925 00004744 751C                        jne .next
  4926                                      ; compare name
  4927 00004746 5E                          pop rsi
  4928 00004747 56                          push rsi
  4929 00004748 4C89CF                      mov rdi, r9
  4930 0000474B 486BFF20                    imul rdi, NAME_LEN
  4931 0000474F 488DBF[600D0100]            lea rdi, [node_name + rdi]
  4932 00004756 4887F7                      xchg rsi, rdi
  4933 00004759 E8341C0000                  call str_eq
  4934 0000475E 3C01                        cmp al, 1
  4935 00004760 7405                        je .found
  4936                                  .next:
  4937 00004762 49FFC1                      inc r9
  4938 00004765 EBA1                        jmp .loop
  4939                                  .found:
  4940 00004767 4C89C8                      mov rax, r9
  4941 0000476A EB07                        jmp .out
  4942                                  .notfound:
  4943 0000476C 48C7C0FFFFFFFF              mov rax, -1
  4944                                  .out:
  4945 00004773 5E                          pop rsi
  4946 00004774 4159                        pop r9
  4947 00004776 4158                        pop r8
  4948 00004778 5A                          pop rdx
  4949 00004779 59                          pop rcx
  4950 0000477A 5B                          pop rbx
  4951 0000477B C3                          ret
  4952                                  
  4953                                  ; fs_create_node: rax=parent_idx, rsi=name, r10=type
  4954                                  ; returns rax = new index or -1 if full
  4955                                  fs_create_node:
  4956 0000477C 53                          push rbx
  4957 0000477D 51                          push rcx
  4958 0000477E 52                          push rdx
  4959 0000477F 4150                        push r8
  4960 00004781 4151                        push r9
  4961 00004783 56                          push rsi
  4962 00004784 C60425[E29E0100]00          mov byte [fs_name_too_long], 0
  4963 0000478C 4989C0                      mov r8, rax                 ; save parent idx before str_len clobbers rax
  4964                                      ; reject names that won't fit in the fixed NAME_LEN slot (leaving room
  4965                                      ; for the null terminator) instead of silently overflowing into the
  4966                                      ; next node's name/type/parent fields
  4967 0000478F E818110000                  call str_len
  4968 00004794 4883F820                    cmp rax, NAME_LEN
  4969 00004798 7365                        jae .name_too_long
  4970                                      ; Nodes are partitioned into fixed VOL_NODES-sized slices, one per
  4971                                      ; volume (OS volume first, then each mount slot). Search only within
  4972                                      ; the parent's own slice - never across into another volume's range,
  4973                                      ; or a node created here could get an index outside the volume it
  4974                                      ; actually belongs to, and that volume's vol_write would never
  4975                                      ; include it (silently losing it on the next sync/reboot).
  4976 0000479A 4C89C0                      mov rax, r8
  4977 0000479D 4831D2                      xor rdx, rdx
  4978 000047A0 B940000000                  mov rcx, VOL_NODES
  4979 000047A5 48F7F1                      div rcx                     ; rax = volume index = parent_idx / VOL_NODES
  4980 000047A8 486BC040                    imul rax, VOL_NODES         ; rax = first node index of that volume
  4981 000047AC 4989C1                      mov r9, rax
  4982 000047AF 4C89CB                      mov rbx, r9
  4983 000047B2 4883C340                    add rbx, VOL_NODES          ; rbx = one-past-last node index of that volume
  4984                                  .loop:
  4985 000047B6 4939D9                      cmp r9, rbx
  4986 000047B9 7355                        jae .full
  4987 000047BB 4180B9[E0050100]00          cmp byte [node_type + r9], 0
  4988 000047C3 7405                        je .free
  4989 000047C5 49FFC1                      inc r9
  4990 000047C8 EBEC                        jmp .loop
  4991                                  .free:
  4992 000047CA 458891[E0050100]            mov byte [node_type + r9], r10b
  4993 000047D1 6647898409-                 mov [node_parent + r9*2], r8w
  4993 000047D6 [E00B0100]         
  4994 000047DA 6643C78409-                 mov word [node_next + r9*2], 0xFFFF
  4994 000047DF [609D0100]FFFF     
  4995 000047E5 4C89CF                      mov rdi, r9
  4996 000047E8 486BFF20                    imul rdi, NAME_LEN
  4997 000047EC 488DBF[600D0100]            lea rdi, [node_name + rdi]
  4998 000047F3 5E                          pop rsi
  4999 000047F4 56                          push rsi
  5000 000047F5 E8681B0000                  call str_copy
  5001 000047FA 4C89C8                      mov rax, r9
  5002 000047FD EB18                        jmp .out
  5003                                  .name_too_long:
  5004 000047FF C60425[E29E0100]01          mov byte [fs_name_too_long], 1
  5005 00004807 48C7C0FFFFFFFF              mov rax, -1
  5006 0000480E EB07                        jmp .out
  5007                                  .full:
  5008 00004810 48C7C0FFFFFFFF              mov rax, -1
  5009                                  .out:
  5010 00004817 5E                          pop rsi
  5011 00004818 4159                        pop r9
  5012 0000481A 4158                        pop r8
  5013 0000481C 5A                          pop rdx
  5014 0000481D 59                          pop rcx
  5015 0000481E 5B                          pop rbx
  5016 0000481F C3                          ret
  5017                                  
  5018                                  ; fs_delete_node: rax = node index. Frees just that one node (does not
  5019                                  ; touch children - use fs_delete_tree if the node might be a folder with
  5020                                  ; contents).
  5021                                  fs_delete_node:
  5022 00004820 50                          push rax
  5023 00004821 57                          push rdi
  5024 00004822 51                          push rcx
  5025 00004823 4151                        push r9
  5026 00004825 4989C1                      mov r9, rax
  5027 00004828 41C681[E0050100]00          mov byte [node_type + r9], 0
  5028 00004830 6643C78409-                 mov word [node_parent + r9*2], 0
  5028 00004835 [E00B0100]0000     
  5029 0000483B 6643C78409-                 mov word [node_next + r9*2], 0xFFFF
  5029 00004840 [609D0100]FFFF     
  5030 00004846 4C89CF                      mov rdi, r9
  5031 00004849 486BFF20                    imul rdi, NAME_LEN
  5032 0000484D 488DBF[600D0100]            lea rdi, [node_name + rdi]
  5033 00004854 B920000000                  mov rcx, NAME_LEN
  5034 00004859 30C0                        xor al, al
  5035 0000485B F3AA                        rep stosb
  5036 0000485D 4C89CF                      mov rdi, r9
  5037 00004860 4869FFA0000000              imul rdi, CONTENT_LEN
  5038 00004867 488DBF[60250100]            lea rdi, [node_content + rdi]
  5039 0000486E B9A0000000                  mov rcx, CONTENT_LEN
  5040 00004873 30C0                        xor al, al
  5041 00004875 F3AA                        rep stosb
  5042 00004877 4159                        pop r9
  5043 00004879 59                          pop rcx
  5044 0000487A 5F                          pop rdi
  5045 0000487B 58                          pop rax
  5046 0000487C C3                          ret
  5047                                  
  5048                                  ; fs_file_len: rax = file node index. Returns rax = total content bytes
  5049                                  ; (each slot stores a 0-terminated chunk, so this is the logical length).
  5050                                  fs_file_len:
  5051 0000487D 53                          push rbx
  5052 0000487E 51                          push rcx
  5053 0000487F 56                          push rsi
  5054 00004880 4889C1                      mov rcx, rax                ; current node in the chain
  5055 00004883 4831DB                      xor rbx, rbx                ; running total
  5056                                  .len_loop:
  5057 00004886 4889CE                      mov rsi, rcx
  5058 00004889 4869F6A0000000              imul rsi, CONTENT_LEN
  5059 00004890 488DB6[60250100]            lea rsi, [node_content + rsi]
  5060 00004897 E810100000                  call str_len
  5061 0000489C 4801C3                      add rbx, rax
  5062 0000489F 480FB78409-                 movzx rax, word [node_next + rcx*2]
  5062 000048A4 [609D0100]         
  5063 000048A8 483DFFFF0000                cmp rax, 0xFFFF
  5064 000048AE 7405                        je .done
  5065 000048B0 4889C1                      mov rcx, rax
  5066 000048B3 EBD1                        jmp .len_loop
  5067                                  .done:
  5068 000048B5 4889D8                      mov rax, rbx
  5069 000048B8 5E                          pop rsi
  5070 000048B9 59                          pop rcx
  5071 000048BA 5B                          pop rbx
  5072 000048BB C3                          ret
  5073                                  
  5074                                  ; fs_read_file: rax = file node index, rdi = destination buffer. Concatenates
  5075                                  ; every chunk in the file's chain into the destination (0-terminated). The
  5076                                  ; destination buffer must hold fs_file_len bytes + 1.
  5077                                  fs_read_file:
  5078 000048BC 53                          push rbx
  5079 000048BD 56                          push rsi
  5080 000048BE 57                          push rdi
  5081 000048BF 4889C3                      mov rbx, rax                ; current node
  5082                                  .read_loop:
  5083 000048C2 4889DE                      mov rsi, rbx
  5084 000048C5 4869F6A0000000              imul rsi, CONTENT_LEN
  5085 000048CC 488DB6[60250100]            lea rsi, [node_content + rsi]
  5086 000048D3 E88A1A0000                  call str_copy               ; rdi ends up just past the NUL -> append next
  5087 000048D8 480FB7841B-                 movzx rax, word [node_next + rbx*2]
  5087 000048DD [609D0100]         
  5088 000048E1 483DFFFF0000                cmp rax, 0xFFFF
  5089 000048E7 7405                        je .done
  5090 000048E9 4889C3                      mov rbx, rax
  5091 000048EC EBD4                        jmp .read_loop
  5092                                  .done:
  5093 000048EE 5F                          pop rdi
  5094 000048EF 5E                          pop rsi
  5095 000048F0 5B                          pop rbx
  5096 000048F1 C3                          ret
  5097                                  
  5098                                  ; fs_write_file: rax = file node index, rsi = content to store (0-terminated).
  5099                                  ; Writes the content across the file's chain, allocating NODE_TYPE_CHAIN
  5100                                  ; continuation nodes in the same volume slice as needed and freeing any that
  5101                                  ; become surplus. Returns CF=0 on success, CF=1 if the volume ran out of
  5102                                  ; nodes (partial write possible - the file is still valid, just truncated).
  5103                                  fs_write_file:
  5104 000048F2 50                          push rax
  5105 000048F3 53                          push rbx
  5106 000048F4 51                          push rcx
  5107 000048F5 52                          push rdx
  5108 000048F6 56                          push rsi
  5109 000048F7 4150                        push r8
  5110 000048F9 4889C3                      mov rbx, rax                ; current node (starts at the file's head)
  5111 000048FC 4989F0                      mov r8, rsi                 ; r8 = remaining content ptr
  5112                                  .write_loop:
  5113                                      ; copy one chunk into the current node
  5114 000048FF 4889DF                      mov rdi, rbx
  5115 00004902 4869FFA0000000              imul rdi, CONTENT_LEN
  5116 00004909 488DBF[60250100]            lea rdi, [node_content + rdi]
  5117 00004910 B900000000                  mov rcx, 0
  5118                                  .copy_char:
  5119 00004915 418A00                      mov al, [r8]
  5120 00004918 3C00                        cmp al, 0
  5121 0000491A 7414                        je .chunk_done
  5122 0000491C 4881F99F000000              cmp rcx, CONTENT_LEN - 1
  5123 00004923 7318                        jae .need_next
  5124 00004925 88040F                      mov [rdi + rcx], al
  5125 00004928 49FFC0                      inc r8
  5126 0000492B 48FFC1                      inc rcx
  5127 0000492E EBE5                        jmp .copy_char
  5128                                  .chunk_done:
  5129 00004930 C6040F00                    mov byte [rdi + rcx], 0     ; NUL-terminate this chunk
  5130 00004934 C6879F00000000              mov [rdi + CONTENT_LEN - 1], byte 0
  5131 0000493B EB50                        jmp .finish
  5132                                  .need_next:
  5133                                      ; this node is full - link a continuation node if we don't have one
  5134 0000493D C6879F00000000              mov byte [rdi + CONTENT_LEN - 1], 0
  5135 00004944 480FB7941B-                 movzx rdx, word [node_next + rbx*2]
  5135 00004949 [609D0100]         
  5136 0000494D 4881FAFFFF0000              cmp rdx, 0xFFFF
  5137 00004954 752F                        jne .use_next
  5138                                      ; allocate a chain node in this volume's slice (parent = the file head)
  5139 00004956 56                          push rsi
  5140 00004957 4150                        push r8
  5141 00004959 4889D8                      mov rax, rbx
  5142 0000495C 48BE-                       mov rsi, empty_str
  5142 0000495E [7FD2000000000000] 
  5143 00004966 41BA03000000                mov r10, NODE_TYPE_CHAIN
  5144 0000496C E80BFEFFFF                  call fs_create_node
  5145 00004971 4158                        pop r8
  5146 00004973 5E                          pop rsi
  5147 00004974 4883F8FF                    cmp rax, -1
  5148 00004978 743A                        je .no_space
  5149 0000497A 4889C2                      mov rdx, rax
  5150 0000497D 6689941B[609D0100]          mov [node_next + rbx*2], dx
  5151                                  .use_next:
  5152 00004985 4889D3                      mov rbx, rdx
  5153 00004988 E972FFFFFF                  jmp .write_loop
  5154                                  .finish:
  5155                                      ; truncate any leftover chain nodes beyond what we wrote
  5156 0000498D 480FB78C1B-                 movzx rcx, word [node_next + rbx*2]
  5156 00004992 [609D0100]         
  5157 00004996 4881F9FFFF0000              cmp rcx, 0xFFFF
  5158 0000499D 7412                        je .clean
  5159 0000499F 66C7841B[609D0100]-         mov [node_next + rbx*2], word 0xFFFF
  5159 000049A7 FFFF               
  5160 000049A9 4889C8                      mov rax, rcx
  5161 000049AC E80C000000                  call fs_free_chain
  5162                                  .clean:
  5163 000049B1 F8                          clc
  5164 000049B2 EB01                        jmp .out
  5165                                  .no_space:
  5166 000049B4 F9                          stc
  5167                                  .out:
  5168 000049B5 4158                        pop r8
  5169 000049B7 5E                          pop rsi
  5170 000049B8 5A                          pop rdx
  5171 000049B9 59                          pop rcx
  5172 000049BA 5B                          pop rbx
  5173 000049BB 58                          pop rax
  5174 000049BC C3                          ret
  5175                                  
  5176                                  ; fs_free_chain: rax = node index. Frees every continuation node linked after
  5177                                  ; it (not the node itself) and unlinks them. Never used on a folder.
  5178                                  fs_free_chain:
  5179 000049BD 50                          push rax
  5180 000049BE 53                          push rbx
  5181 000049BF 51                          push rcx
  5182                                  .free_loop:
  5183 000049C0 480FB79C00-                 movzx rbx, word [node_next + rax*2]
  5183 000049C5 [609D0100]         
  5184 000049C9 4881FBFFFF0000              cmp rbx, 0xFFFF
  5185 000049D0 7429                        je .done
  5186 000049D2 480FB78C1B-                 movzx rcx, word [node_next + rbx*2]   ; remember what follows the freed node
  5186 000049D7 [609D0100]         
  5187 000049DB 66C78400[609D0100]-         mov [node_next + rax*2], word 0xFFFF  ; unlink it first
  5187 000049E3 FFFF               
  5188 000049E5 50                          push rax
  5189 000049E6 4889D8                      mov rax, rbx
  5190 000049E9 E832FEFFFF                  call fs_delete_node
  5191 000049EE 58                          pop rax
  5192 000049EF 4889CB                      mov rbx, rcx
  5193 000049F2 4881FBFFFF0000              cmp rbx, 0xFFFF
  5194 000049F9 75C5                        jne .free_loop
  5195                                  .done:
  5196 000049FB 59                          pop rcx
  5197 000049FC 5B                          pop rbx
  5198 000049FD 58                          pop rax
  5199 000049FE C3                          ret
  5200                                  
  5201                                  ; fs_delete_tree: rax = node index. Recursively frees the node and, if
  5202                                  ; it's a folder, everything inside it too.
  5203                                  fs_delete_tree:
  5204 000049FF 50                          push rax
  5205 00004A00 4150                        push r8
  5206 00004A02 4155                        push r13
  5207 00004A04 4989C0                      mov r8, rax
  5208 00004A07 4180B8[E0050100]01          cmp byte [node_type + r8], 1
  5209 00004A0F 753B                        jne .leaf
  5210 00004A11 4D31ED                      xor r13, r13
  5211                                  .loop:
  5212 00004A14 4981FDC0000000              cmp r13, MAX_NODES
  5213 00004A1B 732F                        jae .leaf
  5214 00004A1D 4180BD[E0050100]00          cmp byte [node_type + r13], 0
  5215 00004A25 7420                        je .next
  5216 00004A27 4180BD[E0050100]03          cmp byte [node_type + r13], NODE_TYPE_CHAIN
  5217 00004A2F 7416                        je .next
  5218 00004A31 4B0FB7842D-                 movzx rax, word [node_parent + r13*2]
  5218 00004A36 [E00B0100]         
  5219 00004A3A 4C39C0                      cmp rax, r8
  5220 00004A3D 7508                        jne .next
  5221 00004A3F 4C89E8                      mov rax, r13
  5222 00004A42 E8B8FFFFFF                  call fs_delete_tree
  5223                                  .next:
  5224 00004A47 49FFC5                      inc r13
  5225 00004A4A EBC8                        jmp .loop
  5226                                  .leaf:
  5227                                      ; a file may own a chain of continuation nodes - free it first
  5228 00004A4C 4180B8[E0050100]02          cmp byte [node_type + r8], 2
  5229 00004A54 7508                        jne .no_chain
  5230 00004A56 4C89C0                      mov rax, r8
  5231 00004A59 E85FFFFFFF                  call fs_free_chain
  5232                                  .no_chain:
  5233 00004A5E 4C89C0                      mov rax, r8
  5234 00004A61 E8BAFDFFFF                  call fs_delete_node
  5235 00004A66 415D                        pop r13
  5236 00004A68 4158                        pop r8
  5237 00004A6A 58                          pop rax
  5238 00004A6B C3                          ret
  5239                                  
  5240                                  ; fs_copy_node: rax=src node idx, r10=dest parent idx, rsi=dest name.
  5241                                  ; Recursively copies a file, or a folder and everything inside it, to a
  5242                                  ; new parent under a new name. Returns rax = new node idx, or -1 if that
  5243                                  ; name is already taken at dest or the filesystem is full.
  5244                                  fs_copy_node:
  5245 00004A6C 53                          push rbx
  5246 00004A6D 51                          push rcx
  5247 00004A6E 52                          push rdx
  5248 00004A6F 57                          push rdi
  5249 00004A70 56                          push rsi
  5250 00004A71 4150                        push r8
  5251 00004A73 4151                        push r9
  5252 00004A75 4153                        push r11
  5253 00004A77 4154                        push r12
  5254 00004A79 4155                        push r13
  5255 00004A7B 4989C0                      mov r8, rax                  ; src idx
  5256 00004A7E 4D89D1                      mov r9, r10                  ; dest parent idx
  5257                                  
  5258 00004A81 4C89C8                      mov rax, r9
  5259 00004A84 49C7C2FFFFFFFF              mov r10, -1
  5260 00004A8B E86AFCFFFF                  call fs_find_child            ; rsi (dest name) preserved by callee
  5261 00004A90 4883F8FF                    cmp rax, -1
  5262 00004A94 0F8599000000                jne .taken
  5263                                  
  5264 00004A9A 4D0FB698[E0050100]          movzx r11, byte [node_type + r8]
  5265 00004AA2 4C89C8                      mov rax, r9
  5266 00004AA5 4D89DA                      mov r10, r11
  5267 00004AA8 E8CFFCFFFF                  call fs_create_node            ; rsi preserved
  5268 00004AAD 4883F8FF                    cmp rax, -1
  5269 00004AB1 0F8485000000                je .full
  5270 00004AB7 4989C4                      mov r12, rax
  5271                                  
  5272 00004ABA 4983FB02                    cmp r11, 2
  5273 00004ABE 7522                        jne .isfolder
  5274                                      ; copy the whole file (possibly a multi-node chain) through staging
  5275 00004AC0 4C89C0                      mov rax, r8
  5276 00004AC3 488D3C25[40D30100]          lea rdi, [fs_io_buf]
  5277 00004ACB E8ECFDFFFF                  call fs_read_file
  5278 00004AD0 4C89E0                      mov rax, r12
  5279 00004AD3 488D3425[40D30100]          lea rsi, [fs_io_buf]
  5280 00004ADB E812FEFFFF                  call fs_write_file
  5281 00004AE0 EB4C                        jmp .done
  5282                                  .isfolder:
  5283 00004AE2 4D31ED                      xor r13, r13
  5284                                  .childloop:
  5285 00004AE5 4981FDC0000000              cmp r13, MAX_NODES
  5286 00004AEC 7340                        jae .done
  5287 00004AEE 4180BD[E0050100]00          cmp byte [node_type + r13], 0
  5288 00004AF6 7431                        je .childnext
  5289 00004AF8 4180BD[E0050100]03          cmp byte [node_type + r13], NODE_TYPE_CHAIN
  5290 00004B00 7427                        je .childnext
  5291 00004B02 4B0FB7842D-                 movzx rax, word [node_parent + r13*2]
  5291 00004B07 [E00B0100]         
  5292 00004B0B 4C39C0                      cmp rax, r8
  5293 00004B0E 7519                        jne .childnext
  5294 00004B10 4C89E8                      mov rax, r13
  5295 00004B13 4D89E2                      mov r10, r12
  5296 00004B16 4C89EF                      mov rdi, r13
  5297 00004B19 486BFF20                    imul rdi, NAME_LEN
  5298 00004B1D 488DB7[600D0100]            lea rsi, [node_name + rdi]
  5299 00004B24 E843FFFFFF                  call fs_copy_node
  5300                                  .childnext:
  5301 00004B29 49FFC5                      inc r13
  5302 00004B2C EBB7                        jmp .childloop
  5303                                  .done:
  5304 00004B2E 4C89E0                      mov rax, r12
  5305 00004B31 EB10                        jmp .out
  5306                                  .taken:
  5307 00004B33 48C7C0FFFFFFFF              mov rax, -1
  5308 00004B3A EB07                        jmp .out
  5309                                  .full:
  5310 00004B3C 48C7C0FFFFFFFF              mov rax, -1
  5311                                  .out:
  5312 00004B43 415D                        pop r13
  5313 00004B45 415C                        pop r12
  5314 00004B47 415B                        pop r11
  5315 00004B49 4159                        pop r9
  5316 00004B4B 4158                        pop r8
  5317 00004B4D 5E                          pop rsi
  5318 00004B4E 5F                          pop rdi
  5319 00004B4F 5A                          pop rdx
  5320 00004B50 59                          pop rcx
  5321 00004B51 5B                          pop rbx
  5322 00004B52 C3                          ret
  5323                                  
  5324                                  ; ============================================================
  5325                                  ; fs_resolve_path: walks a '/'-separated path, one folder at a time,
  5326                                  ; using the same node_parent/fs_find_child machinery every other command
  5327                                  ; already relies on. Understands "/" (root), "." and ".." (like cf always
  5328                                  ; has), collapses repeated or trailing slashes, and treats a leading
  5329                                  ; "/home" as an alias for root (same alias cf used to special-case).
  5330                                  ;
  5331                                  ; in:  rax = starting dir index (normally [cur_dir])
  5332                                  ;      rsi = path string, e.g. "docs/notes.txt", "..", "/home/docs", "notes.txt"
  5333                                  ;      rdi = 0            -> whole-path mode: every component (including
  5334                                  ;                             the last) is resolved as a folder. Used by cf.
  5335                                  ;            leaf_buf ptr -> split mode: all components except the last
  5336                                  ;                             are resolved as folders; the last component
  5337                                  ;                             is copied verbatim into [leaf_buf] instead of
  5338                                  ;                             being looked up. Used by anything that names
  5339                                  ;                             a file/folder to act on (view, del, rname,
  5340                                  ;                             cpy, mov, mkf, mkfl).
  5341                                  ; out: rax = resolved dir index, or -1 if a folder component along the way
  5342                                  ;            doesn't exist (leaf_buf, if any, is left untouched on failure)
  5343                                  ; ============================================================
  5344                                  fs_resolve_path:
  5345 00004B53 53                          push rbx
  5346 00004B54 51                          push rcx
  5347 00004B55 52                          push rdx
  5348 00004B56 4150                        push r8
  5349 00004B58 4151                        push r9
  5350 00004B5A 4152                        push r10
  5351 00004B5C 4154                        push r12
  5352 00004B5E 4155                        push r13
  5353 00004B60 4156                        push r14
  5354 00004B62 4989FC                      mov r12, rdi                ; leaf buf ptr, or 0 for whole-path mode
  5355 00004B65 4989C5                      mov r13, rax                ; running "current dir" as we walk
  5356 00004B68 4989F6                      mov r14, rsi                ; path cursor
  5357                                  
  5358 00004B6B 41803E2F                    cmp byte [r14], '/'
  5359 00004B6F 7506                        jne .parse_loop
  5360 00004B71 41BD00000000                mov r13, 0                  ; absolute path -> start from root
  5361                                  
  5362                                  .parse_loop:
  5363                                  .skip_seps:
  5364 00004B77 41803E2F                    cmp byte [r14], '/'
  5365 00004B7B 7505                        jne .extract_check
  5366 00004B7D 49FFC6                      inc r14
  5367 00004B80 EBF5                        jmp .skip_seps
  5368                                  .extract_check:
  5369 00004B82 41803E00                    cmp byte [r14], 0
  5370 00004B86 0F84FE000000                je .success                 ; nothing left to parse - done
  5371 00004B8C 48BF-                       mov rdi, path_comp_buf
  5371 00004B8E [20B8010000000000] 
  5372                                  .copy_loop:
  5373 00004B96 418A06                      mov al, [r14]
  5374 00004B99 3C00                        cmp al, 0
  5375 00004B9B 740E                        je .comp_done
  5376 00004B9D 3C2F                        cmp al, '/'
  5377 00004B9F 740A                        je .comp_done
  5378 00004BA1 8807                        mov [rdi], al
  5379 00004BA3 48FFC7                      inc rdi
  5380 00004BA6 49FFC6                      inc r14
  5381 00004BA9 EBEB                        jmp .copy_loop
  5382                                  .comp_done:
  5383 00004BAB C60700                      mov byte [rdi], 0
  5384                                      ; peek past any trailing slashes to see whether anything real remains
  5385                                  .skip_seps2:
  5386 00004BAE 41803E2F                    cmp byte [r14], '/'
  5387 00004BB2 7505                        jne .check_last
  5388 00004BB4 49FFC6                      inc r14
  5389 00004BB7 EBF5                        jmp .skip_seps2
  5390                                  .check_last:
  5391 00004BB9 41803E00                    cmp byte [r14], 0
  5392 00004BBD 751F                        jne .resolve_component      ; more path remains -> this is a folder step
  5393 00004BBF 4983FC00                    cmp r12, 0
  5394 00004BC3 7419                        je .resolve_component        ; whole-path mode: resolve last comp too
  5395                                      ; split mode, and this was the last component -> it's the leaf name
  5396 00004BC5 56                          push rsi
  5397 00004BC6 48BE-                       mov rsi, path_comp_buf
  5397 00004BC8 [20B8010000000000] 
  5398 00004BD0 4C89E7                      mov rdi, r12
  5399 00004BD3 E88A170000                  call str_copy
  5400 00004BD8 5E                          pop rsi
  5401 00004BD9 E9AC000000                  jmp .success
  5402                                  .resolve_component:
  5403 00004BDE 48BE-                       mov rsi, path_comp_buf
  5403 00004BE0 [20B8010000000000] 
  5404 00004BE8 48BF-                       mov rdi, str_updir
  5404 00004BEA [84CE000000000000] 
  5405 00004BF2 E89B170000                  call str_eq
  5406 00004BF7 3C01                        cmp al, 1
  5407 00004BF9 7463                        je .do_updir
  5408 00004BFB 48BE-                       mov rsi, path_comp_buf
  5408 00004BFD [20B8010000000000] 
  5409 00004C05 48BF-                       mov rdi, str_dot
  5409 00004C07 [87CE000000000000] 
  5410 00004C0F E87E170000                  call str_eq
  5411 00004C14 3C01                        cmp al, 1
  5412 00004C16 745E                        je .after_resolve            ; "." is a no-op
  5413                                      ; "/home" alias: while sitting at root, a literal "home" component
  5414                                      ; is a no-op too (matches the old single-token "/home" special case)
  5415 00004C18 4983FD00                    cmp r13, 0
  5416 00004C1C 751D                        jne .lookup_child
  5417 00004C1E 48BE-                       mov rsi, path_comp_buf
  5417 00004C20 [20B8010000000000] 
  5418 00004C28 48BF-                       mov rdi, str_home_name
  5418 00004C2A [05CF000000000000] 
  5419 00004C32 E85B170000                  call str_eq
  5420 00004C37 3C01                        cmp al, 1
  5421 00004C39 743B                        je .after_resolve
  5422                                  .lookup_child:
  5423 00004C3B 4C89E8                      mov rax, r13
  5424 00004C3E 48BE-                       mov rsi, path_comp_buf
  5424 00004C40 [20B8010000000000] 
  5425 00004C48 41BA01000000                mov r10, 1                   ; must be a folder to descend into
  5426 00004C4E E8A7FAFFFF                  call fs_find_child
  5427 00004C53 4883F8FF                    cmp rax, -1
  5428 00004C57 7428                        je .notfound
  5429 00004C59 4989C5                      mov r13, rax
  5430 00004C5C EB18                        jmp .after_resolve
  5431                                  .do_updir:
  5432 00004C5E 4983FD00                    cmp r13, 0
  5433 00004C62 7412                        je .after_resolve            ; already at root, no-op
  5434 00004C64 4B0FB79C2D-                 movzx rbx, word [node_parent + r13*2]
  5434 00004C69 [E00B0100]         
  5435 00004C6D 6683FBFF                    cmp bx, 0xFFFF
  5436 00004C71 7403                        je .after_resolve
  5437 00004C73 4989DD                      mov r13, rbx
  5438                                  .after_resolve:
  5439 00004C76 41803E00                    cmp byte [r14], 0
  5440 00004C7A 740E                        je .success
  5441 00004C7C E9F6FEFFFF                  jmp .parse_loop
  5442                                  .notfound:
  5443 00004C81 48C7C0FFFFFFFF              mov rax, -1
  5444 00004C88 EB03                        jmp .out
  5445                                  .success:
  5446 00004C8A 4C89E8                      mov rax, r13
  5447                                  .out:
  5448 00004C8D 415E                        pop r14
  5449 00004C8F 415D                        pop r13
  5450 00004C91 415C                        pop r12
  5451 00004C93 415A                        pop r10
  5452 00004C95 4159                        pop r9
  5453 00004C97 4158                        pop r8
  5454 00004C99 5A                          pop rdx
  5455 00004C9A 59                          pop rcx
  5456 00004C9B 5B                          pop rbx
  5457 00004C9C C3                          ret
  5458                                  
  5459                                  ; ============================================================
  5460                                  ;  DISK PERSISTENCE  (ATA PIO driver, primary bus, LBA28, polling)
  5461                                  ; ============================================================
  5462                                  ; Ports (primary ATA channel):
  5463                                  ;   0x1F0 data, 0x1F1 features/error, 0x1F2 sector count,
  5464                                  ;   0x1F3/4/5 LBA low/mid/high, 0x1F6 drive/head, 0x1F7 status/command.
  5465                                  ; No IRQs are used anywhere in this kernel, so these routines just
  5466                                  ; poll BSY/DRQ in the status register, matching the polled keyboard
  5467                                  ; driver's style.
  5468                                  
  5469                                  ; ata_wait_bsy: block until BSY (bit 7) clears, or give up after a timeout.
  5470                                  ; returns CF=0 on success, CF=1 on timeout (no device responding at all,
  5471                                  ; e.g. real hardware with no legacy IDE controller / booting off USB).
  5472                                  ATA_TIMEOUT equ 0x400000
  5473                                  ; ata_wait_bsy: block until BSY (bit 7) clears, or give up after a timeout.
  5474                                  ; returns CF=0 on success, CF=1 on timeout (no device responding at all,
  5475                                  ; e.g. real hardware with no legacy IDE controller / booting off USB).
  5476                                  ATA_TIMEOUT equ 0x400000
  5477                                  ata_wait_bsy:
  5478 00004C9D 50                          push rax
  5479 00004C9E 52                          push rdx
  5480 00004C9F 51                          push rcx
  5481 00004CA0 B900004000                  mov rcx, ATA_TIMEOUT
  5482 00004CA5 0FB71425[F09E0100]          movzx edx, word [ata_port_base]
  5483 00004CAD 6683C207                    add dx, 7
  5484                                  .wait:
  5485 00004CB1 EC                          in al, dx
  5486 00004CB2 A880                        test al, 0x80
  5487 00004CB4 7407                        jz .ok
  5488 00004CB6 E2F9                        loop .wait
  5489 00004CB8 59                          pop rcx
  5490 00004CB9 5A                          pop rdx
  5491 00004CBA 58                          pop rax
  5492 00004CBB F9                          stc
  5493 00004CBC C3                          ret
  5494                                  .ok:
  5495 00004CBD 59                          pop rcx
  5496 00004CBE 5A                          pop rdx
  5497 00004CBF 58                          pop rax
  5498 00004CC0 F8                          clc
  5499 00004CC1 C3                          ret
  5500                                  
  5501                                  ; ata_wait_drq: block until DRQ (bit 3) sets, or time out (see ata_wait_bsy)
  5502                                  ata_wait_drq:
  5503 00004CC2 50                          push rax
  5504 00004CC3 52                          push rdx
  5505 00004CC4 51                          push rcx
  5506 00004CC5 B900004000                  mov rcx, ATA_TIMEOUT
  5507 00004CCA 0FB71425[F09E0100]          movzx edx, word [ata_port_base]
  5508 00004CD2 6683C207                    add dx, 7
  5509                                  .wait:
  5510 00004CD6 EC                          in al, dx
  5511 00004CD7 A808                        test al, 0x08
  5512 00004CD9 7507                        jnz .ok
  5513 00004CDB E2F9                        loop .wait
  5514 00004CDD 59                          pop rcx
  5515 00004CDE 5A                          pop rdx
  5516 00004CDF 58                          pop rax
  5517 00004CE0 F9                          stc
  5518 00004CE1 C3                          ret
  5519                                  .ok:
  5520 00004CE2 59                          pop rcx
  5521 00004CE3 5A                          pop rdx
  5522 00004CE4 58                          pop rax
  5523 00004CE5 F8                          clc
  5524 00004CE6 C3                          ret
  5525                                  
  5526                                  ; ata_select_device: al = device id (0=primary master, 1=primary slave,
  5527                                  ; 2=secondary master, 3=secondary slave). Picks the I/O port base and the
  5528                                  ; drive-select bit so every ATA routine below talks to the right drive.
  5529                                  ata_select_device:
  5530 00004CE7 50                          push rax
  5531 00004CE8 2403                        and al, 3
  5532 00004CEA 3C02                        cmp al, 2
  5533 00004CEC 720E                        jb .primary
  5534 00004CEE 66C70425[F09E0100]-         mov word [ata_port_base], 0x170
  5534 00004CF6 7001               
  5535 00004CF8 2C02                        sub al, 2
  5536 00004CFA EB0A                        jmp .drive
  5537                                  .primary:
  5538 00004CFC 66C70425[F09E0100]-         mov word [ata_port_base], 0x1F0
  5538 00004D04 F001               
  5539                                  .drive:
  5540 00004D06 A801                        test al, 1
  5541 00004D08 750A                        jnz .slave
  5542 00004D0A C60425[F29E0100]E0          mov byte [ata_drive_sel], 0xE0
  5543 00004D12 EB08                        jmp .done
  5544                                  .slave:
  5545 00004D14 C60425[F29E0100]F0          mov byte [ata_drive_sel], 0xF0
  5546                                  .done:
  5547 00004D1C 58                          pop rax
  5548 00004D1D C3                          ret
  5549                                  
  5550                                  ; ata_read_sector: rax = LBA (28-bit), rdi = 512-byte destination buffer
  5551                                  ; returns CF=0 on success, CF=1 on failure/timeout (buffer left untouched
  5552                                  ; or partially written - caller should not trust it on failure).
  5553                                  ata_read_sector:
  5554 00004D1E 50                          push rax
  5555 00004D1F 53                          push rbx
  5556 00004D20 51                          push rcx
  5557 00004D21 52                          push rdx
  5558 00004D22 57                          push rdi
  5559 00004D23 4889C3                      mov rbx, rax                 ; keep LBA
  5560 00004D26 E872FFFFFF                  call ata_wait_bsy
  5561 00004D2B 0F829B000000                jc .fail
  5562 00004D31 0FB71425[F09E0100]          movzx edx, word [ata_port_base]
  5563 00004D39 6683C206                    add dx, 6
  5564 00004D3D 4889D8                      mov rax, rbx
  5565 00004D40 48C1E818                    shr rax, 24
  5566 00004D44 240F                        and al, 0x0F
  5567 00004D46 0A0425[F29E0100]            or al, [ata_drive_sel]       ; LBA mode + master/slave bit
  5568 00004D4D EE                          out dx, al
  5569 00004D4E 0FB71425[F09E0100]          movzx edx, word [ata_port_base]
  5570 00004D56 6683C202                    add dx, 2
  5571 00004D5A B001                        mov al, 1                    ; sector count = 1
  5572 00004D5C EE                          out dx, al
  5573 00004D5D 0FB71425[F09E0100]          movzx edx, word [ata_port_base]
  5574 00004D65 6683C203                    add dx, 3
  5575 00004D69 88D8                        mov al, bl
  5576 00004D6B EE                          out dx, al                   ; LBA[0:7]
  5577 00004D6C 0FB71425[F09E0100]          movzx edx, word [ata_port_base]
  5578 00004D74 6683C204                    add dx, 4
  5579 00004D78 4889D8                      mov rax, rbx
  5580 00004D7B 48C1E808                    shr rax, 8
  5581 00004D7F EE                          out dx, al                   ; LBA[8:15]
  5582 00004D80 0FB71425[F09E0100]          movzx edx, word [ata_port_base]
  5583 00004D88 6683C205                    add dx, 5
  5584 00004D8C 4889D8                      mov rax, rbx
  5585 00004D8F 48C1E810                    shr rax, 16
  5586 00004D93 EE                          out dx, al                   ; LBA[16:23]
  5587 00004D94 0FB71425[F09E0100]          movzx edx, word [ata_port_base]
  5588 00004D9C 6683C207                    add dx, 7
  5589 00004DA0 B020                        mov al, 0x20                 ; READ SECTORS (with retry)
  5590 00004DA2 EE                          out dx, al
  5591 00004DA3 E8F5FEFFFF                  call ata_wait_bsy
  5592 00004DA8 7222                        jc .fail
  5593 00004DAA E813FFFFFF                  call ata_wait_drq
  5594 00004DAF 721B                        jc .fail
  5595 00004DB1 0FB71425[F09E0100]          movzx edx, word [ata_port_base]
  5596 00004DB9 B900010000                  mov rcx, 256                 ; 256 words = 512 bytes
  5597                                  .readloop:
  5598 00004DBE 66ED                        in ax, dx
  5599 00004DC0 668907                      mov [rdi], ax
  5600 00004DC3 4883C702                    add rdi, 2
  5601 00004DC7 E2F5                        loop .readloop
  5602 00004DC9 F8                          clc
  5603 00004DCA EB01                        jmp .done
  5604                                  .fail:
  5605 00004DCC F9                          stc
  5606                                  .done:
  5607 00004DCD 5F                          pop rdi
  5608 00004DCE 5A                          pop rdx
  5609 00004DCF 59                          pop rcx
  5610 00004DD0 5B                          pop rbx
  5611 00004DD1 58                          pop rax
  5612 00004DD2 C3                          ret
  5613                                  
  5614                                  ; ata_write_sector: rax = LBA (28-bit), rsi = 512-byte source buffer
  5615                                  ; returns CF=0 on success, CF=1 on failure/timeout.
  5616                                  ata_write_sector:
  5617 00004DD3 50                          push rax
  5618 00004DD4 53                          push rbx
  5619 00004DD5 51                          push rcx
  5620 00004DD6 52                          push rdx
  5621 00004DD7 56                          push rsi
  5622 00004DD8 4889C3                      mov rbx, rax
  5623 00004DDB E8BDFEFFFF                  call ata_wait_bsy
  5624 00004DE0 0F82B8000000                jc .fail
  5625 00004DE6 0FB71425[F09E0100]          movzx edx, word [ata_port_base]
  5626 00004DEE 6683C206                    add dx, 6
  5627 00004DF2 4889D8                      mov rax, rbx
  5628 00004DF5 48C1E818                    shr rax, 24
  5629 00004DF9 240F                        and al, 0x0F
  5630 00004DFB 0A0425[F29E0100]            or al, [ata_drive_sel]
  5631 00004E02 EE                          out dx, al
  5632 00004E03 0FB71425[F09E0100]          movzx edx, word [ata_port_base]
  5633 00004E0B 6683C202                    add dx, 2
  5634 00004E0F B001                        mov al, 1
  5635 00004E11 EE                          out dx, al
  5636 00004E12 0FB71425[F09E0100]          movzx edx, word [ata_port_base]
  5637 00004E1A 6683C203                    add dx, 3
  5638 00004E1E 88D8                        mov al, bl
  5639 00004E20 EE                          out dx, al
  5640 00004E21 0FB71425[F09E0100]          movzx edx, word [ata_port_base]
  5641 00004E29 6683C204                    add dx, 4
  5642 00004E2D 4889D8                      mov rax, rbx
  5643 00004E30 48C1E808                    shr rax, 8
  5644 00004E34 EE                          out dx, al
  5645 00004E35 0FB71425[F09E0100]          movzx edx, word [ata_port_base]
  5646 00004E3D 6683C205                    add dx, 5
  5647 00004E41 4889D8                      mov rax, rbx
  5648 00004E44 48C1E810                    shr rax, 16
  5649 00004E48 EE                          out dx, al
  5650 00004E49 0FB71425[F09E0100]          movzx edx, word [ata_port_base]
  5651 00004E51 6683C207                    add dx, 7
  5652 00004E55 B030                        mov al, 0x30                 ; WRITE SECTORS (with retry)
  5653 00004E57 EE                          out dx, al
  5654 00004E58 E840FEFFFF                  call ata_wait_bsy
  5655 00004E5D 723F                        jc .fail
  5656 00004E5F E85EFEFFFF                  call ata_wait_drq
  5657 00004E64 7238                        jc .fail
  5658 00004E66 0FB71425[F09E0100]          movzx edx, word [ata_port_base]
  5659 00004E6E B900010000                  mov rcx, 256
  5660                                  .writeloop:
  5661 00004E73 668B06                      mov ax, [rsi]
  5662 00004E76 66EF                        out dx, ax
  5663 00004E78 4883C602                    add rsi, 2
  5664 00004E7C E2F5                        loop .writeloop
  5665 00004E7E E81AFEFFFF                  call ata_wait_bsy
  5666 00004E83 7219                        jc .fail
  5667 00004E85 0FB71425[F09E0100]          movzx edx, word [ata_port_base]
  5668 00004E8D 6683C207                    add dx, 7
  5669 00004E91 B0E7                        mov al, 0xE7                 ; CACHE FLUSH so it actually hits the image
  5670 00004E93 EE                          out dx, al
  5671 00004E94 E804FEFFFF                  call ata_wait_bsy
  5672 00004E99 7203                        jc .fail
  5673 00004E9B F8                          clc
  5674 00004E9C EB01                        jmp .done
  5675                                  .fail:
  5676 00004E9E F9                          stc
  5677                                  .done:
  5678 00004E9F 5E                          pop rsi
  5679 00004EA0 5A                          pop rdx
  5680 00004EA1 59                          pop rcx
  5681 00004EA2 5B                          pop rbx
  5682 00004EA3 58                          pop rax
  5683 00004EA4 C3                          ret
  5684                                  
  5685                                  ; ------------------------------------------------------------------
  5686                                  ;  disk_*: dispatcher in front of the two disk drivers below (legacy ATA
  5687                                  ;  PIO above, AHCI further down). Every caller in this file - vol_read,
  5688                                  ;  vol_write, dscan, fmt, mount - goes through these three routines with
  5689                                  ;  al = device id, exactly like it always called ata_select_device /
  5690                                  ;  ata_read_sector / ata_write_sector directly before. Ids 0-3 still mean
  5691                                  ;  what they always meant (primary/secondary x master/slave); ids 4 and up
  5692                                  ;  mean an AHCI port slot claimed by ahci_init at boot.
  5693                                  ; ------------------------------------------------------------------
  5694                                  
  5695                                  ; disk_select_device: al = device id (0..TOTAL_DEVICES-1).
  5696                                  disk_select_device:
  5697 00004EA5 50                          push rax
  5698 00004EA6 3C04                        cmp al, 4
  5699 00004EA8 7213                        jb .use_ata
  5700 00004EAA C60425[389F0100]01          mov byte [disk_use_ahci], 1
  5701 00004EB2 2C04                        sub al, 4
  5702 00004EB4 880425[399F0100]            mov byte [ahci_cur_slot], al
  5703 00004EBB EB0D                        jmp .done
  5704                                  .use_ata:
  5705 00004EBD C60425[389F0100]00          mov byte [disk_use_ahci], 0
  5706 00004EC5 E81DFEFFFF                  call ata_select_device
  5707                                  .done:
  5708 00004ECA 58                          pop rax
  5709 00004ECB C3                          ret
  5710                                  
  5711                                  ; disk_read_sector: rax=LBA, rdi=dest buffer. Same in/out contract as
  5712                                  ; ata_read_sector - tail-jumps into whichever driver disk_select_device
  5713                                  ; picked, so its own CF/register contract passes straight through.
  5714                                  disk_read_sector:
  5715 00004ECC 803C25[389F0100]00          cmp byte [disk_use_ahci], 0
  5716 00004ED4 0F8444FEFFFF                je ata_read_sector
  5717 00004EDA E957030000                  jmp ahci_read_sector
  5718                                  
  5719                                  ; disk_write_sector: rax=LBA, rsi=source buffer. Same contract as above.
  5720                                  disk_write_sector:
  5721 00004EDF 803C25[389F0100]00          cmp byte [disk_use_ahci], 0
  5722 00004EE7 0F84E6FEFFFF                je ata_write_sector
  5723 00004EED E956030000                  jmp ahci_write_sector
  5724                                  
  5725                                  ; ------------------------------------------------------------------
  5726                                  ;  PCI configuration space access (legacy 0xCF8/0xCFC I/O ports). Used
  5727                                  ;  only to find and configure the AHCI controller below.
  5728                                  ; ------------------------------------------------------------------
  5729                                  PCI_CFG_ADDR equ 0x0CF8
  5730                                  PCI_CFG_DATA equ 0x0CFC
  5731                                  
  5732                                  ; pci_read32: ebx=bus, ecx=device(0-31), edx=function(0-7), r8b=offset
  5733                                  ; (byte, dword-aligned - low 2 bits ignored). Returns eax = the 32-bit
  5734                                  ; config space value at that offset. Preserves ebx/ecx/edx; clobbers r9.
  5735                                  pci_read32:
  5736 00004EF2 53                          push rbx
  5737 00004EF3 51                          push rcx
  5738 00004EF4 52                          push rdx
  5739 00004EF5 4151                        push r9
  5740 00004EF7 4531C9                      xor r9d, r9d
  5741 00004EFA 4188D9                      mov r9b, bl
  5742 00004EFD 41C1E110                    shl r9d, 16                  ; bus -> bits 23:16
  5743 00004F01 89C8                        mov eax, ecx
  5744 00004F03 83E01F                      and eax, 0x1F
  5745 00004F06 C1E00B                      shl eax, 11                  ; device -> bits 15:11
  5746 00004F09 4109C1                      or r9d, eax
  5747 00004F0C 89D0                        mov eax, edx
  5748 00004F0E 83E007                      and eax, 0x07
  5749 00004F11 C1E008                      shl eax, 8                   ; function -> bits 10:8
  5750 00004F14 4109C1                      or r9d, eax
  5751 00004F17 4489C0                      mov eax, r8d
  5752 00004F1A 25FC000000                  and eax, 0xFC                ; register -> bits 7:2
  5753 00004F1F 4109C1                      or r9d, eax
  5754 00004F22 4181C900000080              or r9d, 0x80000000           ; enable bit
  5755 00004F29 4489C8                      mov eax, r9d
  5756 00004F2C 66BAF80C                    mov dx, PCI_CFG_ADDR
  5757 00004F30 EF                          out dx, eax
  5758 00004F31 66BAFC0C                    mov dx, PCI_CFG_DATA
  5759 00004F35 ED                          in eax, dx
  5760 00004F36 4159                        pop r9
  5761 00004F38 5A                          pop rdx
  5762 00004F39 59                          pop rcx
  5763 00004F3A 5B                          pop rbx
  5764 00004F3B C3                          ret
  5765                                  
  5766                                  ; pci_write32: ebx=bus, ecx=device, edx=function, r8b=offset, r10d=value.
  5767                                  ; Preserves ebx/ecx/edx; clobbers r9.
  5768                                  pci_write32:
  5769 00004F3C 50                          push rax
  5770 00004F3D 53                          push rbx
  5771 00004F3E 51                          push rcx
  5772 00004F3F 52                          push rdx
  5773 00004F40 4151                        push r9
  5774 00004F42 4531C9                      xor r9d, r9d
  5775 00004F45 4188D9                      mov r9b, bl
  5776 00004F48 41C1E110                    shl r9d, 16
  5777 00004F4C 89C8                        mov eax, ecx
  5778 00004F4E 83E01F                      and eax, 0x1F
  5779 00004F51 C1E00B                      shl eax, 11
  5780 00004F54 4109C1                      or r9d, eax
  5781 00004F57 89D0                        mov eax, edx
  5782 00004F59 83E007                      and eax, 0x07
  5783 00004F5C C1E008                      shl eax, 8
  5784 00004F5F 4109C1                      or r9d, eax
  5785 00004F62 4489C0                      mov eax, r8d
  5786 00004F65 25FC000000                  and eax, 0xFC
  5787 00004F6A 4109C1                      or r9d, eax
  5788 00004F6D 4181C900000080              or r9d, 0x80000000
  5789 00004F74 4489C8                      mov eax, r9d
  5790 00004F77 66BAF80C                    mov dx, PCI_CFG_ADDR
  5791 00004F7B EF                          out dx, eax
  5792 00004F7C 4489D0                      mov eax, r10d
  5793 00004F7F 66BAFC0C                    mov dx, PCI_CFG_DATA
  5794 00004F83 EF                          out dx, eax
  5795 00004F84 4159                        pop r9
  5796 00004F86 5A                          pop rdx
  5797 00004F87 59                          pop rcx
  5798 00004F88 5B                          pop rbx
  5799 00004F89 58                          pop rax
  5800 00004F8A C3                          ret
  5801                                  
  5802                                  ; pci_find_ahci: brute-force scan of PCI bus 0 only (per-device, and every
  5803                                  ; function of a multi-function device). This covers the common case - the
  5804                                  ; chipset's root complex, where AHCI controllers normally live, and is
  5805                                  ; where QEMU/Bochs/VirtualBox and most real desktop chipsets put theirs -
  5806                                  ; but doesn't walk PCI-to-PCI bridges out to other buses, which unusual
  5807                                  ; multi-bus hardware could need. Looks for class 0x01 (mass storage),
  5808                                  ; subclass 0x06 (SATA), regardless of programming interface.
  5809                                  ; On success: CF=0, [ahci_pci_bus/dev/func] set. On failure: CF=1.
  5810                                  pci_find_ahci:
  5811 00004F8B 50                          push rax
  5812 00004F8C 53                          push rbx
  5813 00004F8D 51                          push rcx
  5814 00004F8E 52                          push rdx
  5815 00004F8F 4150                        push r8
  5816 00004F91 4151                        push r9
  5817 00004F93 4152                        push r10
  5818 00004F95 31DB                        xor ebx, ebx                 ; bus 0 only
  5819 00004F97 31C9                        xor ecx, ecx                 ; device 0..31
  5820                                  .dev_loop:
  5821 00004F99 83F920                      cmp ecx, 32
  5822 00004F9C 0F839F000000                jae .not_found
  5823 00004FA2 31D2                        xor edx, edx                 ; try function 0 first
  5824 00004FA4 4D31C0                      xor r8, r8
  5825 00004FA7 E846FFFFFF                  call pci_read32
  5826 00004FAC 83F8FF                      cmp eax, 0xFFFFFFFF
  5827 00004FAF 0F8485000000                je .next_dev                 ; nothing in this slot
  5828 00004FB5 41B00C                      mov r8b, 0x0C                ; header type lives at offset 0x0C, byte 2
  5829 00004FB8 E835FFFFFF                  call pci_read32
  5830 00004FBD C1E810                      shr eax, 16
  5831 00004FC0 25FF000000                  and eax, 0xFF
  5832 00004FC5 880425[F39E0100]            mov [pci_scratch_hdrtype], al
  5833 00004FCC 41B901000000                mov r9d, 1                   ; how many functions to check
  5834 00004FD2 F60425[F39E0100]80          test byte [pci_scratch_hdrtype], 0x80
  5835 00004FDA 7406                        jz .func_loop_start
  5836 00004FDC 41B908000000                mov r9d, 8                   ; multi-function device - check them all
  5837                                  .func_loop_start:
  5838 00004FE2 31D2                        xor edx, edx
  5839                                  .func_loop:
  5840 00004FE4 4439CA                      cmp edx, r9d
  5841 00004FE7 7351                        jae .next_dev
  5842 00004FE9 4D31C0                      xor r8, r8
  5843 00004FEC E801FFFFFF                  call pci_read32
  5844 00004FF1 83F8FF                      cmp eax, 0xFFFFFFFF
  5845 00004FF4 7440                        je .func_next
  5846 00004FF6 41B008                      mov r8b, 0x08                ; class code dword
  5847 00004FF9 E8F4FEFFFF                  call pci_read32
  5848 00004FFE 4189C2                      mov r10d, eax
  5849 00005001 41C1EA18                    shr r10d, 24                 ; class
  5850 00005005 4180FA01                    cmp r10b, 0x01
  5851 00005009 752B                        jne .func_next
  5852 0000500B 4189C2                      mov r10d, eax
  5853 0000500E 41C1EA10                    shr r10d, 16
  5854 00005012 4181E2FF000000              and r10d, 0xFF                ; subclass
  5855 00005019 4180FA06                    cmp r10b, 0x06
  5856 0000501D 7517                        jne .func_next
  5857 0000501F 881C25[F49E0100]            mov [ahci_pci_bus], bl
  5858 00005026 880C25[F59E0100]            mov [ahci_pci_dev], cl
  5859 0000502D 881425[F69E0100]            mov [ahci_pci_func], dl
  5860 00005034 EB17                        jmp .found
  5861                                  .func_next:
  5862 00005036 FFC2                        inc edx
  5863 00005038 EBAA                        jmp .func_loop
  5864                                  .next_dev:
  5865 0000503A FFC1                        inc ecx
  5866 0000503C E958FFFFFF                  jmp .dev_loop
  5867                                  .not_found:
  5868 00005041 415A                        pop r10
  5869 00005043 4159                        pop r9
  5870 00005045 4158                        pop r8
  5871 00005047 5A                          pop rdx
  5872 00005048 59                          pop rcx
  5873 00005049 5B                          pop rbx
  5874 0000504A 58                          pop rax
  5875 0000504B F9                          stc
  5876 0000504C C3                          ret
  5877                                  .found:
  5878 0000504D 415A                        pop r10
  5879 0000504F 4159                        pop r9
  5880 00005051 4158                        pop r8
  5881 00005053 5A                          pop rdx
  5882 00005054 59                          pop rcx
  5883 00005055 5B                          pop rbx
  5884 00005056 58                          pop rax
  5885 00005057 F8                          clc
  5886 00005058 C3                          ret
  5887                                  
  5888                                  ; ------------------------------------------------------------------
  5889                                  ;  AHCI (SATA) driver. Talks to the HBA over MMIO (its ABAR, found via
  5890                                  ;  PCI BAR5) instead of legacy IDE ports - a different I/O model from the
  5891                                  ;  ata_* driver above, but the disk is identity-mapped memory either way
  5892                                  ;  once ahci_mark_uncached has run, so it's read/written with plain
  5893                                  ;  mov/or/and just like any other buffer in this file. No interrupts are
  5894                                  ;  used here either, matching the polled style of the rest of the OS:
  5895                                  ;  commands are issued and then polled for completion on PxCI.
  5896                                  ; ------------------------------------------------------------------
  5897                                  PCI_CMD_OFFSET  equ 0x04
  5898                                  PCI_BAR5_OFFSET equ 0x24
  5899                                  AHCI_TIMEOUT    equ 0x400000
  5900                                  
  5901                                  ; ahci_mark_uncached: edi = a physical address inside the 2MB page to mark
  5902                                  ; uncached (sets PCD, bit4) in the identity-map PDs built by
  5903                                  ; expand_identity_map (4 contiguous page directories at 0x3000..0x6FFF,
  5904                                  ; 512 entries each, 2MB pages). Without this, polling an HBA register
  5905                                  ; through a cacheable mapping could read back a stale value instead of
  5906                                  ; what the device just wrote - the ABAR sits in a dedicated MMIO range
  5907                                  ; that nothing else in this kernel uses, so marking its whole 2MB page
  5908                                  ; uncached doesn't affect anything else.
  5909                                  ahci_mark_uncached:
  5910 00005059 50                          push rax
  5911 0000505A 51                          push rcx
  5912 0000505B 89F8                        mov eax, edi
  5913 0000505D C1E815                      shr eax, 21                  ; which 2MB page, 0..2047, across all 4 PDs
  5914 00005060 89C1                        mov ecx, eax
  5915 00005062 C1E103                      shl ecx, 3                   ; * 8 (each PD entry is a qword)
  5916 00005065 81C100300000                add ecx, 0x3000              ; PD0 starts at 0x3000 (see expand_identity_map)
  5917 0000506B 48830910                    or qword [rcx], 0x10         ; set PCD
  5918 0000506F 0F20D8                      mov rax, cr3
  5919 00005072 0F22D8                      mov cr3, rax                 ; flush stale TLB entries
  5920 00005075 59                          pop rcx
  5921 00005076 58                          pop rax
  5922 00005077 C3                          ret
  5923                                  
  5924                                  ; ahci_port_init: rbx = this port's register base (ABAR + 0x100 +
  5925                                  ; port*0x80), r14d = slot index (0..AHCI_MAX_PORTS-1, picks which static
  5926                                  ; command-list/FIS buffer this port uses). Stops the port if it was
  5927                                  ; already running, points it at our buffers, then starts it.
  5928                                  ahci_port_init:
  5929 00005078 50                          push rax
  5930 00005079 51                          push rcx
  5931 0000507A 57                          push rdi
  5932                                  
  5933 0000507B 8B4318                      mov eax, [rbx + 0x18]        ; PxCMD
  5934 0000507E 83E0FE                      and eax, 0xFFFFFFFE          ; clear ST
  5935 00005081 894318                      mov [rbx + 0x18], eax
  5936 00005084 83E0EF                      and eax, 0xFFFFFFEF          ; clear FRE
  5937 00005087 894318                      mov [rbx + 0x18], eax
  5938                                  
  5939                                      ; wait for FR/CR to clear, but don't spin forever - some real
  5940                                      ; controllers (unlike QEMU's virtual AHCI) can take a while here, or in
  5941                                      ; rare cases never quiesce from this code's point of view. Bail out
  5942                                      ; and skip this port rather than hanging the whole boot if it doesn't
  5943                                      ; clear within AHCI_TIMEOUT iterations.
  5944 0000508A B900004000                  mov rcx, AHCI_TIMEOUT
  5945                                  .wait_stop:
  5946 0000508F 8B4318                      mov eax, [rbx + 0x18]
  5947 00005092 A900800000                  test eax, 0x8000             ; FR - FIS receive still running?
  5948 00005097 750A                        jnz .wait_stop_dec
  5949 00005099 8B4318                      mov eax, [rbx + 0x18]
  5950 0000509C A900400000                  test eax, 0x4000             ; CR - command list still running?
  5951 000050A1 7404                        jz .stopped
  5952                                  .wait_stop_dec:
  5953 000050A3 E2EA                        loop .wait_stop
  5954 000050A5 EB4C                        jmp .skip_port               ; timed out - leave this port unclaimed
  5955                                  .stopped:
  5956                                  
  5957 000050A7 4489F0                      mov eax, r14d
  5958 000050AA 69C000040000                imul eax, 1024
  5959 000050B0 488DB8[00A00100]            lea rdi, [ahci_clb + rax]    ; this slot's 1KB-aligned command list
  5960 000050B7 893B                        mov [rbx + 0x00], edi        ; PxCLB
  5961 000050B9 C7430400000000              mov dword [rbx + 0x04], 0    ; PxCLBU (we're always <4GB here)
  5962                                  
  5963 000050C0 4489F0                      mov eax, r14d
  5964 000050C3 69C000010000                imul eax, 256
  5965 000050C9 488DB8[00B00100]            lea rdi, [ahci_fis + rax]    ; this slot's 256B-aligned FIS receive area
  5966 000050D0 897B08                      mov [rbx + 0x08], edi        ; PxFB
  5967 000050D3 C7430C00000000              mov dword [rbx + 0x0C], 0    ; PxFBU
  5968                                  
  5969 000050DA C74330FFFFFFFF              mov dword [rbx + 0x30], 0xFFFFFFFF   ; PxSERR - clear (write-1-to-clear)
  5970                                  
  5971 000050E1 8B4318                      mov eax, [rbx + 0x18]
  5972 000050E4 83C810                      or eax, 0x10                 ; FRE
  5973 000050E7 894318                      mov [rbx + 0x18], eax
  5974 000050EA 8B4318                      mov eax, [rbx + 0x18]
  5975 000050ED 83C801                      or eax, 0x01                 ; ST
  5976 000050F0 894318                      mov [rbx + 0x18], eax
  5977                                  
  5978                                  .skip_port:
  5979 000050F3 5F                          pop rdi
  5980 000050F4 59                          pop rcx
  5981 000050F5 58                          pop rax
  5982 000050F6 C3                          ret
  5983                                  
  5984                                  ; ahci_init: called once at boot. Finds a PCI AHCI controller if one's
  5985                                  ; present, enables it, and brings up to AHCI_MAX_PORTS of its ports (that
  5986                                  ; have an actual SATA disk attached) as extra disk device slots, ids
  5987                                  ; 4..4+AHCI_MAX_PORTS-1. Completely inert if there's no AHCI controller:
  5988                                  ; [ahci_port_count] stays 0 and the OS behaves exactly as it always did.
  5989                                  ahci_init:
  5990 000050F7 50                          push rax
  5991 000050F8 53                          push rbx
  5992 000050F9 51                          push rcx
  5993 000050FA 52                          push rdx
  5994 000050FB 57                          push rdi
  5995 000050FC 4150                        push r8
  5996 000050FE 4152                        push r10
  5997 00005100 4154                        push r12
  5998 00005102 4155                        push r13
  5999 00005104 4156                        push r14
  6000                                  
  6001 00005106 E880FEFFFF                  call pci_find_ahci
  6002 0000510B 0F8215010000                jc .done
  6003                                  
  6004                                      ; Memory Space (bit1) + Bus Master (bit2) in the PCI command register -
  6005                                      ; usually already on if firmware set the machine up, but make sure.
  6006 00005111 0FB61C25[F49E0100]          movzx ebx, byte [ahci_pci_bus]
  6007 00005119 0FB60C25[F59E0100]          movzx ecx, byte [ahci_pci_dev]
  6008 00005121 0FB61425[F69E0100]          movzx edx, byte [ahci_pci_func]
  6009 00005129 41B004                      mov r8b, PCI_CMD_OFFSET
  6010 0000512C E8C1FDFFFF                  call pci_read32
  6011 00005131 83C806                      or eax, 0x0006
  6012 00005134 4189C2                      mov r10d, eax
  6013 00005137 0FB61C25[F49E0100]          movzx ebx, byte [ahci_pci_bus]
  6014 0000513F 0FB60C25[F59E0100]          movzx ecx, byte [ahci_pci_dev]
  6015 00005147 0FB61425[F69E0100]          movzx edx, byte [ahci_pci_func]
  6016 0000514F 41B004                      mov r8b, PCI_CMD_OFFSET
  6017 00005152 E8E5FDFFFF                  call pci_write32
  6018                                  
  6019                                      ; BAR5 = ABAR, the AHCI MMIO register window
  6020 00005157 0FB61C25[F49E0100]          movzx ebx, byte [ahci_pci_bus]
  6021 0000515F 0FB60C25[F59E0100]          movzx ecx, byte [ahci_pci_dev]
  6022 00005167 0FB61425[F69E0100]          movzx edx, byte [ahci_pci_func]
  6023 0000516F 41B024                      mov r8b, PCI_BAR5_OFFSET
  6024 00005172 E87BFDFFFF                  call pci_read32
  6025 00005177 83E0F0                      and eax, 0xFFFFFFF0           ; drop the low flag bits, keep the base
  6026 0000517A 890425[F89E0100]            mov [ahci_abar], eax
  6027 00005181 89C7                        mov edi, eax
  6028 00005183 E8D1FEFFFF                  call ahci_mark_uncached
  6029                                  
  6030 00005188 8B1C25[F89E0100]            mov ebx, [ahci_abar]          ; 32-bit load zero-extends into rbx - ahci_abar
  6031                                                                     ; is only a dd, so a 64-bit load here would pull
  6032                                                                     ; in the following ahci_ports_impl dword too
  6033 0000518F 8B4304                      mov eax, [rbx + 0x04]         ; GHC
  6034 00005192 0D00000080                  or eax, 0x80000000            ; AE - AHCI Enable
  6035 00005197 894304                      mov [rbx + 0x04], eax
  6036                                  
  6037 0000519A 8B430C                      mov eax, [rbx + 0x0C]         ; PI - ports implemented bitmap
  6038 0000519D 890425[FC9E0100]            mov [ahci_ports_impl], eax
  6039                                  
  6040 000051A4 4531E4                      xor r12d, r12d                ; physical port index, 0..31
  6041 000051A7 4531ED                      xor r13d, r13d                ; usable ports claimed so far
  6042                                  .port_scan:
  6043 000051AA 4183FC20                    cmp r12d, 32
  6044 000051AE 736E                        jae .scan_done
  6045 000051B0 4183FD04                    cmp r13d, AHCI_MAX_PORTS
  6046 000051B4 7368                        jae .scan_done
  6047 000051B6 B801000000                  mov eax, 1
  6048 000051BB 4489E1                      mov ecx, r12d
  6049 000051BE D3E0                        shl eax, cl
  6050 000051C0 850425[FC9E0100]            test eax, [ahci_ports_impl]
  6051 000051C7 7450                        jz .port_next                 ; this port number isn't implemented
  6052 000051C9 8B1C25[F89E0100]            mov ebx, [ahci_abar]          ; 32-bit load, see note above - this is the site
  6053                                                                     ; that was faulting once ahci_ports_impl went nonzero
  6054 000051D0 4881C300010000              add rbx, 0x100
  6055 000051D7 4489E0                      mov eax, r12d
  6056 000051DA C1E007                      shl eax, 7                    ; port registers are 0x80 bytes apart
  6057 000051DD 4801C3                      add rbx, rax
  6058 000051E0 8B4328                      mov eax, [rbx + 0x28]         ; PxSSTS
  6059 000051E3 83E00F                      and eax, 0x0F                 ; DET field
  6060 000051E6 83F803                      cmp eax, 0x03                 ; 3 = device present, comms established
  6061 000051E9 752E                        jne .port_next
  6062 000051EB 8B4324                      mov eax, [rbx + 0x24]         ; PxSIG
  6063 000051EE 3D010114EB                  cmp eax, 0xEB140101            ; ATAPI signature - skip optical drives
  6064 000051F3 7424                        je .port_next
  6065 000051F5 4489E8                      mov eax, r13d
  6066 000051F8 44892485[019F0100]          mov [ahci_port_num + rax*4], r12d   ; remember the real port number
  6067 00005200 4C89E8                      mov rax, r13
  6068 00005203 486BC008                    imul rax, 8
  6069 00005207 488998[189F0100]            mov [ahci_port_base + rax], rbx     ; remember its register base
  6070 0000520E 4589EE                      mov r14d, r13d
  6071 00005211 E862FEFFFF                  call ahci_port_init
  6072 00005216 41FFC5                      inc r13d
  6073                                  .port_next:
  6074 00005219 41FFC4                      inc r12d
  6075 0000521C EB8C                        jmp .port_scan
  6076                                  .scan_done:
  6077 0000521E 44882C25[009F0100]          mov [ahci_port_count], r13b
  6078                                  .done:
  6079 00005226 415E                        pop r14
  6080 00005228 415D                        pop r13
  6081 0000522A 415C                        pop r12
  6082 0000522C 415A                        pop r10
  6083 0000522E 4158                        pop r8
  6084 00005230 5F                          pop rdi
  6085 00005231 5A                          pop rdx
  6086 00005232 59                          pop rcx
  6087 00005233 5B                          pop rbx
  6088 00005234 58                          pop rax
  6089 00005235 C3                          ret
  6090                                  
  6091                                  ; ahci_read_sector / ahci_write_sector: same calling convention as their
  6092                                  ; ata_* counterparts (rax=LBA, rdi=dest / rsi=src, CF=0/1 on return), for
  6093                                  ; whichever port [ahci_cur_slot] currently names. They just set which ATA
  6094                                  ; command to send and which direction the data goes, then share the actual
  6095                                  ; command-submission logic in ahci_rw_common below.
  6096                                  ahci_read_sector:
  6097 00005236 C60425[3A9F0100]25          mov byte [ahci_op_cmd], 0x25    ; READ DMA EXT
  6098 0000523E C60425[3B9F0100]00          mov byte [ahci_op_write], 0
  6099 00005246 EB15                        jmp ahci_rw_common
  6100                                  
  6101                                  ahci_write_sector:
  6102 00005248 C60425[3A9F0100]35          mov byte [ahci_op_cmd], 0x35    ; WRITE DMA EXT
  6103 00005250 C60425[3B9F0100]01          mov byte [ahci_op_write], 1
  6104 00005258 4889F7                      mov rdi, rsi                    ; unify on rdi as "the buffer" below
  6105 0000525B EB00                        jmp ahci_rw_common
  6106                                  
  6107                                  ; ahci_rw_common: rax=LBA, rdi=buffer, using [ahci_op_cmd]/[ahci_op_write]
  6108                                  ; set by the caller above. Builds one command (command-list entry 0, its
  6109                                  ; command table, and a Register H2D FIS) for a single 512-byte sector
  6110                                  ; transfer, issues it, and polls PxCI until it clears (or times out).
  6111                                  ; Returns CF=0 on success, CF=1 on failure/timeout.
  6112                                  ahci_rw_common:
  6113 0000525D 50                          push rax
  6114 0000525E 53                          push rbx
  6115 0000525F 51                          push rcx
  6116 00005260 52                          push rdx
  6117 00005261 56                          push rsi
  6118 00005262 57                          push rdi
  6119 00005263 4150                        push r8
  6120 00005265 4151                        push r9
  6121 00005267 4152                        push r10
  6122 00005269 4154                        push r12
  6123 0000526B 4155                        push r13
  6124 0000526D 4156                        push r14
  6125 0000526F 4157                        push r15
  6126                                  
  6127 00005271 4989C4                      mov r12, rax                  ; r12 = LBA
  6128 00005274 4989FD                      mov r13, rdi                  ; r13 = buffer pointer
  6129                                  
  6130 00005277 440FB63425-                 movzx r14d, byte [ahci_cur_slot]
  6130 0000527C [399F0100]         
  6131 00005280 4C89F0                      mov rax, r14
  6132 00005283 486BC008                    imul rax, 8
  6133 00005287 4C8BB8[189F0100]            mov r15, [ahci_port_base + rax]   ; r15 = this port's register base
  6134                                  
  6135 0000528E 4C89F0                      mov rax, r14
  6136 00005291 4869C000040000              imul rax, 1024
  6137 00005298 4C8D80[00A00100]            lea r8, [ahci_clb + rax]      ; r8 = this port's command list (entry 0)
  6138                                  
  6139 0000529F 31C0                        xor eax, eax
  6140 000052A1 B005                        mov al, 5                     ; CFL = 5 DWORDS (20-byte Reg H2D FIS)
  6141 000052A3 803C25[3B9F0100]00          cmp byte [ahci_op_write], 0
  6142 000052AB 7403                        je .no_w
  6143 000052AD 83C840                      or eax, 0x40                  ; W bit - this is a write
  6144                                  .no_w:
  6145 000052B0 0D00000100                  or eax, (1 << 16)             ; PRDTL = 1 (one PRDT entry)
  6146 000052B5 418900                      mov [r8], eax
  6147 000052B8 41C7400400000000            mov dword [r8 + 4], 0         ; PRDBC, cleared before each command
  6148                                  
  6149 000052C0 4C89F0                      mov rax, r14
  6150 000052C3 4869C000010000              imul rax, 256
  6151 000052CA 4C8D88[00B40100]            lea r9, [ahci_cmdtbl + rax]   ; r9 = this port's command table
  6152 000052D1 45894808                    mov [r8 + 8], r9d             ; CTBA
  6153 000052D5 41C7400C00000000            mov dword [r8 + 12], 0        ; CTBAU
  6154                                  
  6155                                      ; zero the command table's FIS area (first 64 bytes) before building it
  6156 000052DD 57                          push rdi
  6157 000052DE 4C89CF                      mov rdi, r9
  6158 000052E1 31C0                        xor eax, eax
  6159 000052E3 B908000000                  mov rcx, 8
  6160 000052E8 F348AB                      rep stosq
  6161 000052EB 5F                          pop rdi
  6162                                  
  6163                                      ; Register H2D FIS at command table offset 0
  6164 000052EC 41C60127                    mov byte [r9 + 0], 0x27       ; FIS_TYPE_REG_H2D
  6165 000052F0 41C6410180                  mov byte [r9 + 1], 0x80       ; C = 1 (this FIS carries a Command)
  6166 000052F5 8A0425[3A9F0100]            mov al, [ahci_op_cmd]
  6167 000052FC 41884102                    mov byte [r9 + 2], al         ; Command register
  6168                                  
  6169 00005300 4C89E0                      mov rax, r12
  6170 00005303 41884104                    mov byte [r9 + 4], al         ; LBA[7:0]
  6171 00005307 4889C1                      mov rcx, rax
  6172 0000530A 48C1E908                    shr rcx, 8
  6173 0000530E 41884905                    mov byte [r9 + 5], cl         ; LBA[15:8]
  6174 00005312 4889C1                      mov rcx, rax
  6175 00005315 48C1E910                    shr rcx, 16
  6176 00005319 41884906                    mov byte [r9 + 6], cl         ; LBA[23:16]
  6177 0000531D 41C6410740                  mov byte [r9 + 7], 0x40       ; Device (LBA mode)
  6178 00005322 4889C1                      mov rcx, rax
  6179 00005325 48C1E918                    shr rcx, 24
  6180 00005329 41884908                    mov byte [r9 + 8], cl         ; LBA[31:24]
  6181 0000532D 4889C1                      mov rcx, rax
  6182 00005330 48C1E920                    shr rcx, 32
  6183 00005334 41884909                    mov byte [r9 + 9], cl         ; LBA[39:32]
  6184 00005338 4889C1                      mov rcx, rax
  6185 0000533B 48C1E928                    shr rcx, 40
  6186 0000533F 4188490A                    mov byte [r9 + 10], cl        ; LBA[47:40]
  6187 00005343 41C6410C01                  mov byte [r9 + 12], 1         ; sector count = 1
  6188                                  
  6189                                      ; PRDT entry, at command table offset 128: points straight at the
  6190                                      ; caller's buffer (identity-mapped, so virtual == physical here).
  6191 00005348 4589A980000000              mov [r9 + 128], r13d          ; DBA
  6192 0000534F 41C781840000000000-         mov dword [r9 + 132], 0       ; DBAU
  6192 00005358 0000               
  6193 0000535A 41C781880000000000-         mov dword [r9 + 136], 0       ; reserved
  6193 00005363 0000               
  6194 00005365 B8FF010000                  mov eax, 511                  ; byte count field is (N-1); no IRQ bit
  6195 0000536A 4189818C000000              mov [r9 + 140], eax
  6196                                  
  6197 00005371 41C74710FFFFFFFF            mov dword [r15 + 0x10], 0xFFFFFFFF   ; PxIS - clear stale status
  6198 00005379 B801000000                  mov eax, 1
  6199 0000537E 41894738                    mov [r15 + 0x38], eax                ; PxCI - issue command slot 0
  6200                                  
  6201 00005382 B900004000                  mov rcx, AHCI_TIMEOUT
  6202                                  .wait:
  6203 00005387 418B4738                    mov eax, [r15 + 0x38]
  6204 0000538B A901000000                  test eax, 1
  6205 00005390 740F                        jz .check_err
  6206 00005392 418B4720                    mov eax, [r15 + 0x20]         ; PxTFD - bail early on a device error
  6207 00005396 A901000000                  test eax, 1
  6208 0000539B 7512                        jnz .fail
  6209 0000539D E2E8                        loop .wait
  6210 0000539F EB0E                        jmp .fail                     ; timed out
  6211                                  .check_err:
  6212 000053A1 418B4720                    mov eax, [r15 + 0x20]
  6213 000053A5 A901000000                  test eax, 1
  6214 000053AA 7503                        jnz .fail
  6215 000053AC F8                          clc
  6216 000053AD EB01                        jmp .rw_done
  6217                                  .fail:
  6218 000053AF F9                          stc
  6219                                  .rw_done:
  6220 000053B0 415F                        pop r15
  6221 000053B2 415E                        pop r14
  6222 000053B4 415D                        pop r13
  6223 000053B6 415C                        pop r12
  6224 000053B8 415A                        pop r10
  6225 000053BA 4159                        pop r9
  6226 000053BC 4158                        pop r8
  6227 000053BE 5F                          pop rdi
  6228 000053BF 5E                          pop rsi
  6229 000053C0 5A                          pop rdx
  6230 000053C1 59                          pop rcx
  6231 000053C2 5B                          pop rbx
  6232 000053C3 58                          pop rax
  6233 000053C4 C3                          ret
  6234                                  
  6235                                  ; ------------------------------------------------------------------
  6236                                  ;  SFFS v2 volume I/O
  6237                                  ; ------------------------------------------------------------------
  6238                                  
  6239                                  ; vol_read: al = device id (0..3), rdi = base node index.
  6240                                  ; Loads an SFFS volume from that device into the node table at
  6241                                  ; [base .. base+VOL_NODES). For the OS volume (base 0) parents are
  6242                                  ; copied verbatim; for mounted volumes, on-disk relative parent indices
  6243                                  ; are remapped to the mount's global slice and the volume root becomes a
  6244                                  ; child of the OS root (parent 0).
  6245                                  ; returns rax = 0 on success, -1 on failure (absent device, bad magic,
  6246                                  ; or an I/O error). Sets fs_disk_available=0 when the device never
  6247                                  ; responded (i.e. there's no drive at that slot).
  6248                                  vol_read:
  6249 000053C5 53                          push rbx
  6250 000053C6 51                          push rcx
  6251 000053C7 52                          push rdx
  6252 000053C8 56                          push rsi
  6253 000053C9 57                          push rdi
  6254 000053CA 4150                        push r8
  6255 000053CC 4151                        push r9
  6256 000053CE 4989F8                      mov r8, rdi                 ; r8 = base node index
  6257 000053D1 E8CFFAFFFF                  call disk_select_device
  6258 000053D6 B82C010000                  mov rax, SUPER_LBA
  6259 000053DB 488D3C25[40010100]          lea rdi, [fs_super_buf]
  6260 000053E3 E8E4FAFFFF                  call disk_read_sector
  6261 000053E8 0F82D8010000                jc .nodisk
  6262 000053EE 803C25[40010100]53          cmp byte [fs_super_buf+0], 'S'
  6263 000053F6 0F85D2010000                jne .fail
  6264 000053FC 803C25[41010100]46          cmp byte [fs_super_buf+1], 'F'
  6265 00005404 0F85C4010000                jne .fail
  6266 0000540A 803C25[42010100]46          cmp byte [fs_super_buf+2], 'F'
  6267 00005412 0F85B6010000                jne .fail
  6268 00005418 803C25[43010100]53          cmp byte [fs_super_buf+3], 'S'
  6269 00005420 0F85A8010000                jne .fail
  6270                                      ; accept both v3 (current) and v2 (old single-block) formats
  6271 00005426 C60425[E39E0100]00          mov byte [fs_layout_v3], 0
  6272 0000542E 803C25[44010100]03          cmp byte [fs_super_buf+4], SFFS_VERSION
  6273 00005436 7410                        je .version_ok
  6274 00005438 803C25[44010100]02          cmp byte [fs_super_buf+4], SFFS_VERSION_V2
  6275 00005440 0F8588010000                jne .fail
  6276 00005446 EB00                        jmp .version_ok
  6277                                  .version_ok:
  6278 00005448 803C25[44010100]03          cmp byte [fs_super_buf+4], SFFS_VERSION
  6279 00005450 7508                        jne .version_v2
  6280 00005452 C60425[E39E0100]01          mov byte [fs_layout_v3], 1
  6281                                  .version_v2:
  6282                                      ; node_type
  6283 0000545A B82D010000                  mov rax, TYPE_LBA
  6284 0000545F 488D3C25[E0050100]          lea rdi, [node_type]
  6285 00005467 4C01C7                      add rdi, r8
  6286 0000546A E85DFAFFFF                  call disk_read_sector
  6287 0000546F 0F8259010000                jc .fail
  6288                                      ; node_parent -> scratch, then remap into place
  6289 00005475 B82E010000                  mov rax, PARENT_LBA
  6290 0000547A 488D3C25[9C030100]          lea rdi, [fs_parent_scratch]
  6291 00005482 E845FAFFFF                  call disk_read_sector
  6292 00005487 0F8241010000                jc .fail
  6293 0000548D 4D89C1                      mov r9, r8                   ; r9 = base + i (live table index)
  6294 00005490 4831C9                      xor rcx, rcx                 ; rcx = i
  6295                                  .remap:
  6296 00005493 4883F940                    cmp rcx, VOL_NODES
  6297 00005497 7349                        jae .remap_done
  6298 00005499 480FB78409-                 movzx rax, word [fs_parent_scratch + rcx*2]
  6298 0000549E [9C030100]         
  6299 000054A2 4983F800                    cmp r8, 0
  6300 000054A6 750B                        jne .remap_mount
  6301                                      ; OS volume: parents are already global, copy verbatim
  6302 000054A8 6643898409-                 mov [node_parent + r9*2], ax
  6302 000054AD [E00B0100]         
  6303 000054B1 EB27                        jmp .remap_next
  6304                                  .remap_mount:
  6305 000054B3 4883F900                    cmp rcx, 0
  6306 000054B7 7416                        je .remap_root
  6307 000054B9 483DFFFF0000                cmp rax, 0xFFFF
  6308 000054BF 740E                        je .remap_root
  6309 000054C1 4C01C0                      add rax, r8
  6310 000054C4 6643898409-                 mov [node_parent + r9*2], ax
  6310 000054C9 [E00B0100]         
  6311 000054CD EB0B                        jmp .remap_next
  6312                                  .remap_root:
  6313 000054CF 6643C78409-                 mov word [node_parent + r9*2], 0
  6313 000054D4 [E00B0100]0000     
  6314                                  .remap_next:
  6315 000054DA 48FFC1                      inc rcx
  6316 000054DD 49FFC1                      inc r9
  6317 000054E0 EBB1                        jmp .remap
  6318                                  .remap_done:
  6319                                      ; node_next (v3 only) - a v2 volume gets a fresh no-chain slice instead
  6320 000054E2 803C25[E39E0100]00          cmp byte [fs_layout_v3], 0
  6321 000054EA 7432                        je .next_v2
  6322 000054EC B82F010000                  mov rax, NEXT_LBA
  6323 000054F1 488D3C25[40D10100]          lea rdi, [fs_next_scratch]
  6324 000054F9 E8CEF9FFFF                  call disk_read_sector
  6325 000054FE 0F82CA000000                jc .fail
  6326 00005504 488D3425[40D10100]          lea rsi, [fs_next_scratch]
  6327 0000550C 4B8DBC00[609D0100]          lea rdi, [node_next + r8*2]
  6328 00005514 B940000000                  mov rcx, VOL_NODES
  6329 00005519 66F3A5                      rep movsw
  6330 0000551C EB14                        jmp .next_loaded
  6331                                  .next_v2:
  6332 0000551E 4B8DBC00[609D0100]          lea rdi, [node_next + r8*2]
  6333 00005526 B940000000                  mov rcx, VOL_NODES
  6334 0000552B 66B8FFFF                    mov ax, 0xFFFF
  6335 0000552F 66F3AB                      rep stosw
  6336                                  .next_loaded:
  6337                                      ; node_name (LBA differs between v2 and v3)
  6338 00005532 803C25[E39E0100]00          cmp byte [fs_layout_v3], 0
  6339 0000553A 7507                        jne .name_v3
  6340 0000553C B82F010000                  mov rax, SUPER_LBA + 3
  6341 00005541 EB05                        jmp .name_go
  6342                                  .name_v3:
  6343 00005543 B830010000                  mov rax, NAME_LBA
  6344                                  .name_go:
  6345 00005548 B904000000                  mov rcx, NAME_SECTORS
  6346 0000554D 488D3C25[600D0100]          lea rdi, [node_name]
  6347 00005555 4D89C1                      mov r9, r8
  6348 00005558 4D6BC920                    imul r9, NAME_LEN
  6349 0000555C 4C01CF                      add rdi, r9
  6350                                  .name_loop:
  6351 0000555F 50                          push rax
  6352 00005560 51                          push rcx
  6353 00005561 57                          push rdi
  6354 00005562 E865F9FFFF                  call disk_read_sector
  6355 00005567 5F                          pop rdi
  6356 00005568 59                          pop rcx
  6357 00005569 58                          pop rax
  6358 0000556A 7262                        jc .fail
  6359 0000556C 4881C700020000              add rdi, 512
  6360 00005573 48FFC0                      inc rax
  6361 00005576 E2E7                        loop .name_loop
  6362                                      ; node_content
  6363 00005578 803C25[E39E0100]00          cmp byte [fs_layout_v3], 0
  6364 00005580 7507                        jne .content_v3
  6365 00005582 B833010000                  mov rax, SUPER_LBA + 7
  6366 00005587 EB05                        jmp .content_go
  6367                                  .content_v3:
  6368 00005589 B834010000                  mov rax, CONTENT_LBA
  6369                                  .content_go:
  6370 0000558E B914000000                  mov rcx, CONTENT_SECTORS
  6371 00005593 488D3C25[60250100]          lea rdi, [node_content]
  6372 0000559B 4D89C1                      mov r9, r8
  6373 0000559E 4D69C9A0000000              imul r9, CONTENT_LEN
  6374 000055A5 4C01CF                      add rdi, r9
  6375                                  .content_loop:
  6376 000055A8 50                          push rax
  6377 000055A9 51                          push rcx
  6378 000055AA 57                          push rdi
  6379 000055AB E81CF9FFFF                  call disk_read_sector
  6380 000055B0 5F                          pop rdi
  6381 000055B1 59                          pop rcx
  6382 000055B2 58                          pop rax
  6383 000055B3 7219                        jc .fail
  6384 000055B5 4881C700020000              add rdi, 512
  6385 000055BC 48FFC0                      inc rax
  6386 000055BF E2E7                        loop .content_loop
  6387 000055C1 4831C0                      xor rax, rax
  6388 000055C4 EB0F                        jmp .done
  6389                                  .nodisk:
  6390 000055C6 C60425[E19E0100]00          mov byte [fs_disk_available], 0
  6391                                  .fail:
  6392 000055CE 48C7C0FFFFFFFF              mov rax, -1
  6393                                  .done:
  6394 000055D5 4159                        pop r9
  6395 000055D7 4158                        pop r8
  6396 000055D9 5F                          pop rdi
  6397 000055DA 5E                          pop rsi
  6398 000055DB 5A                          pop rdx
  6399 000055DC 59                          pop rcx
  6400 000055DD 5B                          pop rbx
  6401 000055DE C3                          ret
  6402                                  
  6403                                  ; vol_write: al = device id, rdi = base node index, rsi = label ptr.
  6404                                  ; Writes the volume at [base .. base+VOL_NODES) plus a fresh superblock
  6405                                  ; (magic + version + label) to that device. Parents are remapped back to
  6406                                  ; on-disk relative indices (the volume root is stored as 0xFFFF).
  6407                                  ; returns CF=0 on success, CF=1 on failure.
  6408                                  vol_write:
  6409 000055DF 50                          push rax
  6410 000055E0 53                          push rbx
  6411 000055E1 51                          push rcx
  6412 000055E2 52                          push rdx
  6413 000055E3 56                          push rsi
  6414 000055E4 57                          push rdi
  6415 000055E5 4150                        push r8
  6416 000055E7 4151                        push r9
  6417 000055E9 4989F8                      mov r8, rdi                 ; r8 = base node index
  6418 000055EC 4989F1                      mov r9, rsi                 ; r9 = label ptr
  6419 000055EF E8B1F8FFFF                  call disk_select_device
  6420                                      ; --- build and write the superblock ---
  6421 000055F4 C60425[40010100]53          mov byte [fs_super_buf+0], 'S'
  6422 000055FC C60425[41010100]46          mov byte [fs_super_buf+1], 'F'
  6423 00005604 C60425[42010100]46          mov byte [fs_super_buf+2], 'F'
  6424 0000560C C60425[43010100]53          mov byte [fs_super_buf+3], 'S'
  6425 00005614 C60425[44010100]03          mov byte [fs_super_buf+4], SFFS_VERSION
  6426 0000561C C60425[45010100]00          mov byte [fs_super_buf+5], 0
  6427 00005624 C60425[46010100]00          mov byte [fs_super_buf+6], 0
  6428 0000562C C60425[47010100]00          mov byte [fs_super_buf+7], 0
  6429 00005634 48BF-                       mov rdi, fs_super_buf
  6429 00005636 [4001010000000000] 
  6430 0000563E 4883C708                    add rdi, SUPER_LABEL_OFF
  6431 00005642 B920000000                  mov rcx, 32
  6432 00005647 30C0                        xor al, al
  6433 00005649 F3AA                        rep stosb
  6434 0000564B 4C89CE                      mov rsi, r9
  6435 0000564E 48BF-                       mov rdi, fs_super_buf
  6435 00005650 [4001010000000000] 
  6436 00005658 4883C708                    add rdi, SUPER_LABEL_OFF
  6437 0000565C 4831C9                      xor rcx, rcx
  6438                                  .label_copy:
  6439 0000565F 4883F91F                    cmp rcx, 31
  6440 00005663 7313                        jae .label_done
  6441 00005665 8A06                        mov al, [rsi]
  6442 00005667 84C0                        test al, al
  6443 00005669 740D                        jz .label_done
  6444 0000566B 8807                        mov [rdi], al
  6445 0000566D 48FFC6                      inc rsi
  6446 00005670 48FFC7                      inc rdi
  6447 00005673 48FFC1                      inc rcx
  6448 00005676 EBE7                        jmp .label_copy
  6449                                  .label_done:
  6450 00005678 B82C010000                  mov rax, SUPER_LBA
  6451 0000567D 488D3425[40010100]          lea rsi, [fs_super_buf]
  6452 00005685 E855F8FFFF                  call disk_write_sector
  6453 0000568A 0F822B010000                jc .fail
  6454                                      ; --- node_type ---
  6455 00005690 B82D010000                  mov rax, TYPE_LBA
  6456 00005695 488D3425[E0050100]          lea rsi, [node_type]
  6457 0000569D 4C01C6                      add rsi, r8
  6458 000056A0 E83AF8FFFF                  call disk_write_sector
  6459 000056A5 0F8210010000                jc .fail
  6460                                      ; --- node_parent (remap to on-disk relative indices) ---
  6461 000056AB 4831C9                      xor rcx, rcx
  6462                                  .parent_loop:
  6463 000056AE 4883F940                    cmp rcx, VOL_NODES
  6464 000056B2 7333                        jae .parent_done
  6465 000056B4 4883F900                    cmp rcx, 0
  6466 000056B8 741E                        je .parent_root
  6467 000056BA 4C89C0                      mov rax, r8
  6468 000056BD 4801C8                      add rax, rcx                 ; rax = global node index (base+i)
  6469 000056C0 48D1E0                      shl rax, 1                   ; rax = byte offset into node_parent (word-sized)
  6470 000056C3 480FB780[E00B0100]          movzx rax, word [node_parent + rax]
  6471 000056CB 4C29C0                      sub rax, r8
  6472 000056CE 66898409[9C030100]          mov [fs_parent_scratch + rcx*2], ax
  6473 000056D6 EB0A                        jmp .parent_next
  6474                                  .parent_root:
  6475 000056D8 66C78409[9C030100]-         mov word [fs_parent_scratch + rcx*2], 0xFFFF
  6475 000056E0 FFFF               
  6476                                  .parent_next:
  6477 000056E2 48FFC1                      inc rcx
  6478 000056E5 EBC7                        jmp .parent_loop
  6479                                  .parent_done:
  6480 000056E7 B82E010000                  mov rax, PARENT_LBA
  6481 000056EC 488D3425[9C030100]          lea rsi, [fs_parent_scratch]
  6482 000056F4 E8E6F7FFFF                  call disk_write_sector
  6483 000056F9 0F82BC000000                jc .fail
  6484                                      ; --- node_next: this volume's 64 words padded to a full 0xFFFF sector ---
  6485 000056FF 48BF-                       mov rdi, fs_next_scratch
  6485 00005701 [40D1010000000000] 
  6486 00005709 B900010000                  mov rcx, 512 / 2
  6487 0000570E 66B8FFFF                    mov ax, 0xFFFF
  6488 00005712 66F3AB                      rep stosw
  6489 00005715 4B8DB400[609D0100]          lea rsi, [node_next + r8*2]
  6490 0000571D 488D3C25[40D10100]          lea rdi, [fs_next_scratch]
  6491 00005725 B940000000                  mov rcx, VOL_NODES
  6492 0000572A 66F3A5                      rep movsw
  6493 0000572D B82F010000                  mov rax, NEXT_LBA
  6494 00005732 488D3425[40D10100]          lea rsi, [fs_next_scratch]
  6495 0000573A E8A0F7FFFF                  call disk_write_sector
  6496 0000573F 727A                        jc .fail
  6497                                      ; --- node_name ---
  6498 00005741 B830010000                  mov rax, NAME_LBA
  6499 00005746 B904000000                  mov rcx, NAME_SECTORS
  6500 0000574B 488D3425[600D0100]          lea rsi, [node_name]
  6501 00005753 4C89C7                      mov rdi, r8
  6502 00005756 486BFF20                    imul rdi, NAME_LEN
  6503 0000575A 4801FE                      add rsi, rdi
  6504                                  .name_loop:
  6505 0000575D 50                          push rax
  6506 0000575E 51                          push rcx
  6507 0000575F 56                          push rsi
  6508 00005760 E8210E0000                  call spinner_step
  6509 00005765 E875F7FFFF                  call disk_write_sector
  6510 0000576A 5E                          pop rsi
  6511 0000576B 59                          pop rcx
  6512 0000576C 58                          pop rax
  6513 0000576D 724C                        jc .fail
  6514 0000576F 4881C600020000              add rsi, 512
  6515 00005776 48FFC0                      inc rax
  6516 00005779 E2E2                        loop .name_loop
  6517                                      ; --- node_content ---
  6518 0000577B B834010000                  mov rax, CONTENT_LBA
  6519 00005780 B914000000                  mov rcx, CONTENT_SECTORS
  6520 00005785 488D3425[60250100]          lea rsi, [node_content]
  6521 0000578D 4C89C7                      mov rdi, r8
  6522 00005790 4869FFA0000000              imul rdi, CONTENT_LEN
  6523 00005797 4801FE                      add rsi, rdi
  6524                                  .content_loop:
  6525 0000579A 50                          push rax
  6526 0000579B 51                          push rcx
  6527 0000579C 56                          push rsi
  6528 0000579D E8E40D0000                  call spinner_step
  6529 000057A2 E838F7FFFF                  call disk_write_sector
  6530 000057A7 5E                          pop rsi
  6531 000057A8 59                          pop rcx
  6532 000057A9 58                          pop rax
  6533 000057AA 720F                        jc .fail
  6534 000057AC 4881C600020000              add rsi, 512
  6535 000057B3 48FFC0                      inc rax
  6536 000057B6 E2E2                        loop .content_loop
  6537 000057B8 F8                          clc
  6538 000057B9 EB01                        jmp .done
  6539                                  .fail:
  6540 000057BB F9                          stc
  6541                                  .done:
  6542 000057BC 4159                        pop r9
  6543 000057BE 4158                        pop r8
  6544 000057C0 5F                          pop rdi
  6545 000057C1 5E                          pop rsi
  6546 000057C2 5A                          pop rdx
  6547 000057C3 59                          pop rcx
  6548 000057C4 5B                          pop rbx
  6549 000057C5 58                          pop rax
  6550 000057C6 C3                          ret
  6551                                  
  6552                                  ; fs_save: writes the OS volume (device 0, nodes 0..OS_NODES) then every
  6553                                  ; mounted volume back to its own device. Returns CF=0 on success, CF=1 if
  6554                                  ; the OS volume's disk isn't there/isn't responding. A mounted volume that
  6555                                  ; fails to write is left mounted (best effort; sync still reports success).
  6556                                  fs_save:
  6557 000057C7 50                          push rax
  6558 000057C8 53                          push rbx
  6559 000057C9 56                          push rsi
  6560 000057CA 57                          push rdi
  6561 000057CB 4155                        push r13
  6562 000057CD 4156                        push r14
  6563 000057CF 4530F6                      xor r14b, r14b                ; r14b = 1 once anything has actually been saved
  6564 000057D2 803C25[E19E0100]00          cmp byte [fs_disk_available], 0
  6565 000057DA 7417                        je .skip_os_volume            ; no legacy-ATA OS disk this session - don't retry
  6566                                                                     ; it, but still try any mounted AHCI volumes below
  6567                                      ; OS volume: device 0, base 0, label = root node's name
  6568 000057DC 488D3425[600D0100]          lea rsi, [node_name]
  6569 000057E4 4831FF                      xor rdi, rdi
  6570 000057E7 30C0                        xor al, al
  6571 000057E9 E8F1FDFFFF                  call vol_write
  6572 000057EE 7255                        jc .disk_gone
  6573 000057F0 41B601                      mov r14b, 1
  6574                                  .skip_os_volume:
  6575                                      ; mounted volumes
  6576 000057F3 4D31ED                      xor r13, r13
  6577                                  .mount_loop:
  6578 000057F6 4983FD02                    cmp r13, MAX_MOUNTS
  6579 000057FA 7339                        jae .check_any
  6580 000057FC 4180BD[DE050100]00          cmp byte [mount_used + r13], 0
  6581 00005804 742A                        je .mount_next
  6582 00005806 490FB685[DC050100]          movzx rax, byte [mount_device + r13]
  6583 0000580E 4C89EF                      mov rdi, r13
  6584 00005811 48FFC7                      inc rdi
  6585 00005814 486BFF40                    imul rdi, VOL_NODES
  6586 00005818 4C89EB                      mov rbx, r13
  6587 0000581B 486BDB20                    imul rbx, 32
  6588 0000581F 488DB3[9C050100]            lea rsi, [mount_label + rbx]
  6589 00005826 E8B4FDFFFF                  call vol_write
  6590 0000582B 7203                        jc .mount_next                ; a mounted volume failing to save is not fatal;
  6591 0000582D 41B601                      mov r14b, 1                   ; keep it mounted, just don't count it as saved
  6592                                  .mount_next:
  6593 00005830 49FFC5                      inc r13
  6594 00005833 EBC1                        jmp .mount_loop
  6595                                  .check_any:
  6596 00005835 4180FE00                    cmp r14b, 0
  6597 00005839 7414                        je .fail                      ; nothing at all got saved - genuinely no disk
  6598 0000583B 415E                        pop r14
  6599 0000583D 415D                        pop r13
  6600 0000583F 5F                          pop rdi
  6601 00005840 5E                          pop rsi
  6602 00005841 5B                          pop rbx
  6603 00005842 58                          pop rax
  6604 00005843 F8                          clc
  6605 00005844 C3                          ret
  6606                                  .disk_gone:
  6607 00005845 C60425[E19E0100]00          mov byte [fs_disk_available], 0
  6608 0000584D EBA4                        jmp .skip_os_volume
  6609                                  .fail:
  6610 0000584F 415E                        pop r14
  6611 00005851 415D                        pop r13
  6612 00005853 5F                          pop rdi
  6613 00005854 5E                          pop rsi
  6614 00005855 5B                          pop rbx
  6615 00005856 58                          pop rax
  6616 00005857 F9                          stc
  6617 00005858 C3                          ret
  6618                                  
  6619                                  ; fs_load: reads the OS volume (device 0) into nodes 0..OS_NODES. If the
  6620                                  ; magic/version don't check out (blank disk, older format, etc.) or there's
  6621                                  ; simply no disk responding at the legacy ATA ports (common on real hardware
  6622                                  ; without a PATA/IDE controller, or booting off USB), falls back to fs_init
  6623                                  ; for a fresh in-memory-only filesystem. Mounted volumes are never loaded
  6624                                  ; here - you re-attach them after boot with 'dscan' + 'mount'.
  6625                                  ; sets fs_loaded_from_disk and fs_disk_available accordingly.
  6626                                  fs_load:
  6627 00005859 50                          push rax
  6628 0000585A 57                          push rdi
  6629 0000585B 56                          push rsi
  6630 0000585C 30C0                        xor al, al                  ; device 0 (boot drive)
  6631 0000585E 4831FF                      xor rdi, rdi                ; base 0 = OS volume
  6632 00005861 E85FFBFFFF                  call vol_read
  6633 00005866 4883F8FF                    cmp rax, -1
  6634 0000586A 7528                        jne .loaded
  6635                                      ; failed: either no disk, or a disk that isn't SFFS yet
  6636 0000586C 803C25[E19E0100]00          cmp byte [fs_disk_available], 0
  6637 00005874 740F                        je .no_disk
  6638 00005876 E8E7EDFFFF                  call fs_init
  6639 0000587B C60425[E09E0100]00          mov byte [fs_loaded_from_disk], 0
  6640 00005883 EB23                        jmp .done
  6641                                  .no_disk:
  6642 00005885 E8D8EDFFFF                  call fs_init
  6643 0000588A C60425[E09E0100]00          mov byte [fs_loaded_from_disk], 0
  6644 00005892 EB14                        jmp .done
  6645                                  .loaded:
  6646 00005894 48C70425[CB6D0000]-         mov qword [cur_dir], 0
  6646 0000589C 00000000           
  6647 000058A0 C60425[E09E0100]01          mov byte [fs_loaded_from_disk], 1
  6648                                  .done:
  6649 000058A8 5E                          pop rsi
  6650 000058A9 5F                          pop rdi
  6651 000058AA 58                          pop rax
  6652 000058AB C3                          ret
  6653                                  
  6654                                  ; ============================================================
  6655                                  ;  VARIABLES  (simple name -> int64 table used by assignment/show/calc)
  6656                                  ; ============================================================
  6657                                  
  6658                                  ; str_len: rsi=string -> rax=length (not including null terminator)
  6659                                  str_len:
  6660 000058AC 56                          push rsi
  6661 000058AD 4831C0                      xor rax, rax
  6662                                  .sl_loop:
  6663 000058B0 803E00                      cmp byte [rsi], 0
  6664 000058B3 7408                        je .sl_done
  6665 000058B5 48FFC0                      inc rax
  6666 000058B8 48FFC6                      inc rsi
  6667 000058BB EBF3                        jmp .sl_loop
  6668                                  .sl_done:
  6669 000058BD 5E                          pop rsi
  6670 000058BE C3                          ret
  6671                                  
  6672                                  ; var_find: rsi=name -> rax=index or -1. Preserves rsi.
  6673                                  var_find:
  6674 000058BF 56                          push rsi
  6675 000058C0 57                          push rdi
  6676 000058C1 51                          push rcx
  6677 000058C2 4831C9                      xor rcx, rcx
  6678                                  .vf_loop:
  6679 000058C5 4883F910                    cmp rcx, MAX_VARS
  6680 000058C9 732E                        jae .vf_notfound
  6681 000058CB 80B9[08C10100]00            cmp byte [var_used+rcx], 0
  6682 000058D2 741B                        je .vf_next
  6683 000058D4 4889CF                      mov rdi, rcx
  6684 000058D7 486BFF20                    imul rdi, VAR_NAME_LEN
  6685 000058DB 488DBF[88BE0100]            lea rdi, [var_name+rdi]
  6686 000058E2 56                          push rsi
  6687 000058E3 51                          push rcx
  6688 000058E4 E8A90A0000                  call str_eq
  6689 000058E9 59                          pop rcx
  6690 000058EA 5E                          pop rsi
  6691 000058EB 3C01                        cmp al, 1
  6692 000058ED 7405                        je .vf_found
  6693                                  .vf_next:
  6694 000058EF 48FFC1                      inc rcx
  6695 000058F2 EBD1                        jmp .vf_loop
  6696                                  .vf_found:
  6697 000058F4 4889C8                      mov rax, rcx
  6698 000058F7 EB07                        jmp .vf_out
  6699                                  .vf_notfound:
  6700 000058F9 48C7C0FFFFFFFF              mov rax, -1
  6701                                  .vf_out:
  6702 00005900 59                          pop rcx
  6703 00005901 5F                          pop rdi
  6704 00005902 5E                          pop rsi
  6705 00005903 C3                          ret
  6706                                  
  6707                                  ; var_get: rsi=name -> rax=value, cl=1 if found else cl=0 and rax=0
  6708                                  var_get:
  6709 00005904 56                          push rsi
  6710 00005905 E8B5FFFFFF                  call var_find
  6711 0000590A 5E                          pop rsi
  6712 0000590B 4883F8FF                    cmp rax, -1
  6713 0000590F 740E                        je .vg_notfound
  6714 00005911 4989C1                      mov r9, rax
  6715 00005914 4A8B04CD[88C00100]          mov rax, [var_value + r9*8]
  6716 0000591C B101                        mov cl, 1
  6717 0000591E C3                          ret
  6718                                  .vg_notfound:
  6719 0000591F 4831C0                      xor rax, rax
  6720 00005922 B100                        mov cl, 0
  6721 00005924 C3                          ret
  6722                                  
  6723                                  ; var_set: rsi=name, rbx=value(int64). Creates the variable if it
  6724                                  ; doesn't exist yet, otherwise updates it in place. Silently does
  6725                                  ; nothing if the table is full (MAX_VARS reached).
  6726                                  var_set:
  6727 00005925 50                          push rax
  6728 00005926 51                          push rcx
  6729 00005927 52                          push rdx
  6730 00005928 57                          push rdi
  6731 00005929 56                          push rsi
  6732 0000592A 53                          push rbx
  6733 0000592B E88FFFFFFF                  call var_find
  6734 00005930 5B                          pop rbx
  6735 00005931 5E                          pop rsi
  6736 00005932 4883F8FF                    cmp rax, -1
  6737 00005936 7536                        jne .vs_have
  6738 00005938 4831C9                      xor rcx, rcx
  6739                                  .vs_free:
  6740 0000593B 4883F910                    cmp rcx, MAX_VARS
  6741 0000593F 7335                        jae .vs_full
  6742 00005941 80B9[08C10100]00            cmp byte [var_used+rcx], 0
  6743 00005948 7405                        je .vs_got
  6744 0000594A 48FFC1                      inc rcx
  6745 0000594D EBEC                        jmp .vs_free
  6746                                  .vs_got:
  6747 0000594F C681[08C10100]01            mov byte [var_used+rcx], 1
  6748 00005956 4889CF                      mov rdi, rcx
  6749 00005959 486BFF20                    imul rdi, VAR_NAME_LEN
  6750 0000595D 488DBF[88BE0100]            lea rdi, [var_name+rdi]
  6751 00005964 E8F9090000                  call str_copy
  6752 00005969 4889C8                      mov rax, rcx
  6753 0000596C EB00                        jmp .vs_setval
  6754                                  .vs_have:
  6755                                  .vs_setval:
  6756 0000596E 48891CC5[88C00100]          mov [var_value + rax*8], rbx
  6757                                  .vs_full:
  6758 00005976 5F                          pop rdi
  6759 00005977 5A                          pop rdx
  6760 00005978 59                          pop rcx
  6761 00005979 58                          pop rax
  6762 0000597A C3                          ret
  6763                                  
  6764                                  ; parse_int: rsi=null-terminated string -> rax=value(int64), cl=1 if the
  6765                                  ; whole string was a valid (optionally negative) decimal integer, else
  6766                                  ; cl=0. Does not preserve rcx (used to return the flag in cl).
  6767                                  parse_int:
  6768 0000597B 53                          push rbx
  6769 0000597C 52                          push rdx
  6770 0000597D 4150                        push r8
  6771 0000597F 4151                        push r9
  6772 00005981 4831C0                      xor rax, rax
  6773 00005984 4831D2                      xor rdx, rdx
  6774 00005987 4D31C0                      xor r8, r8
  6775 0000598A 8A1E                        mov bl, [rsi]
  6776 0000598C 80FB2D                      cmp bl, '-'
  6777 0000598F 7508                        jne .pi_loop
  6778 00005991 BA01000000                  mov rdx, 1
  6779 00005996 48FFC6                      inc rsi
  6780                                  .pi_loop:
  6781 00005999 8A1E                        mov bl, [rsi]
  6782 0000599B 80FB00                      cmp bl, 0
  6783 0000599E 7421                        je .pi_end
  6784 000059A0 80FB30                      cmp bl, '0'
  6785 000059A3 722F                        jb .pi_bad
  6786 000059A5 80FB39                      cmp bl, '9'
  6787 000059A8 772A                        ja .pi_bad
  6788 000059AA 486BC00A                    imul rax, rax, 10
  6789 000059AE 4C0FB6CB                    movzx r9, bl
  6790 000059B2 4983E930                    sub r9, '0'
  6791 000059B6 4C01C8                      add rax, r9
  6792 000059B9 49FFC0                      inc r8
  6793 000059BC 48FFC6                      inc rsi
  6794 000059BF EBD8                        jmp .pi_loop
  6795                                  .pi_end:
  6796 000059C1 4983F800                    cmp r8, 0
  6797 000059C5 740D                        je .pi_bad
  6798 000059C7 4883FA01                    cmp rdx, 1
  6799 000059CB 7503                        jne .pi_ok
  6800 000059CD 48F7D8                      neg rax
  6801                                  .pi_ok:
  6802 000059D0 B101                        mov cl, 1
  6803 000059D2 EB05                        jmp .pi_out
  6804                                  .pi_bad:
  6805 000059D4 4831C0                      xor rax, rax
  6806 000059D7 B100                        mov cl, 0
  6807                                  .pi_out:
  6808 000059D9 4159                        pop r9
  6809 000059DB 4158                        pop r8
  6810 000059DD 5A                          pop rdx
  6811 000059DE 5B                          pop rbx
  6812 000059DF C3                          ret
  6813                                  
  6814                                  ; int_to_str: rax=value(signed) -> ascii decimal (with leading '-' if
  6815                                  ; negative) written null-terminated to buffer rdi.
  6816                                  int_to_str:
  6817 000059E0 50                          push rax
  6818 000059E1 53                          push rbx
  6819 000059E2 51                          push rcx
  6820 000059E3 52                          push rdx
  6821 000059E4 57                          push rdi
  6822 000059E5 56                          push rsi
  6823 000059E6 4883F800                    cmp rax, 0
  6824 000059EA 7D09                        jge .its_pos
  6825 000059EC C6072D                      mov byte [rdi], '-'
  6826 000059EF 48FFC7                      inc rdi
  6827 000059F2 48F7D8                      neg rax
  6828                                  .its_pos:
  6829 000059F5 4883F800                    cmp rax, 0
  6830 000059F9 750B                        jne .its_digits
  6831 000059FB C60730                      mov byte [rdi], '0'
  6832 000059FE 48FFC7                      inc rdi
  6833 00005A01 C60700                      mov byte [rdi], 0
  6834 00005A04 EB36                        jmp .its_done
  6835                                  .its_digits:
  6836 00005A06 4889FE                      mov rsi, rdi
  6837 00005A09 4831C9                      xor rcx, rcx
  6838                                  .its_loop:
  6839 00005A0C 4883F800                    cmp rax, 0
  6840 00005A10 7414                        je .its_reverse
  6841 00005A12 BB0A000000                  mov rbx, 10
  6842 00005A17 4831D2                      xor rdx, rdx
  6843 00005A1A 48F7F3                      div rbx
  6844 00005A1D 80C230                      add dl, '0'
  6845 00005A20 52                          push rdx
  6846 00005A21 48FFC1                      inc rcx
  6847 00005A24 EBE6                        jmp .its_loop
  6848                                  .its_reverse:
  6849 00005A26 4831DB                      xor rbx, rbx
  6850                                  .its_pop:
  6851 00005A29 4839CB                      cmp rbx, rcx
  6852 00005A2C 740B                        je .its_termin
  6853 00005A2E 5A                          pop rdx
  6854 00005A2F 8816                        mov [rsi], dl
  6855 00005A31 48FFC6                      inc rsi
  6856 00005A34 48FFC3                      inc rbx
  6857 00005A37 EBF0                        jmp .its_pop
  6858                                  .its_termin:
  6859 00005A39 C60600                      mov byte [rsi], 0
  6860                                  .its_done:
  6861 00005A3C 5E                          pop rsi
  6862 00005A3D 5F                          pop rdi
  6863 00005A3E 5A                          pop rdx
  6864 00005A3F 59                          pop rcx
  6865 00005A40 5B                          pop rbx
  6866 00005A41 58                          pop rax
  6867 00005A42 C3                          ret
  6868                                  
  6869                                  ; parse_uint_run: reads a run of decimal digits starting at [rsi],
  6870                                  ; advances rsi past them, returns rax=value. Caller must have already
  6871                                  ; verified [rsi] is a digit before calling.
  6872                                  parse_uint_run:
  6873 00005A43 53                          push rbx
  6874 00005A44 4151                        push r9
  6875 00005A46 4831C0                      xor rax, rax
  6876                                  .pur_loop:
  6877 00005A49 8A1E                        mov bl, [rsi]
  6878 00005A4B 80FB30                      cmp bl, '0'
  6879 00005A4E 7219                        jb .pur_done
  6880 00005A50 80FB39                      cmp bl, '9'
  6881 00005A53 7714                        ja .pur_done
  6882 00005A55 486BC00A                    imul rax, rax, 10
  6883 00005A59 4C0FB6CB                    movzx r9, bl
  6884 00005A5D 4983E930                    sub r9, '0'
  6885 00005A61 4C01C8                      add rax, r9
  6886 00005A64 48FFC6                      inc rsi
  6887 00005A67 EBE0                        jmp .pur_loop
  6888                                  .pur_done:
  6889 00005A69 4159                        pop r9
  6890 00005A6B 5B                          pop rbx
  6891 00005A6C C3                          ret
  6892                                  
  6893                                  ; parse_ident_run: reads [a-zA-Z0-9]* starting at [rsi] (caller has
  6894                                  ; verified the first char is a letter), advances rsi past it, looks it
  6895                                  ; up as a variable. Returns rax=value, cl=1 if found else 0.
  6896                                  parse_ident_run:
  6897 00005A6D 57                          push rdi
  6898 00005A6E 53                          push rbx
  6899 00005A6F 488D3C25[80D00100]          lea rdi, [ident_buf]
  6900                                  .pir_loop:
  6901 00005A77 8A06                        mov al, [rsi]
  6902 00005A79 3C00                        cmp al, 0
  6903 00005A7B 7422                        je .pir_end
  6904 00005A7D 3C61                        cmp al, 'a'
  6905 00005A7F 7204                        jb .pir_check_upper
  6906 00005A81 3C7A                        cmp al, 'z'
  6907 00005A83 7610                        jbe .pir_take
  6908                                  .pir_check_upper:
  6909 00005A85 3C41                        cmp al, 'A'
  6910 00005A87 7204                        jb .pir_check_digit
  6911 00005A89 3C5A                        cmp al, 'Z'
  6912 00005A8B 7608                        jbe .pir_take
  6913                                  .pir_check_digit:
  6914 00005A8D 3C30                        cmp al, '0'
  6915 00005A8F 720E                        jb .pir_end
  6916 00005A91 3C39                        cmp al, '9'
  6917 00005A93 770A                        ja .pir_end
  6918                                  .pir_take:
  6919 00005A95 8807                        mov [rdi], al
  6920 00005A97 48FFC7                      inc rdi
  6921 00005A9A 48FFC6                      inc rsi
  6922 00005A9D EBD8                        jmp .pir_loop
  6923                                  .pir_end:
  6924 00005A9F C60700                      mov byte [rdi], 0
  6925 00005AA2 4889F3                      mov rbx, rsi
  6926 00005AA5 488D3425[80D00100]          lea rsi, [ident_buf]
  6927 00005AAD 4151                        push r9
  6928 00005AAF E850FEFFFF                  call var_get
  6929 00005AB4 4159                        pop r9
  6930 00005AB6 4889DE                      mov rsi, rbx
  6931 00005AB9 5B                          pop rbx
  6932 00005ABA 5F                          pop rdi
  6933 00005ABB C3                          ret
  6934                                  
  6935                                  ; ============================================================
  6936                                  ;  CALC EXPRESSION EVALUATOR
  6937                                  ;  Supports +, -, *, / with standard precedence (* / before + -),
  6938                                  ;  unary minus, decimal literals, and variable names as operands.
  6939                                  ;  eval_expr: rsi = expression text (null-terminated) -> rax=result,
  6940                                  ;  cl=1 if valid else cl=0. Does not preserve rcx (return flag).
  6941                                  ; ============================================================
  6942                                  eval_expr:
  6943 00005ABC 53                          push rbx
  6944 00005ABD 52                          push rdx
  6945 00005ABE 4150                        push r8
  6946 00005AC0 4151                        push r9
  6947 00005AC2 4152                        push r10
  6948 00005AC4 4153                        push r11
  6949 00005AC6 4154                        push r12
  6950 00005AC8 4155                        push r13
  6951 00005ACA 4156                        push r14
  6952 00005ACC 4157                        push r15
  6953                                  
  6954 00005ACE 4D31C0                      xor r8, r8            ; count of parsed values so far
  6955 00005AD1 41B901000000                mov r9, 1             ; expect_operand flag
  6956 00005AD7 4D31D2                      xor r10, r10          ; pending unary-negate flag
  6957                                  
  6958                                  .ee_loop:
  6959 00005ADA 8A06                        mov al, [rsi]
  6960 00005ADC 3C00                        cmp al, 0
  6961 00005ADE 0F84B8000000                je .ee_endloop
  6962 00005AE4 3C20                        cmp al, ' '
  6963 00005AE6 7408                        je .ee_skip_space
  6964 00005AE8 4983F901                    cmp r9, 1
  6965 00005AEC 7407                        je .ee_operand
  6966 00005AEE EB7C                        jmp .ee_operator
  6967                                  .ee_skip_space:
  6968 00005AF0 48FFC6                      inc rsi
  6969 00005AF3 EBE5                        jmp .ee_loop
  6970                                  
  6971                                  .ee_operand:
  6972 00005AF5 3C2D                        cmp al, '-'
  6973 00005AF7 7509                        jne .ee_o_notminus
  6974 00005AF9 4983F201                    xor r10, 1
  6975 00005AFD 48FFC6                      inc rsi
  6976 00005B00 EBD8                        jmp .ee_loop
  6977                                  .ee_o_notminus:
  6978 00005B02 3C2B                        cmp al, '+'
  6979 00005B04 7505                        jne .ee_o_notplus
  6980 00005B06 48FFC6                      inc rsi
  6981 00005B09 EBCF                        jmp .ee_loop
  6982                                  .ee_o_notplus:
  6983 00005B0B 3C30                        cmp al, '0'
  6984 00005B0D 720B                        jb .ee_o_ident
  6985 00005B0F 3C39                        cmp al, '9'
  6986 00005B11 7707                        ja .ee_o_ident
  6987 00005B13 E82BFFFFFF                  call parse_uint_run
  6988 00005B18 EB26                        jmp .ee_have_val
  6989                                  .ee_o_ident:
  6990 00005B1A 3C61                        cmp al, 'a'
  6991 00005B1C 7204                        jb .ee_o_upper
  6992 00005B1E 3C7A                        cmp al, 'z'
  6993 00005B20 7610                        jbe .ee_o_doident
  6994                                  .ee_o_upper:
  6995 00005B22 3C41                        cmp al, 'A'
  6996 00005B24 0F827D010000                jb .ee_bad
  6997 00005B2A 3C5A                        cmp al, 'Z'
  6998 00005B2C 0F8775010000                ja .ee_bad
  6999                                  .ee_o_doident:
  7000 00005B32 E836FFFFFF                  call parse_ident_run
  7001 00005B37 80F901                      cmp cl, 1
  7002 00005B3A 0F8567010000                jne .ee_bad
  7003                                  .ee_have_val:
  7004 00005B40 4983FA01                    cmp r10, 1
  7005 00005B44 7506                        jne .ee_store
  7006 00005B46 48F7D8                      neg rax
  7007 00005B49 4D31D2                      xor r10, r10
  7008                                  .ee_store:
  7009 00005B4C 4983F820                    cmp r8, MAX_CALC_TOKENS
  7010 00005B50 0F8351010000                jae .ee_bad
  7011 00005B56 4A8904C5[F8CD0100]          mov [calc_vals + r8*8], rax
  7012 00005B5E 49FFC0                      inc r8
  7013 00005B61 41B900000000                mov r9, 0
  7014 00005B67 E96EFFFFFF                  jmp .ee_loop
  7015                                  
  7016                                  .ee_operator:
  7017 00005B6C 3C2B                        cmp al, '+'
  7018 00005B6E 7411                        je .ee_op_ok
  7019 00005B70 3C2D                        cmp al, '-'
  7020 00005B72 740D                        je .ee_op_ok
  7021 00005B74 3C2A                        cmp al, '*'
  7022 00005B76 7409                        je .ee_op_ok
  7023 00005B78 3C2F                        cmp al, '/'
  7024 00005B7A 7405                        je .ee_op_ok
  7025 00005B7C E926010000                  jmp .ee_bad
  7026                                  .ee_op_ok:
  7027 00005B81 4D89C3                      mov r11, r8
  7028 00005B84 49FFCB                      dec r11
  7029 00005B87 418883[F8CF0100]            mov [calc_ops + r11], al
  7030 00005B8E 48FFC6                      inc rsi
  7031 00005B91 41B901000000                mov r9, 1
  7032 00005B97 E93EFFFFFF                  jmp .ee_loop
  7033                                  
  7034                                  .ee_endloop:
  7035 00005B9C 4983F901                    cmp r9, 1
  7036 00005BA0 0F8401010000                je .ee_bad
  7037 00005BA6 4983F800                    cmp r8, 0
  7038 00005BAA 0F84F7000000                je .ee_bad
  7039                                  
  7040                                      ; ---- pass 1: fold * and / left-to-right ----
  7041 00005BB0 488B0425[F8CD0100]          mov rax, [calc_vals]
  7042 00005BB8 48890425[F8CE0100]          mov [calc_vals2], rax
  7043 00005BC0 41BC01000000                mov r12, 1
  7044 00005BC6 4D31ED                      xor r13, r13
  7045                                  .ee_md_loop:
  7046 00005BC9 4C89C0                      mov rax, r8
  7047 00005BCC 48FFC8                      dec rax
  7048 00005BCF 4939C5                      cmp r13, rax
  7049 00005BD2 0F838D000000                jae .ee_md_done
  7050 00005BD8 490FB68D[F8CF0100]          movzx rcx, byte [calc_ops + r13]
  7051 00005BE0 4C89E2                      mov rdx, r12
  7052 00005BE3 48FFCA                      dec rdx
  7053 00005BE6 80F92A                      cmp cl, '*'
  7054 00005BE9 7428                        je .ee_domul
  7055 00005BEB 80F92F                      cmp cl, '/'
  7056 00005BEE 7444                        je .ee_dodiv
  7057 00005BF0 4C89EB                      mov rbx, r13
  7058 00005BF3 48FFC3                      inc rbx
  7059 00005BF6 488B04DD[F8CD0100]          mov rax, [calc_vals + rbx*8]
  7060 00005BFE 4A8904E5[F8CE0100]          mov [calc_vals2 + r12*8], rax
  7061 00005C06 41888C24[17D00100]          mov [calc_ops2 + r12 - 1], cl
  7062 00005C0E 49FFC4                      inc r12
  7063 00005C11 EB4A                        jmp .ee_md_next
  7064                                  .ee_domul:
  7065 00005C13 488B04D5[F8CE0100]          mov rax, [calc_vals2 + rdx*8]
  7066 00005C1B 4C89EB                      mov rbx, r13
  7067 00005C1E 48FFC3                      inc rbx
  7068 00005C21 480FAF04DD-                 imul rax, [calc_vals + rbx*8]
  7068 00005C26 [F8CD0100]         
  7069 00005C2A 488904D5[F8CE0100]          mov [calc_vals2 + rdx*8], rax
  7070 00005C32 EB29                        jmp .ee_md_next
  7071                                  .ee_dodiv:
  7072 00005C34 488B04D5[F8CE0100]          mov rax, [calc_vals2 + rdx*8]
  7073 00005C3C 4C89EB                      mov rbx, r13
  7074 00005C3F 48FFC3                      inc rbx
  7075 00005C42 488B1CDD[F8CD0100]          mov rbx, [calc_vals + rbx*8]
  7076 00005C4A 4883FB00                    cmp rbx, 0
  7077 00005C4E 7457                        je .ee_bad
  7078 00005C50 4899                        cqo
  7079 00005C52 48F7FB                      idiv rbx
  7080 00005C55 488904D5[F8CE0100]          mov [calc_vals2 + rdx*8], rax
  7081                                  .ee_md_next:
  7082 00005C5D 49FFC5                      inc r13
  7083 00005C60 E964FFFFFF                  jmp .ee_md_loop
  7084                                  .ee_md_done:
  7085                                  
  7086                                      ; ---- pass 2: fold + and - left-to-right ----
  7087 00005C65 488B0425[F8CE0100]          mov rax, [calc_vals2]
  7088 00005C6D 4D31F6                      xor r14, r14
  7089                                  .ee_as_loop:
  7090 00005C70 4C89E1                      mov rcx, r12
  7091 00005C73 48FFC9                      dec rcx
  7092 00005C76 4939CE                      cmp r14, rcx
  7093 00005C79 7328                        jae .ee_as_done
  7094 00005C7B 490FB69E[18D00100]          movzx rbx, byte [calc_ops2 + r14]
  7095 00005C83 4C89F2                      mov rdx, r14
  7096 00005C86 48FFC2                      inc rdx
  7097 00005C89 488B0CD5[F8CE0100]          mov rcx, [calc_vals2 + rdx*8]
  7098 00005C91 80FB2B                      cmp bl, '+'
  7099 00005C94 7405                        je .ee_doadd
  7100 00005C96 4829C8                      sub rax, rcx
  7101 00005C99 EB03                        jmp .ee_as_next
  7102                                  .ee_doadd:
  7103 00005C9B 4801C8                      add rax, rcx
  7104                                  .ee_as_next:
  7105 00005C9E 49FFC6                      inc r14
  7106 00005CA1 EBCD                        jmp .ee_as_loop
  7107                                  .ee_as_done:
  7108 00005CA3 B101                        mov cl, 1
  7109 00005CA5 EB05                        jmp .ee_out
  7110                                  .ee_bad:
  7111 00005CA7 4831C0                      xor rax, rax
  7112 00005CAA B100                        mov cl, 0
  7113                                  .ee_out:
  7114 00005CAC 415F                        pop r15
  7115 00005CAE 415E                        pop r14
  7116 00005CB0 415D                        pop r13
  7117 00005CB2 415C                        pop r12
  7118 00005CB4 415B                        pop r11
  7119 00005CB6 415A                        pop r10
  7120 00005CB8 4159                        pop r9
  7121 00005CBA 4158                        pop r8
  7122 00005CBC 5A                          pop rdx
  7123 00005CBD 5B                          pop rbx
  7124 00005CBE C3                          ret
  7125                                  
  7126                                  ; ============================================================
  7127                                  ;  RTC / CMOS CLOCK  (date, time, wig time)
  7128                                  ; ============================================================
  7129                                  ; The MC146818 real-time clock chip is addressed through port 0x70
  7130                                  ; (register index, bit 7 disables NMIs while set) and 0x71 (data).
  7131                                  ; All values come back BCD-encoded unless status register B's binary
  7132                                  ; bit is set, and hours may be 12-hour mode - rtc_update normalizes
  7133                                  ; everything to plain 24-hour binary before storing it.
  7134                                  
  7135                                  ; cmos_read: al = register index (0..0x3F) -> al = that register's value.
  7136                                  cmos_read:
  7137 00005CBF 52                          push rdx
  7138 00005CC0 0C80                        or al, 0x80                 ; set NMI-disable bit while selecting
  7139 00005CC2 66BA7000                    mov dx, 0x70
  7140 00005CC6 EE                          out dx, al
  7141                                      ; tiny I/O delay so the RTC latches the address before the data read
  7142 00005CC7 50                          push rax
  7143 00005CC8 B000                        mov al, 0
  7144 00005CCA E680                        out 0x80, al                ; write to the unused POST port = short pause
  7145 00005CCC 58                          pop rax
  7146 00005CCD 66BA7100                    mov dx, 0x71
  7147 00005CD1 EC                          in al, dx
  7148 00005CD2 5A                          pop rdx
  7149 00005CD3 C3                          ret
  7150                                  
  7151                                  ; rtc_wait_uip: waits until the RTC's Update-In-Progress flag (status A,
  7152                                  ; bit 7) clears, so the registers read below are internally consistent.
  7153                                  rtc_wait_uip:
  7154 00005CD4 50                          push rax
  7155                                  .uip_wait:
  7156 00005CD5 B00A                        mov al, 0x0A
  7157 00005CD7 E8E3FFFFFF                  call cmos_read
  7158 00005CDC A880                        test al, 0x80
  7159 00005CDE 75F5                        jnz .uip_wait
  7160 00005CE0 58                          pop rax
  7161 00005CE1 C3                          ret
  7162                                  
  7163                                  ; bcd_to_bin: al = BCD byte -> al = binary value. Preserves other regs.
  7164                                  bcd_to_bin:
  7165 00005CE2 53                          push rbx
  7166 00005CE3 51                          push rcx
  7167 00005CE4 52                          push rdx
  7168 00005CE5 480FB6D8                    movzx rbx, al
  7169 00005CE9 88D8                        mov al, bl
  7170 00005CEB C0E804                      shr al, 4
  7171 00005CEE 480FB6C8                    movzx rcx, al
  7172 00005CF2 486BC90A                    imul rcx, 10
  7173 00005CF6 88D8                        mov al, bl
  7174 00005CF8 240F                        and al, 0x0F
  7175 00005CFA 480FB6D0                    movzx rdx, al
  7176 00005CFE 4801D1                      add rcx, rdx
  7177 00005D01 4889C8                      mov rax, rcx
  7178 00005D04 5A                          pop rdx
  7179 00005D05 59                          pop rcx
  7180 00005D06 5B                          pop rbx
  7181 00005D07 C3                          ret
  7182                                  
  7183                                  ; rtc_update: reads seconds/minutes/hours/day/month/year (+ century, if the
  7184                                  ; chip provides one) into the rtc_* variables, normalized to 24-hour binary.
  7185                                  rtc_update:
  7186 00005D08 50                          push rax
  7187 00005D09 53                          push rbx
  7188 00005D0A E8C5FFFFFF                  call rtc_wait_uip
  7189 00005D0F B000                        mov al, 0x00
  7190 00005D11 E8A9FFFFFF                  call cmos_read
  7191 00005D16 880425[0CCE0000]            mov [rtc_sec], al
  7192 00005D1D B002                        mov al, 0x02
  7193 00005D1F E89BFFFFFF                  call cmos_read
  7194 00005D24 880425[0DCE0000]            mov [rtc_min], al
  7195 00005D2B B004                        mov al, 0x04
  7196 00005D2D E88DFFFFFF                  call cmos_read
  7197 00005D32 880425[0ECE0000]            mov [rtc_hour], al
  7198 00005D39 B007                        mov al, 0x07
  7199 00005D3B E87FFFFFFF                  call cmos_read
  7200 00005D40 880425[0FCE0000]            mov [rtc_day], al
  7201 00005D47 B008                        mov al, 0x08
  7202 00005D49 E871FFFFFF                  call cmos_read
  7203 00005D4E 880425[10CE0000]            mov [rtc_month], al
  7204 00005D55 B009                        mov al, 0x09
  7205 00005D57 E863FFFFFF                  call cmos_read
  7206 00005D5C 880425[11CE0000]            mov [rtc_year], al
  7207 00005D63 B032                        mov al, 0x32
  7208 00005D65 E855FFFFFF                  call cmos_read
  7209 00005D6A 880425[12CE0000]            mov [rtc_century], al
  7210 00005D71 B00B                        mov al, 0x0B
  7211 00005D73 E847FFFFFF                  call cmos_read
  7212 00005D78 88C3                        mov bl, al                     ; status register B
  7213                                      ; BCD? (status B bit 2). If clear, values are already binary.
  7214 00005D7A F6C304                      test bl, 0x04
  7215 00005D7D 0F8485000000                jz .rtc_no_bcd
  7216 00005D83 8A0425[0CCE0000]            mov al, [rtc_sec]
  7217 00005D8A E853FFFFFF                  call bcd_to_bin
  7218 00005D8F 880425[0CCE0000]            mov [rtc_sec], al
  7219 00005D96 8A0425[0DCE0000]            mov al, [rtc_min]
  7220 00005D9D E840FFFFFF                  call bcd_to_bin
  7221 00005DA2 880425[0DCE0000]            mov [rtc_min], al
  7222 00005DA9 8A0425[0ECE0000]            mov al, [rtc_hour]
  7223 00005DB0 E82DFFFFFF                  call bcd_to_bin
  7224 00005DB5 880425[0ECE0000]            mov [rtc_hour], al
  7225 00005DBC 8A0425[0FCE0000]            mov al, [rtc_day]
  7226 00005DC3 E81AFFFFFF                  call bcd_to_bin
  7227 00005DC8 880425[0FCE0000]            mov [rtc_day], al
  7228 00005DCF 8A0425[10CE0000]            mov al, [rtc_month]
  7229 00005DD6 E807FFFFFF                  call bcd_to_bin
  7230 00005DDB 880425[10CE0000]            mov [rtc_month], al
  7231 00005DE2 8A0425[11CE0000]            mov al, [rtc_year]
  7232 00005DE9 E8F4FEFFFF                  call bcd_to_bin
  7233 00005DEE 880425[11CE0000]            mov [rtc_year], al
  7234 00005DF5 8A0425[12CE0000]            mov al, [rtc_century]
  7235 00005DFC E8E1FEFFFF                  call bcd_to_bin
  7236 00005E01 880425[12CE0000]            mov [rtc_century], al
  7237                                  .rtc_no_bcd:
  7238                                      ; 12-hour mode? (status B bit 1). If set, hour's bit 7 = PM.
  7239 00005E08 F6C302                      test bl, 0x02
  7240 00005E0B 7425                        jz .rtc_done
  7241 00005E0D 8A0425[0ECE0000]            mov al, [rtc_hour]
  7242 00005E14 88C4                        mov ah, al
  7243 00005E16 247F                        and al, 0x7F                  ; hour value 1..12
  7244 00005E18 F6C480                      test ah, 0x80                 ; PM?
  7245 00005E1B 7408                        jz .rtc_am
  7246 00005E1D 3C0C                        cmp al, 12
  7247 00005E1F 730A                        jae .rtc_h12                  ; 12 PM stays 12
  7248 00005E21 040C                        add al, 12
  7249 00005E23 EB06                        jmp .rtc_h12
  7250                                  .rtc_am:
  7251 00005E25 3C0C                        cmp al, 12
  7252 00005E27 7502                        jne .rtc_h12
  7253 00005E29 30C0                        xor al, al                    ; 12 AM = 00
  7254                                  .rtc_h12:
  7255 00005E2B 880425[0ECE0000]            mov [rtc_hour], al
  7256                                  .rtc_done:
  7257 00005E32 5B                          pop rbx
  7258 00005E33 58                          pop rax
  7259 00005E34 C3                          ret
  7260                                  
  7261                                  ; format_num2: rax = 0..99 -> two zero-padded digits written to [rdi], rdi
  7262                                  ; advances by 2. Preserves rax/rbx/rcx/rdx.
  7263                                  format_num2:
  7264 00005E35 50                          push rax
  7265 00005E36 53                          push rbx
  7266 00005E37 51                          push rcx
  7267 00005E38 52                          push rdx
  7268 00005E39 4831D2                      xor rdx, rdx
  7269 00005E3C BB0A000000                  mov rbx, 10
  7270 00005E41 48F7F3                      div rbx                       ; rax = tens, rdx = ones
  7271 00005E44 0430                        add al, '0'
  7272 00005E46 8807                        mov [rdi], al
  7273 00005E48 48FFC7                      inc rdi
  7274 00005E4B 88D0                        mov al, dl
  7275 00005E4D 0430                        add al, '0'
  7276 00005E4F 8807                        mov [rdi], al
  7277 00005E51 48FFC7                      inc rdi
  7278 00005E54 5A                          pop rdx
  7279 00005E55 59                          pop rcx
  7280 00005E56 5B                          pop rbx
  7281 00005E57 58                          pop rax
  7282 00005E58 C3                          ret
  7283                                  
  7284                                  ; format_num4: rax = 0..9999 -> four zero-padded digits written to [rdi],
  7285                                  ; rdi advances by 4. Preserves rax/rbx/rcx/rdx.
  7286                                  format_num4:
  7287 00005E59 50                          push rax
  7288 00005E5A 53                          push rbx
  7289 00005E5B 51                          push rcx
  7290 00005E5C 52                          push rdx
  7291 00005E5D 4831D2                      xor rdx, rdx
  7292 00005E60 BBE8030000                  mov rbx, 1000
  7293 00005E65 48F7F3                      div rbx                       ; rax = thousands, rdx = remainder
  7294 00005E68 52                          push rdx
  7295 00005E69 0430                        add al, '0'
  7296 00005E6B 8807                        mov [rdi], al
  7297 00005E6D 48FFC7                      inc rdi
  7298 00005E70 58                          pop rax
  7299 00005E71 4831D2                      xor rdx, rdx
  7300 00005E74 BB64000000                  mov rbx, 100
  7301 00005E79 48F7F3                      div rbx                       ; rax = hundreds, rdx = remainder
  7302 00005E7C 52                          push rdx
  7303 00005E7D 0430                        add al, '0'
  7304 00005E7F 8807                        mov [rdi], al
  7305 00005E81 48FFC7                      inc rdi
  7306 00005E84 58                          pop rax
  7307 00005E85 4831D2                      xor rdx, rdx
  7308 00005E88 BB0A000000                  mov rbx, 10
  7309 00005E8D 48F7F3                      div rbx                       ; rax = tens, rdx = ones
  7310 00005E90 0430                        add al, '0'
  7311 00005E92 8807                        mov [rdi], al
  7312 00005E94 48FFC7                      inc rdi
  7313 00005E97 88D0                        mov al, dl
  7314 00005E99 0430                        add al, '0'
  7315 00005E9B 8807                        mov [rdi], al
  7316 00005E9D 48FFC7                      inc rdi
  7317 00005EA0 5A                          pop rdx
  7318 00005EA1 59                          pop rcx
  7319 00005EA2 5B                          pop rbx
  7320 00005EA3 58                          pop rax
  7321 00005EA4 C3                          ret
  7322                                  
  7323                                  ; format_time: writes "HH:MM:SS\0" to [rdi], rdi advances to the terminator.
  7324                                  ; Preserves everything except rdi.
  7325                                  format_time:
  7326 00005EA5 50                          push rax
  7327 00005EA6 E85DFEFFFF                  call rtc_update
  7328 00005EAB 480FB60425-                 movzx rax, byte [rtc_hour]
  7328 00005EB0 [0ECE0000]         
  7329 00005EB4 E87CFFFFFF                  call format_num2
  7330 00005EB9 C6073A                      mov byte [rdi], ':'
  7331 00005EBC 48FFC7                      inc rdi
  7332 00005EBF 480FB60425-                 movzx rax, byte [rtc_min]
  7332 00005EC4 [0DCE0000]         
  7333 00005EC8 E868FFFFFF                  call format_num2
  7334 00005ECD C6073A                      mov byte [rdi], ':'
  7335 00005ED0 48FFC7                      inc rdi
  7336 00005ED3 480FB60425-                 movzx rax, byte [rtc_sec]
  7336 00005ED8 [0CCE0000]         
  7337 00005EDC E854FFFFFF                  call format_num2
  7338 00005EE1 C60700                      mov byte [rdi], 0
  7339 00005EE4 58                          pop rax
  7340 00005EE5 C3                          ret
  7341                                  
  7342                                  ; format_date: writes "YYYY-MM-DD\0" to [rdi], rdi advances to the
  7343                                  ; terminator. Preserves everything except rdi.
  7344                                  format_date:
  7345 00005EE6 50                          push rax
  7346 00005EE7 53                          push rbx
  7347 00005EE8 E81BFEFFFF                  call rtc_update
  7348                                      ; full year = century*100 + year; fall back to the 2000s when the
  7349                                      ; chip has no century register (or it reports something unusable).
  7350 00005EED 480FB60425-                 movzx rax, byte [rtc_century]
  7350 00005EF2 [12CE0000]         
  7351 00005EF6 3C14                        cmp al, 20
  7352 00005EF8 7406                        je .fd_cent_ok
  7353 00005EFA 3C15                        cmp al, 21
  7354 00005EFC 7402                        je .fd_cent_ok
  7355 00005EFE B014                        mov al, 20
  7356                                  .fd_cent_ok:
  7357 00005F00 486BC064                    imul rax, 100
  7358 00005F04 480FB61C25-                 movzx rbx, byte [rtc_year]
  7358 00005F09 [11CE0000]         
  7359 00005F0D 4801D8                      add rax, rbx
  7360 00005F10 E844FFFFFF                  call format_num4
  7361 00005F15 C6072D                      mov byte [rdi], '-'
  7362 00005F18 48FFC7                      inc rdi
  7363 00005F1B 480FB60425-                 movzx rax, byte [rtc_month]
  7363 00005F20 [10CE0000]         
  7364 00005F24 E80CFFFFFF                  call format_num2
  7365 00005F29 C6072D                      mov byte [rdi], '-'
  7366 00005F2C 48FFC7                      inc rdi
  7367 00005F2F 480FB60425-                 movzx rax, byte [rtc_day]
  7367 00005F34 [0FCE0000]         
  7368 00005F38 E8F8FEFFFF                  call format_num2
  7369 00005F3D C60700                      mov byte [rdi], 0
  7370 00005F40 5B                          pop rbx
  7371 00005F41 58                          pop rax
  7372 00005F42 C3                          ret
  7373                                  
  7374                                  ; ------------------------------------------------------------
  7375                                  ; cmd_date / cmd_time: print the current date / time from the RTC.
  7376                                  ; ------------------------------------------------------------
  7377                                  cmd_date:
  7378 00005F43 488D3C25[23CE0000]          lea rdi, [date_str_buf]
  7379 00005F4B E896FFFFFF                  call format_date
  7380 00005F50 48BE-                       mov rsi, date_str_buf
  7380 00005F52 [23CE000000000000] 
  7381 00005F5A 8A0425[D46D0000]            mov al, [cur_normal_attr]
  7382 00005F61 E8CA040000                  call print_string_attr
  7383 00005F66 48BE-                       mov rsi, newline_str
  7383 00005F68 [7ACE000000000000] 
  7384 00005F70 E8AC040000                  call print_string
  7385 00005F75 C3                          ret
  7386                                  
  7387                                  cmd_time:
  7388 00005F76 488D3C25[13CE0000]          lea rdi, [time_str_buf]
  7389 00005F7E E822FFFFFF                  call format_time
  7390 00005F83 48BE-                       mov rsi, time_str_buf
  7390 00005F85 [13CE000000000000] 
  7391 00005F8D 8A0425[D46D0000]            mov al, [cur_normal_attr]
  7392 00005F94 E897040000                  call print_string_attr
  7393 00005F99 48BE-                       mov rsi, newline_str
  7393 00005F9B [7ACE000000000000] 
  7394 00005FA3 E879040000                  call print_string
  7395 00005FA8 C3                          ret
  7396                                  
  7397                                  ; ------------------------------------------------------------
  7398                                  ; cmd_write: write <path> <content> creates the file (or overwrites an
  7399                                  ; existing file's content). It's meant to be used through a "~" pipe -
  7400                                  ; "show hi ~ write file.txt" writes "hi" to file.txt - but also works
  7401                                  ; standalone: write file.txt "some text".
  7402                                  ; ------------------------------------------------------------
  7403                                  cmd_write:
  7404 00005FA9 803C25[B8BA0100]00          cmp byte [arg1_buf], 0
  7405 00005FB1 7512                        jne .cw_have_arg
  7406 00005FB3 48BE-                       mov rsi, msg_write_usage
  7406 00005FB5 [52DC000000000000] 
  7407 00005FBD B00C                        mov al, ATTR_ERROR
  7408 00005FBF E86C040000                  call print_string_attr
  7409 00005FC4 C3                          ret
  7410                                  .cw_have_arg:
  7411 00005FC5 488B0425[CB6D0000]          mov rax, [cur_dir]
  7412 00005FCD 48BE-                       mov rsi, arg1_buf
  7412 00005FCF [B8BA010000000000] 
  7413 00005FD7 48BF-                       mov rdi, leaf1_buf
  7413 00005FD9 [60B8010000000000] 
  7414 00005FE1 E86DEBFFFF                  call fs_resolve_path
  7415 00005FE6 4883F8FF                    cmp rax, -1
  7416 00005FEA 0F84BA000000                je .cw_bad_path
  7417 00005FF0 4989C3                      mov r11, rax                  ; parent dir the file goes in
  7418                                      ; an existing FILE by that name gets its content overwritten
  7419 00005FF3 4C89D8                      mov rax, r11
  7420 00005FF6 48BE-                       mov rsi, leaf1_buf
  7420 00005FF8 [60B8010000000000] 
  7421 00006000 41BA02000000                mov r10, 2
  7422 00006006 E8EFE6FFFF                  call fs_find_child
  7423 0000600B 4883F8FF                    cmp rax, -1
  7424 0000600F 754B                        jne .cw_overwrite
  7425                                      ; no file - make sure a folder with that name isn't in the way
  7426 00006011 4C89D8                      mov rax, r11
  7427 00006014 48BE-                       mov rsi, leaf1_buf
  7427 00006016 [60B8010000000000] 
  7428 0000601E 49C7C2FFFFFFFF              mov r10, -1
  7429 00006025 E8D0E6FFFF                  call fs_find_child
  7430 0000602A 4883F8FF                    cmp rax, -1
  7431 0000602E 753A                        jne .cw_exists
  7432 00006030 4C89D8                      mov rax, r11
  7433 00006033 48BE-                       mov rsi, leaf1_buf
  7433 00006035 [60B8010000000000] 
  7434 0000603D 41BA02000000                mov r10, 2                    ; type file
  7435 00006043 E834E7FFFF                  call fs_create_node
  7436 00006048 4883F8FF                    cmp rax, -1
  7437 0000604C 742E                        je .cw_full
  7438 0000604E 488D3425[18BB0100]          lea rsi, [arg2_buf]
  7439 00006056 E897E8FFFF                  call fs_write_file
  7440 0000605B C3                          ret
  7441                                  .cw_overwrite:
  7442                                      ; rax = existing file node index, replace its content
  7443 0000605C 488D3425[18BB0100]          lea rsi, [arg2_buf]
  7444 00006064 E889E8FFFF                  call fs_write_file
  7445 00006069 C3                          ret
  7446                                  .cw_exists:
  7447 0000606A 48BE-                       mov rsi, msg_exists
  7447 0000606C [4FD5000000000000] 
  7448 00006074 B00C                        mov al, ATTR_ERROR
  7449 00006076 E8B5030000                  call print_string_attr
  7450 0000607B C3                          ret
  7451                                  .cw_full:
  7452 0000607C 803C25[E29E0100]01          cmp byte [fs_name_too_long], 1
  7453 00006084 7412                        je .cw_toolong
  7454 00006086 48BE-                       mov rsi, msg_full
  7454 00006088 [75D5000000000000] 
  7455 00006090 B00C                        mov al, ATTR_ERROR
  7456 00006092 E899030000                  call print_string_attr
  7457 00006097 C3                          ret
  7458                                  .cw_toolong:
  7459 00006098 48BE-                       mov rsi, msg_name_too_long
  7459 0000609A [90D5000000000000] 
  7460 000060A2 B00C                        mov al, ATTR_ERROR
  7461 000060A4 E887030000                  call print_string_attr
  7462 000060A9 C3                          ret
  7463                                  .cw_bad_path:
  7464 000060AA 48BE-                       mov rsi, msg_bad_path
  7464 000060AC [CED4000000000000] 
  7465 000060B4 B00C                        mov al, ATTR_ERROR
  7466 000060B6 E875030000                  call print_string_attr
  7467 000060BB 48BE-                       mov rsi, arg1_buf
  7467 000060BD [B8BA010000000000] 
  7468 000060C5 E857030000                  call print_string
  7469 000060CA 48BE-                       mov rsi, newline_str
  7469 000060CC [7ACE000000000000] 
  7470 000060D4 E848030000                  call print_string
  7471 000060D9 C3                          ret
  7472                                  
  7473                                  ; ------------------------------------------------------------
  7474                                  ; wig time: the "widget" command. Draws a live clock in the top-right
  7475                                  ; corner of the screen that updates every second, until Esc is pressed.
  7476                                  ; ------------------------------------------------------------
  7477                                  
  7478                                  ; wig_draw_clock: right-aligns "HH:MM:SS" at row 0 of the screen, writing
  7479                                  ; straight to VGA memory so the shell's cursor and scrollback stay put.
  7480                                  wig_draw_clock:
  7481 000060DA 50                          push rax
  7482 000060DB 53                          push rbx
  7483 000060DC 51                          push rcx
  7484 000060DD 56                          push rsi
  7485 000060DE 57                          push rdi
  7486 000060DF 488D3C25[33CE0000]          lea rdi, [wig_str_buf]
  7487 000060E7 E8B9FDFFFF                  call format_time
  7488 000060EC 488D3425[33CE0000]          lea rsi, [wig_str_buf]
  7489 000060F4 E8B3F7FFFF                  call str_len                  ; rax = 8 (always, for HH:MM:SS)
  7490 000060F9 BB50000000                  mov rbx, 80
  7491 000060FE 4829C3                      sub rbx, rax                  ; rbx = starting column
  7492 00006101 486BDB02                    imul rbx, rbx, 2              ; column -> byte offset
  7493 00006105 488DBB00800B00              lea rdi, [VGA_BASE + rbx]
  7494 0000610C 488D3425[33CE0000]          lea rsi, [wig_str_buf]
  7495 00006114 B30B                        mov bl, ATTR_WIG
  7496                                  .wig_write:
  7497 00006116 8A06                        mov al, [rsi]
  7498 00006118 3C00                        cmp al, 0
  7499 0000611A 740E                        je .wig_written
  7500 0000611C 8807                        mov [rdi], al
  7501 0000611E 885F01                      mov [rdi+1], bl
  7502 00006121 4883C702                    add rdi, 2
  7503 00006125 48FFC6                      inc rsi
  7504 00006128 EBEC                        jmp .wig_write
  7505                                  .wig_written:
  7506 0000612A 5F                          pop rdi
  7507 0000612B 5E                          pop rsi
  7508 0000612C 59                          pop rcx
  7509 0000612D 5B                          pop rbx
  7510 0000612E 58                          pop rax
  7511 0000612F C3                          ret
  7512                                  
  7513                                  ; wig_clear: blanks the 8-column corner slot the widget draws in.
  7514                                  wig_clear:
  7515 00006130 50                          push rax
  7516 00006131 51                          push rcx
  7517 00006132 57                          push rdi
  7518 00006133 488D3C2590800B00            lea rdi, [VGA_BASE + (0*80 + 72)*2]
  7519 0000613B B908000000                  mov rcx, 8
  7520 00006140 66B82007                    mov ax, 0x0720                ; space, light grey on black
  7521                                  .wig_clr:
  7522 00006144 668907                      mov [rdi], ax
  7523 00006147 4883C702                    add rdi, 2
  7524 0000614B E2F7                        loop .wig_clr
  7525 0000614D 5F                          pop rdi
  7526 0000614E 59                          pop rcx
  7527 0000614F 58                          pop rax
  7528 00006150 C3                          ret
  7529                                  
  7530                                  ; cmd_wig: usage "wig time". Runs the live clock widget until Esc.
  7531                                  cmd_wig:
  7532 00006151 803C25[B8BA0100]00          cmp byte [arg1_buf], 0
  7533 00006159 0F847D000000                je .wig_usage
  7534 0000615F 48BE-                       mov rsi, arg1_buf
  7534 00006161 [B8BA010000000000] 
  7535 00006169 48BF-                       mov rdi, str_time
  7535 0000616B [28CF000000000000] 
  7536 00006173 E81A020000                  call str_eq
  7537 00006178 3C01                        cmp al, 1
  7538 0000617A 7560                        jne .wig_usage
  7539 0000617C C60425[37D10100]00          mov byte [kill_flag], 0
  7540 00006184 E851FFFFFF                  call wig_draw_clock
  7541 00006189 E87AFBFFFF                  call rtc_update
  7542 0000618E 8A0425[0CCE0000]            mov al, [rtc_sec]
  7543 00006195 880425[43CE0000]            mov [wig_last_sec], al
  7544                                  .wig_loop:
  7545 0000619C E8DCD5FFFF                  call kbd_poll
  7546 000061A1 803C25[37D10100]00          cmp byte [kill_flag], 0
  7547 000061A9 7523                        jne .wig_done
  7548 000061AB E858FBFFFF                  call rtc_update
  7549 000061B0 8A0425[0CCE0000]            mov al, [rtc_sec]
  7550 000061B7 3A0425[43CE0000]            cmp al, [wig_last_sec]
  7551 000061BE 74DC                        je .wig_loop
  7552 000061C0 880425[43CE0000]            mov [wig_last_sec], al
  7553 000061C7 E80EFFFFFF                  call wig_draw_clock
  7554 000061CC EBCE                        jmp .wig_loop
  7555                                  .wig_done:
  7556 000061CE C60425[37D10100]00          mov byte [kill_flag], 0
  7557 000061D6 E855FFFFFF                  call wig_clear
  7558 000061DB C3                          ret
  7559                                  .wig_usage:
  7560 000061DC 48BE-                       mov rsi, msg_wig_usage
  7560 000061DE [97DC000000000000] 
  7561 000061E6 B00C                        mov al, ATTR_ERROR
  7562 000061E8 E843020000                  call print_string_attr
  7563 000061ED C3                          ret
  7564                                  
  7565                                  ; cmd_shelly: prints a splash banner. The title cycles through the rainbow
  7566                                  ; palette one character at a time.
  7567                                  cmd_shelly:
  7568 000061EE 48BE-                       mov rsi, shelly_rule
  7568 000061F0 [44CF000000000000] 
  7569 000061F8 B00B                        mov al, ATTR_WIG
  7570 000061FA E831020000                  call print_string_attr
  7571 000061FF 488D3425[84CF0000]          lea rsi, [shelly_title]
  7572 00006207 E842000000                  call cmd_shelly_rainbow
  7573 0000620C B00A                        mov al, 0x0A
  7574 0000620E 8A1C25[D46D0000]            mov bl, [cur_normal_attr]
  7575 00006215 E831020000                  call putchar
  7576 0000621A 48BE-                       mov rsi, shelly_by
  7576 0000621C [9ECF000000000000] 
  7577 00006224 B00D                        mov al, 0x0D
  7578 00006226 E805020000                  call print_string_attr
  7579 0000622B 48BE-                       mov rsi, shelly_cr
  7579 0000622D [C3CF000000000000] 
  7580 00006235 B00E                        mov al, ATTR_PROMPT
  7581 00006237 E8F4010000                  call print_string_attr
  7582 0000623C 48BE-                       mov rsi, shelly_rule
  7582 0000623E [44CF000000000000] 
  7583 00006246 B00B                        mov al, ATTR_WIG
  7584 00006248 E8E3010000                  call print_string_attr
  7585 0000624D C3                          ret
  7586                                  
  7587                                  ; cmd_shelly_rainbow: prints the null-terminated string in rsi, cycling the
  7588                                  ; attribute through the rainbow palette per character.
  7589                                  cmd_shelly_rainbow:
  7590 0000624E 50                          push rax
  7591 0000624F 53                          push rbx
  7592 00006250 51                          push rcx
  7593 00006251 56                          push rsi
  7594 00006252 4831C9                      xor rcx, rcx
  7595                                  .rs_loop:
  7596 00006255 8A06                        mov al, [rsi]
  7597 00006257 3C00                        cmp al, 0
  7598 00006259 7421                        je .rs_done
  7599 0000625B 488D1C25[3ECF0000]          lea rbx, [shelly_palette]
  7600 00006263 8A1C0B                      mov bl, [rbx + rcx]
  7601 00006266 E8E0010000                  call putchar
  7602 0000626B 48FFC6                      inc rsi
  7603 0000626E 48FFC1                      inc rcx
  7604 00006271 4883F906                    cmp rcx, SHELLY_PAL_LEN
  7605 00006275 72DE                        jb .rs_loop
  7606 00006277 4831C9                      xor rcx, rcx
  7607 0000627A EBD9                        jmp .rs_loop
  7608                                  .rs_done:
  7609 0000627C 5E                          pop rsi
  7610 0000627D 59                          pop rcx
  7611 0000627E 5B                          pop rbx
  7612 0000627F 58                          pop rax
  7613 00006280 C3                          ret
  7614                                  
  7615                                  ; print_prompt: prints "rush>" + current path + ": "
  7616                                  print_prompt:
  7617 00006281 48BE-                       mov rsi, prompt_head
  7617 00006283 [71CE000000000000] 
  7618 0000628B B00E                        mov al, ATTR_PROMPT
  7619 0000628D E89E010000                  call print_string_attr
  7620 00006292 E810000000                  call print_path
  7621 00006297 48BE-                       mov rsi, prompt_tail
  7621 00006299 [77CE000000000000] 
  7622 000062A1 E87B010000                  call print_string
  7623 000062A6 C3                          ret
  7624                                  
  7625                                  ; print_path: walks parent chain of cur_dir, prints /home/.../name
  7626                                  print_path:
  7627 000062A7 50                          push rax
  7628 000062A8 53                          push rbx
  7629 000062A9 51                          push rcx
  7630 000062AA 56                          push rsi
  7631 000062AB 4831C9                      xor rcx, rcx                    ; depth counter
  7632 000062AE 488B0425[CB6D0000]          mov rax, [cur_dir]
  7633                                  .collect:
  7634 000062B6 66898409[00B80100]          mov [path_stack + rcx*2], ax
  7635 000062BE 48FFC1                      inc rcx
  7636 000062C1 480FB79C00-                 movzx rbx, word [node_parent + rax*2]
  7636 000062C6 [E00B0100]         
  7637 000062CA 6683FBFF                    cmp bx, 0xFFFF
  7638 000062CE 7405                        je .print
  7639 000062D0 4889D8                      mov rax, rbx
  7640 000062D3 EBE1                        jmp .collect
  7641                                  .print:
  7642 000062D5 B02F                        mov al, '/'
  7643 000062D7 B30E                        mov bl, ATTR_PROMPT
  7644 000062D9 E86D010000                  call putchar
  7645                                  .printloop:
  7646 000062DE 48FFC9                      dec rcx
  7647 000062E1 480FB78409-                 movzx rax, word [path_stack + rcx*2]
  7647 000062E6 [00B80100]         
  7648 000062EA 486BC020                    imul rax, NAME_LEN
  7649 000062EE 488DB0[600D0100]            lea rsi, [node_name + rax]
  7650 000062F5 B00E                        mov al, ATTR_PROMPT
  7651 000062F7 51                          push rcx
  7652 000062F8 E833010000                  call print_string_attr
  7653 000062FD 59                          pop rcx
  7654 000062FE 4883F900                    cmp rcx, 0
  7655 00006302 740B                        je .done
  7656 00006304 B02F                        mov al, '/'
  7657 00006306 B30E                        mov bl, ATTR_PROMPT
  7658 00006308 E83E010000                  call putchar
  7659 0000630D EBCF                        jmp .printloop
  7660                                  .done:
  7661 0000630F 5E                          pop rsi
  7662 00006310 59                          pop rcx
  7663 00006311 5B                          pop rbx
  7664 00006312 58                          pop rax
  7665 00006313 C3                          ret
  7666                                  
  7667                                  ; next_token: rsi = pointer into source line, rdi = dest buffer
  7668                                  ; advances rsi; writes null-terminated token (may be empty) to rdi
  7669                                  ; supports "quoted strings with spaces"
  7670                                  next_token:
  7671 00006314 50                          push rax
  7672                                  .skip:
  7673 00006315 8A06                        mov al, [rsi]
  7674 00006317 3C00                        cmp al, 0
  7675 00006319 7442                        je .empty
  7676 0000631B 3C20                        cmp al, ' '
  7677 0000631D 7505                        jne .check_quote
  7678 0000631F 48FFC6                      inc rsi
  7679 00006322 EBF1                        jmp .skip
  7680                                  .check_quote:
  7681 00006324 3C22                        cmp al, '"'
  7682 00006326 751C                        jne .plain
  7683 00006328 48FFC6                      inc rsi
  7684                                  .qloop:
  7685 0000632B 8A06                        mov al, [rsi]
  7686 0000632D 3C00                        cmp al, 0
  7687 0000632F 7427                        je .term
  7688 00006331 3C22                        cmp al, '"'
  7689 00006333 740A                        je .qend
  7690 00006335 8807                        mov [rdi], al
  7691 00006337 48FFC7                      inc rdi
  7692 0000633A 48FFC6                      inc rsi
  7693 0000633D EBEC                        jmp .qloop
  7694                                  .qend:
  7695 0000633F 48FFC6                      inc rsi
  7696 00006342 EB14                        jmp .term
  7697                                  .plain:
  7698                                  .ploop:
  7699 00006344 8A06                        mov al, [rsi]
  7700 00006346 3C00                        cmp al, 0
  7701 00006348 740E                        je .term
  7702 0000634A 3C20                        cmp al, ' '
  7703 0000634C 740A                        je .term
  7704 0000634E 8807                        mov [rdi], al
  7705 00006350 48FFC7                      inc rdi
  7706 00006353 48FFC6                      inc rsi
  7707 00006356 EBEC                        jmp .ploop
  7708                                  .term:
  7709 00006358 C60700                      mov byte [rdi], 0
  7710 0000635B 58                          pop rax
  7711 0000635C C3                          ret
  7712                                  .empty:
  7713 0000635D C60700                      mov byte [rdi], 0
  7714 00006360 58                          pop rax
  7715 00006361 C3                          ret
  7716                                  
  7717                                  ; str_copy: null-terminated string rsi -> rdi
  7718                                  str_copy:
  7719 00006362 50                          push rax
  7720                                  .loop:
  7721 00006363 8A06                        mov al, [rsi]
  7722 00006365 8807                        mov [rdi], al
  7723 00006367 48FFC6                      inc rsi
  7724 0000636A 48FFC7                      inc rdi
  7725 0000636D 3C00                        cmp al, 0
  7726 0000636F 75F2                        jne .loop
  7727 00006371 58                          pop rax
  7728 00006372 C3                          ret
  7729                                  
  7730                                  ; str_append: appends null-terminated string rsi onto the end of the
  7731                                  ; null-terminated buffer starting at rdi (rdi = start of the buffer,
  7732                                  ; not its current end - this walks to the end itself).
  7733                                  str_append:
  7734 00006373 50                          push rax
  7735 00006374 56                          push rsi
  7736 00006375 57                          push rdi
  7737                                  .sa_find_end:
  7738 00006376 803F00                      cmp byte [rdi], 0
  7739 00006379 7405                        je .sa_end_found
  7740 0000637B 48FFC7                      inc rdi
  7741 0000637E EBF6                        jmp .sa_find_end
  7742                                  .sa_end_found:
  7743                                  .sa_copy:
  7744 00006380 8A06                        mov al, [rsi]
  7745 00006382 8807                        mov [rdi], al
  7746 00006384 48FFC6                      inc rsi
  7747 00006387 48FFC7                      inc rdi
  7748 0000638A 3C00                        cmp al, 0
  7749 0000638C 75F2                        jne .sa_copy
  7750 0000638E 5F                          pop rdi
  7751 0000638F 5E                          pop rsi
  7752 00006390 58                          pop rax
  7753 00006391 C3                          ret
  7754                                  
  7755                                  ; str_eq: rsi, rdi null-terminated strings. returns al=1 if equal else 0
  7756                                  str_eq:
  7757 00006392 56                          push rsi
  7758 00006393 57                          push rdi
  7759                                  .loop:
  7760 00006394 8A06                        mov al, [rsi]
  7761 00006396 8A27                        mov ah, [rdi]
  7762 00006398 38E0                        cmp al, ah
  7763 0000639A 7511                        jne .neq
  7764 0000639C 3C00                        cmp al, 0
  7765 0000639E 7408                        je .eq
  7766 000063A0 48FFC6                      inc rsi
  7767 000063A3 48FFC7                      inc rdi
  7768 000063A6 EBEC                        jmp .loop
  7769                                  .eq:
  7770 000063A8 5F                          pop rdi
  7771 000063A9 5E                          pop rsi
  7772 000063AA B001                        mov al, 1
  7773 000063AC C3                          ret
  7774                                  .neq:
  7775 000063AD 5F                          pop rdi
  7776 000063AE 5E                          pop rsi
  7777 000063AF B000                        mov al, 0
  7778 000063B1 C3                          ret
  7779                                  
  7780                                  ; ============================================================
  7781                                  ;  VGA TEXT OUTPUT
  7782                                  ; ============================================================
  7783                                  clear_screen:
  7784 000063B2 50                          push rax
  7785 000063B3 51                          push rcx
  7786 000063B4 57                          push rdi
  7787 000063B5 BF00800B00                  mov rdi, VGA_BASE
  7788 000063BA B9D0070000                  mov rcx, VGA_COLS*VGA_ROWS
  7789 000063BF 66B82007                    mov ax, 0x0720           ; space, light grey
  7790                                  .loop:
  7791 000063C3 668907                      mov [rdi], ax
  7792 000063C6 4883C702                    add rdi, 2
  7793 000063CA E2F7                        loop .loop
  7794 000063CC C60425[C86D0000]00          mov byte [cursor_row], 0
  7795 000063D4 C60425[C96D0000]00          mov byte [cursor_col], 0
  7796 000063DC E804000000                  call update_cursor
  7797 000063E1 5F                          pop rdi
  7798 000063E2 59                          pop rcx
  7799 000063E3 58                          pop rax
  7800 000063E4 C3                          ret
  7801                                  
  7802                                  ; update_cursor: programs the VGA CRTC hardware cursor (the blinking block)
  7803                                  ; to match cursor_row/cursor_col, via the index/data port pair 0x3D4/0x3D5.
  7804                                  ; Without this the blinking cursor never moves from wherever the BIOS left
  7805                                  ; it, even though text is being printed elsewhere.
  7806                                  update_cursor:
  7807 000063E5 50                          push rax
  7808 000063E6 51                          push rcx
  7809 000063E7 52                          push rdx
  7810 000063E8 480FB60C25-                 movzx rcx, byte [cursor_row]
  7810 000063ED [C86D0000]         
  7811 000063F1 486BC950                    imul rcx, VGA_COLS
  7812 000063F5 480FB61425-                 movzx rdx, byte [cursor_col]
  7812 000063FA [C96D0000]         
  7813 000063FE 4801D1                      add rcx, rdx                 ; rcx = linear cursor position
  7814                                  
  7815 00006401 66BAD403                    mov dx, 0x3D4
  7816 00006405 B00F                        mov al, 0x0F                 ; cursor location low byte
  7817 00006407 EE                          out dx, al
  7818 00006408 66BAD503                    mov dx, 0x3D5
  7819 0000640C 88C8                        mov al, cl
  7820 0000640E EE                          out dx, al
  7821                                  
  7822 0000640F 66BAD403                    mov dx, 0x3D4
  7823 00006413 B00E                        mov al, 0x0E                 ; cursor location high byte
  7824 00006415 EE                          out dx, al
  7825 00006416 66BAD503                    mov dx, 0x3D5
  7826 0000641A 88E8                        mov al, ch
  7827 0000641C EE                          out dx, al
  7828                                  
  7829 0000641D 5A                          pop rdx
  7830 0000641E 59                          pop rcx
  7831 0000641F 58                          pop rax
  7832 00006420 C3                          ret
  7833                                  
  7834                                  ; print_string: rsi = null terminated string, default attribute
  7835                                  print_string:
  7836 00006421 50                          push rax
  7837 00006422 8A0425[D46D0000]            mov al, [cur_normal_attr]
  7838 00006429 E802000000                  call print_string_attr
  7839 0000642E 58                          pop rax
  7840 0000642F C3                          ret
  7841                                  
  7842                                  ; print_string_attr: rsi=string, al=attribute byte
  7843                                  print_string_attr:
  7844 00006430 50                          push rax
  7845 00006431 53                          push rbx
  7846 00006432 56                          push rsi
  7847 00006433 88C3                        mov bl, al
  7848                                  .loop:
  7849 00006435 8A06                        mov al, [rsi]
  7850 00006437 3C00                        cmp al, 0
  7851 00006439 740C                        je .done
  7852 0000643B 53                          push rbx
  7853 0000643C E80A000000                  call putchar
  7854 00006441 5B                          pop rbx
  7855 00006442 48FFC6                      inc rsi
  7856 00006445 EBEE                        jmp .loop
  7857                                  .done:
  7858 00006447 5E                          pop rsi
  7859 00006448 5B                          pop rbx
  7860 00006449 58                          pop rax
  7861 0000644A C3                          ret
  7862                                  
  7863                                  ; putchar: al = char to print, uses attribute in bl if caller set it via
  7864                                  ; print_string_attr; falls back to ATTR_NORMAL when called directly.
  7865                                  ; When pipe_capture_on is set (a "~" pipe is capturing a command's
  7866                                  ; output - see process_segment), characters are appended to
  7867                                  ; pipe_capture_buf instead of touching the screen/cursor at all.
  7868                                  putchar:
  7869 0000644B 50                          push rax
  7870 0000644C 53                          push rbx
  7871 0000644D 51                          push rcx
  7872 0000644E 52                          push rdx
  7873 0000644F 57                          push rdi
  7874                                  
  7875 00006450 803C25[B1BD0100]00          cmp byte [pipe_capture_on], 0
  7876 00006458 743A                        je .not_capturing
  7877 0000645A 3C0D                        cmp al, 0x0D
  7878 0000645C 7430                        je .cap_done              ; ignore carriage returns
  7879 0000645E 488B0C25[B8BD0100]          mov rcx, [pipe_capture_len]
  7880 00006466 4881F9BF000000              cmp rcx, PIPE_CAP_MAX-1
  7881 0000646D 731F                        jae .cap_done              ; capture buffer full - silently truncate
  7882 0000646F 488D3C25[C0BD0100]          lea rdi, [pipe_capture_buf]
  7883 00006477 4801CF                      add rdi, rcx
  7884 0000647A 8807                        mov [rdi], al
  7885 0000647C 48FFC1                      inc rcx
  7886 0000647F 48890C25[B8BD0100]          mov [pipe_capture_len], rcx
  7887 00006487 C681[C0BD0100]00            mov byte [pipe_capture_buf + rcx], 0
  7888                                  .cap_done:
  7889 0000648E 5F                          pop rdi
  7890 0000648F 5A                          pop rdx
  7891 00006490 59                          pop rcx
  7892 00006491 5B                          pop rbx
  7893 00006492 58                          pop rax
  7894 00006493 C3                          ret
  7895                                  .not_capturing:
  7896 00006494 3C0A                        cmp al, 0x0A
  7897 00006496 0F847D000000                je .newline
  7898 0000649C 3C0D                        cmp al, 0x0D
  7899 0000649E 7479                        je .newline
  7900                                  
  7901                                      ; compute video offset = (row*80+col)*2
  7902 000064A0 480FB60C25-                 movzx rcx, byte [cursor_row]
  7902 000064A5 [C86D0000]         
  7903 000064A9 486BC950                    imul rcx, VGA_COLS
  7904 000064AD 480FB61425-                 movzx rdx, byte [cursor_col]
  7904 000064B2 [C96D0000]         
  7905 000064B6 4801D1                      add rcx, rdx
  7906 000064B9 486BC902                    imul rcx, 2
  7907 000064BD 488D3C2500800B00            lea rdi, [VGA_BASE]
  7908 000064C5 4801CF                      add rdi, rcx
  7909 000064C8 8807                        mov [rdi], al
  7910 000064CA 80FB00                      cmp bl, 0
  7911 000064CD 750E                        jne .useattr
  7912 000064CF 50                          push rax
  7913 000064D0 8A0425[D46D0000]            mov al, [cur_normal_attr]
  7914 000064D7 884701                      mov [rdi+1], al
  7915 000064DA 58                          pop rax
  7916 000064DB EB03                        jmp .advance
  7917                                  .useattr:
  7918 000064DD 885F01                      mov [rdi+1], bl
  7919                                  .advance:
  7920 000064E0 FE0425[C96D0000]            inc byte [cursor_col]
  7921 000064E7 803C25[C96D0000]50          cmp byte [cursor_col], VGA_COLS
  7922 000064EF 750F                        jne .maybe_scroll
  7923 000064F1 C60425[C96D0000]00          mov byte [cursor_col], 0
  7924 000064F9 FE0425[C86D0000]            inc byte [cursor_row]
  7925                                  .maybe_scroll:
  7926 00006500 803C25[C86D0000]19          cmp byte [cursor_row], VGA_ROWS
  7927 00006508 7535                        jne .out
  7928 0000650A E83B000000                  call scroll_screen
  7929 0000650F C60425[C86D0000]18          mov byte [cursor_row], VGA_ROWS-1
  7930 00006517 EB26                        jmp .out
  7931                                  .newline:
  7932 00006519 C60425[C96D0000]00          mov byte [cursor_col], 0
  7933 00006521 FE0425[C86D0000]            inc byte [cursor_row]
  7934 00006528 803C25[C86D0000]19          cmp byte [cursor_row], VGA_ROWS
  7935 00006530 750D                        jne .out
  7936 00006532 E813000000                  call scroll_screen
  7937 00006537 C60425[C86D0000]18          mov byte [cursor_row], VGA_ROWS-1
  7938                                  .out:
  7939 0000653F E8A1FEFFFF                  call update_cursor
  7940 00006544 5F                          pop rdi
  7941 00006545 5A                          pop rdx
  7942 00006546 59                          pop rcx
  7943 00006547 5B                          pop rbx
  7944 00006548 58                          pop rax
  7945 00006549 C3                          ret
  7946                                  
  7947                                  scroll_screen:
  7948 0000654A 50                          push rax
  7949 0000654B 51                          push rcx
  7950 0000654C 56                          push rsi
  7951 0000654D 57                          push rdi
  7952 0000654E E8BA010000                  call scrollback_capture_row      ; archive row 0 before it's shifted away
  7953 00006553 BEA0800B00                  mov rsi, VGA_BASE + (VGA_COLS*2)
  7954 00006558 BF00800B00                  mov rdi, VGA_BASE
  7955 0000655D B980070000                  mov rcx, (VGA_ROWS-1)*VGA_COLS
  7956 00006562 66F3A5                      rep movsw
  7957 00006565 BF008F0B00                  mov rdi, VGA_BASE + ((VGA_ROWS-1)*VGA_COLS*2)
  7958 0000656A B950000000                  mov rcx, VGA_COLS
  7959 0000656F 66B82007                    mov ax, 0x0720
  7960                                  .clr:
  7961 00006573 668907                      mov [rdi], ax
  7962 00006576 4883C702                    add rdi, 2
  7963 0000657A E2F7                        loop .clr
  7964 0000657C 5F                          pop rdi
  7965 0000657D 5E                          pop rsi
  7966 0000657E 59                          pop rcx
  7967 0000657F 58                          pop rax
  7968 00006580 C3                          ret
  7969                                  
  7970                                  ; ============================================================
  7971                                  ;  loading spinner: a tiny |/-\ animation for operations that take a
  7972                                  ;  visible moment (scanning drives, formatting). spinner_step draws one
  7973                                  ;  frame at the current cursor cell and steps the cursor back onto that
  7974                                  ;  same cell, so repeated calls animate in place instead of scrolling
  7975                                  ;  text across the screen; spinner_clear blanks that cell again once
  7976                                  ;  the operation is done, leaving the cursor exactly where it was.
  7977                                  ; ============================================================
  7978 00006581 00                      spinner_idx: db 0
  7979 00006582 7C2F2D5C                spinner_frames: db '|','/','-','\'
  7980                                  
  7981                                  spinner_step:
  7982 00006586 50                          push rax
  7983 00006587 53                          push rbx
  7984 00006588 51                          push rcx
  7985 00006589 480FB60425-                 movzx rax, byte [spinner_idx]
  7985 0000658E [81650000]         
  7986 00006592 2403                        and al, 3
  7987 00006594 480FB6C8                    movzx rcx, al
  7988 00006598 8A81[82650000]              mov al, [spinner_frames + rcx]
  7989 0000659E 8A1C25[D46D0000]            mov bl, [cur_normal_attr]
  7990 000065A5 E8A1FEFFFF                  call putchar
  7991 000065AA FE0C25[C96D0000]            dec byte [cursor_col]
  7992 000065B1 E82FFEFFFF                  call update_cursor
  7993 000065B6 FE0425[81650000]            inc byte [spinner_idx]
  7994 000065BD 59                          pop rcx
  7995 000065BE 5B                          pop rbx
  7996 000065BF 58                          pop rax
  7997 000065C0 C3                          ret
  7998                                  
  7999                                  spinner_clear:
  8000 000065C1 50                          push rax
  8001 000065C2 53                          push rbx
  8002 000065C3 B020                        mov al, ' '
  8003 000065C5 8A1C25[D46D0000]            mov bl, [cur_normal_attr]
  8004 000065CC E87AFEFFFF                  call putchar
  8005 000065D1 FE0C25[C96D0000]            dec byte [cursor_col]
  8006 000065D8 E808FEFFFF                  call update_cursor
  8007 000065DD 5B                          pop rbx
  8008 000065DE 58                          pop rax
  8009 000065DF C3                          ret
  8010                                  
  8011                                  ; ============================================================
  8012                                  ;  PS/2 KEYBOARD
  8013                                  ; ============================================================
  8014                                  
  8015                                  ; get_char: blocks until a key is pressed, returns ascii in al.
  8016                                  ; Also handles: Ctrl tracking (make/break of 0x1D, plain or E0-prefixed),
  8017                                  ; E0-prefixed arrow keys (Up=0x48, Down=0x50), and Ctrl+Up/Ctrl+Down driving
  8018                                  ; the on-screen scrollback view. Plain Up/Down (no Ctrl) are returned to the
  8019                                  ; caller as the sentinel bytes KEY_UP/KEY_DOWN instead of an ascii char, so
  8020                                  ; read_line can use them for command history. Right before returning any
  8021                                  ; real key (ascii or arrow sentinel) to the caller, if the view is currently
  8022                                  ; scrolled back it snaps back to the live screen first - typing or
  8023                                  ; navigating history always means "I'm done reviewing, back to the prompt".
  8024                                  get_char:
  8025 000065E0 53                          push rbx
  8026                                  .wait:
  8027 000065E1 E464                        in al, 0x64
  8028 000065E3 A801                        test al, 1
  8029 000065E5 74FA                        jz .wait
  8030 000065E7 E460                        in al, 0x60
  8031 000065E9 88C3                        mov bl, al
  8032                                  
  8033 000065EB 803C25[D66D0000]00          cmp byte [kbd_ext_flag], 0
  8034 000065F3 746C                        je .not_ext_cont
  8035                                      ; this byte follows an 0xE0 prefix byte
  8036 000065F5 C60425[D66D0000]00          mov byte [kbd_ext_flag], 0
  8037 000065FD F6C380                      test bl, 0x80
  8038 00006600 7511                        jnz .ext_break
  8039 00006602 80FB48                      cmp bl, 0x48                 ; extended Up
  8040 00006605 742A                        je .ext_up
  8041 00006607 80FB50                      cmp bl, 0x50                 ; extended Down
  8042 0000660A 7436                        je .ext_down
  8043 0000660C 80FB1D                      cmp bl, 0x1D                 ; right Ctrl make
  8044 0000660F 740C                        je .ext_ctrl_make
  8045 00006611 EBCE                        jmp .wait                    ; ignore any other extended key
  8046                                  .ext_break:
  8047 00006613 80E37F                      and bl, 0x7F
  8048 00006616 80FB1D                      cmp bl, 0x1D
  8049 00006619 740C                        je .ext_ctrl_break
  8050 0000661B EBC4                        jmp .wait
  8051                                  .ext_ctrl_make:
  8052 0000661D C60425[D56D0000]01          mov byte [ctrl_state], 1
  8053 00006625 EBBA                        jmp .wait
  8054                                  .ext_ctrl_break:
  8055 00006627 C60425[D56D0000]00          mov byte [ctrl_state], 0
  8056 0000662F EBB0                        jmp .wait
  8057                                  .ext_up:
  8058 00006631 803C25[D56D0000]00          cmp byte [ctrl_state], 0
  8059 00006639 7418                        je .return_up
  8060 0000663B E820020000                  call scrollback_view_up
  8061 00006640 EB9F                        jmp .wait
  8062                                  .ext_down:
  8063 00006642 803C25[D56D0000]00          cmp byte [ctrl_state], 0
  8064 0000664A 740E                        je .return_down
  8065 0000664C E847020000                  call scrollback_view_down
  8066 00006651 EB8E                        jmp .wait
  8067                                  .return_up:
  8068 00006653 B011                        mov al, KEY_UP
  8069 00006655 E99E000000                  jmp .snap_and_return
  8070                                  .return_down:
  8071 0000665A B012                        mov al, KEY_DOWN
  8072 0000665C E997000000                  jmp .snap_and_return
  8073                                  
  8074                                  .not_ext_cont:
  8075 00006661 80FBE0                      cmp bl, 0xE0
  8076 00006664 743A                        je .set_ext
  8077 00006666 F6C380                      test bl, 0x80
  8078 00006669 755C                        jnz .breakcode
  8079 0000666B 80FB2A                      cmp bl, 0x2A
  8080 0000666E 743D                        je .setshift
  8081 00006670 80FB36                      cmp bl, 0x36
  8082 00006673 7438                        je .setshift
  8083 00006675 80FB1D                      cmp bl, 0x1D                 ; left Ctrl make
  8084 00006678 7440                        je .ctrl_make
  8085 0000667A 480FB6DB                    movzx rbx, bl
  8086 0000667E 803C25[CA6D0000]00          cmp byte [shift_state], 0
  8087 00006686 7508                        jne .shifted
  8088 00006688 8A83[C8000100]              mov al, [kbd_unshift + rbx]
  8089 0000668E EB06                        jmp .have
  8090                                  .shifted:
  8091 00006690 8A83[02010100]              mov al, [kbd_shift + rbx]
  8092                                  .have:
  8093 00006696 3C00                        cmp al, 0
  8094 00006698 0F8443FFFFFF                je .wait
  8095 0000669E EB58                        jmp .snap_and_return
  8096                                  .set_ext:
  8097 000066A0 C60425[D66D0000]01          mov byte [kbd_ext_flag], 1
  8098 000066A8 E934FFFFFF                  jmp .wait
  8099                                  .setshift:
  8100 000066AD C60425[CA6D0000]01          mov byte [shift_state], 1
  8101 000066B5 E927FFFFFF                  jmp .wait
  8102                                  .ctrl_make:
  8103 000066BA C60425[D56D0000]01          mov byte [ctrl_state], 1
  8104 000066C2 E91AFFFFFF                  jmp .wait
  8105                                  .breakcode:
  8106 000066C7 80E37F                      and bl, 0x7F
  8107 000066CA 80FB2A                      cmp bl, 0x2A
  8108 000066CD 740F                        je .clrshift
  8109 000066CF 80FB36                      cmp bl, 0x36
  8110 000066D2 740A                        je .clrshift
  8111 000066D4 80FB1D                      cmp bl, 0x1D
  8112 000066D7 7412                        je .ctrl_break
  8113 000066D9 E903FFFFFF                  jmp .wait
  8114                                  .clrshift:
  8115 000066DE C60425[CA6D0000]00          mov byte [shift_state], 0
  8116 000066E6 E9F6FEFFFF                  jmp .wait
  8117                                  .ctrl_break:
  8118 000066EB C60425[D56D0000]00          mov byte [ctrl_state], 0
  8119 000066F3 E9E9FEFFFF                  jmp .wait
  8120                                  
  8121                                  .snap_and_return:
  8122 000066F8 50                          push rax
  8123 000066F9 803C25[D76D0000]00          cmp byte [scroll_offset], 0
  8124 00006701 7407                        je .no_snap
  8125 00006703 30C0                        xor al, al
  8126 00006705 E85C000000                  call scrollback_render
  8127                                  .no_snap:
  8128 0000670A 58                          pop rax
  8129 0000670B 5B                          pop rbx
  8130 0000670C C3                          ret
  8131                                  
  8132                                  ; ============================================================
  8133                                  ;  SCROLLBACK VIEW (Ctrl+Up / Ctrl+Down)
  8134                                  ; ============================================================
  8135                                  ; All of these routines save/restore every register they use, so they are
  8136                                  ; safe to call from anywhere inside get_char without disturbing a caller
  8137                                  ; like read_line that keeps its own state (buffer ptr/length/max) in
  8138                                  ; r8/r9/r10 across get_char calls.
  8139                                  
  8140                                  ; scrollback_capture_row: archives the current row 0 (about to be shifted
  8141                                  ; off by scroll_screen) into the scrollback ring buffer.
  8142                                  scrollback_capture_row:
  8143 0000670D 50                          push rax
  8144 0000670E 51                          push rcx
  8145 0000670F 56                          push rsi
  8146 00006710 57                          push rdi
  8147                                  
  8148 00006711 480FB60425-                 movzx rax, byte [sb_write_idx]
  8148 00006716 [D86D0000]         
  8149 0000671A 4869C0A0000000              imul rax, VGA_COLS*2
  8150 00006721 488DB8[E06D0000]            lea rdi, [scrollback_buf + rax]
  8151 00006728 BE00800B00                  mov rsi, VGA_BASE
  8152 0000672D B9A0000000                  mov rcx, VGA_COLS*2
  8153 00006732 F3A4                        rep movsb
  8154                                  
  8155 00006734 480FB60425-                 movzx rax, byte [sb_write_idx]
  8155 00006739 [D86D0000]         
  8156 0000673D 48FFC0                      inc rax
  8157 00006740 4883F864                    cmp rax, SCROLLBACK_LINES
  8158 00006744 7503                        jne .no_wrap
  8159 00006746 4831C0                      xor rax, rax
  8160                                  .no_wrap:
  8161 00006749 880425[D86D0000]            mov [sb_write_idx], al
  8162                                  
  8163 00006750 803C25[D96D0000]64          cmp byte [sb_count], SCROLLBACK_LINES
  8164 00006758 7407                        je .out
  8165 0000675A FE0425[D96D0000]            inc byte [sb_count]
  8166                                  .out:
  8167 00006761 5F                          pop rdi
  8168 00006762 5E                          pop rsi
  8169 00006763 59                          pop rcx
  8170 00006764 58                          pop rax
  8171 00006765 C3                          ret
  8172                                  
  8173                                  ; scrollback_render: al = desired scroll offset (0 = live). Clamps to
  8174                                  ; [0, sb_count], stores the clamped value in scroll_offset, and redraws
  8175                                  ; VGA_BASE either as the pure live screen (from live_snapshot) or as a
  8176                                  ; composite of scrollback_buf + live_snapshot. Parks the hardware cursor
  8177                                  ; off-screen while scrolled back, since it belongs to the live line the
  8178                                  ; user is no longer looking at.
  8179                                  scrollback_render:
  8180 00006766 50                          push rax
  8181 00006767 53                          push rbx
  8182 00006768 51                          push rcx
  8183 00006769 52                          push rdx
  8184 0000676A 56                          push rsi
  8185 0000676B 57                          push rdi
  8186 0000676C 4150                        push r8
  8187 0000676E 4151                        push r9
  8188 00006770 4152                        push r10
  8189                                  
  8190 00006772 4C0FB60C25-                 movzx r9, byte [sb_count]
  8190 00006777 [D96D0000]         
  8191 0000677B 4C0FB6C0                    movzx r8, al
  8192 0000677F 4D39C8                      cmp r8, r9
  8193 00006782 7603                        jbe .clamped
  8194 00006784 4D89C8                      mov r8, r9
  8195                                  .clamped:
  8196 00006787 4488C0                      mov al, r8b
  8197 0000678A 880425[D76D0000]            mov [scroll_offset], al
  8198                                  
  8199 00006791 4983F800                    cmp r8, 0
  8200 00006795 751E                        jne .composite
  8201                                  
  8202 00006797 488D3425[60AC0000]          lea rsi, [live_snapshot]
  8203 0000679F BF00800B00                  mov rdi, VGA_BASE
  8204 000067A4 B9A00F0000                  mov rcx, VGA_ROWS*VGA_COLS*2
  8205 000067A9 F3A4                        rep movsb
  8206 000067AB E835FCFFFF                  call update_cursor
  8207 000067B0 E99E000000                  jmp .done
  8208                                  
  8209                                  .composite:
  8210 000067B5 4C89C8                      mov rax, r9
  8211 000067B8 4C29C0                      sub rax, r8                  ; rax = start virtual line index
  8212 000067BB 4D31D2                      xor r10, r10                 ; r10 = output row 0..VGA_ROWS-1
  8213                                  .row_loop:
  8214 000067BE 4983FA19                    cmp r10, VGA_ROWS
  8215 000067C2 7373                        jae .rows_done
  8216 000067C4 4889C2                      mov rdx, rax
  8217 000067C7 4C01D2                      add rdx, r10                 ; rdx = virtual line index for this row
  8218                                  
  8219 000067CA 4C39CA                      cmp rdx, r9
  8220 000067CD 7216                        jb .from_sb
  8221                                  
  8222 000067CF 4889D1                      mov rcx, rdx
  8223 000067D2 4C29C9                      sub rcx, r9
  8224 000067D5 4869C9A0000000              imul rcx, VGA_COLS*2
  8225 000067DC 488DB1[60AC0000]            lea rsi, [live_snapshot + rcx]
  8226 000067E3 EB34                        jmp .copy_row
  8227                                  
  8228                                  .from_sb:
  8229 000067E5 480FB60C25-                 movzx rcx, byte [sb_write_idx]
  8229 000067EA [D86D0000]         
  8230 000067EE 4883C164                    add rcx, SCROLLBACK_LINES
  8231 000067F2 4C29C9                      sub rcx, r9
  8232 000067F5 4801D1                      add rcx, rdx
  8233 000067F8 4831D2                      xor rdx, rdx
  8234 000067FB 50                          push rax
  8235 000067FC 4889C8                      mov rax, rcx
  8236 000067FF BB64000000                  mov rbx, SCROLLBACK_LINES
  8237 00006804 48F7F3                      div rbx
  8238 00006807 4889D1                      mov rcx, rdx
  8239 0000680A 58                          pop rax
  8240 0000680B 4869C9A0000000              imul rcx, VGA_COLS*2
  8241 00006812 488DB1[E06D0000]            lea rsi, [scrollback_buf + rcx]
  8242                                  
  8243                                  .copy_row:
  8244 00006819 BF00800B00                  mov rdi, VGA_BASE
  8245 0000681E 4C89D1                      mov rcx, r10
  8246 00006821 4869C9A0000000              imul rcx, VGA_COLS*2
  8247 00006828 4801CF                      add rdi, rcx
  8248 0000682B B9A0000000                  mov rcx, VGA_COLS*2
  8249 00006830 F3A4                        rep movsb
  8250 00006832 49FFC2                      inc r10
  8251 00006835 EB87                        jmp .row_loop
  8252                                  
  8253                                  .rows_done:
  8254 00006837 66BAD403                    mov dx, 0x3D4
  8255 0000683B B00F                        mov al, 0x0F
  8256 0000683D EE                          out dx, al
  8257 0000683E 66BAD503                    mov dx, 0x3D5
  8258 00006842 B0FF                        mov al, 0xFF
  8259 00006844 EE                          out dx, al
  8260 00006845 66BAD403                    mov dx, 0x3D4
  8261 00006849 B00E                        mov al, 0x0E
  8262 0000684B EE                          out dx, al
  8263 0000684C 66BAD503                    mov dx, 0x3D5
  8264 00006850 B0FF                        mov al, 0xFF
  8265 00006852 EE                          out dx, al
  8266                                  
  8267                                  .done:
  8268 00006853 415A                        pop r10
  8269 00006855 4159                        pop r9
  8270 00006857 4158                        pop r8
  8271 00006859 5F                          pop rdi
  8272 0000685A 5E                          pop rsi
  8273 0000685B 5A                          pop rdx
  8274 0000685C 59                          pop rcx
  8275 0000685D 5B                          pop rbx
  8276 0000685E 58                          pop rax
  8277 0000685F C3                          ret
  8278                                  
  8279                                  ; scrollback_view_up: Ctrl+Up. On the first press (scroll_offset==0),
  8280                                  ; snapshots the current live screen so it can be exactly restored later,
  8281                                  ; then scrolls the view back one more line (capped at what's stored).
  8282                                  scrollback_view_up:
  8283 00006860 50                          push rax
  8284 00006861 51                          push rcx
  8285 00006862 56                          push rsi
  8286 00006863 57                          push rdi
  8287                                  
  8288 00006864 803C25[D76D0000]00          cmp byte [scroll_offset], 0
  8289 0000686C 7514                        jne .already_scrolled
  8290 0000686E BE00800B00                  mov rsi, VGA_BASE
  8291 00006873 488D3C25[60AC0000]          lea rdi, [live_snapshot]
  8292 0000687B B9A00F0000                  mov rcx, VGA_ROWS*VGA_COLS*2
  8293 00006880 F3A4                        rep movsb
  8294                                  .already_scrolled:
  8295 00006882 480FB60425-                 movzx rax, byte [scroll_offset]
  8295 00006887 [D76D0000]         
  8296 0000688B 48FFC0                      inc rax
  8297 0000688E E8D3FEFFFF                  call scrollback_render
  8298                                  
  8299 00006893 5F                          pop rdi
  8300 00006894 5E                          pop rsi
  8301 00006895 59                          pop rcx
  8302 00006896 58                          pop rax
  8303 00006897 C3                          ret
  8304                                  
  8305                                  ; scrollback_view_down: Ctrl+Down. Scrolls the view one line back toward
  8306                                  ; the live screen (a no-op once already live).
  8307                                  scrollback_view_down:
  8308 00006898 50                          push rax
  8309 00006899 803C25[D76D0000]00          cmp byte [scroll_offset], 0
  8310 000068A1 7411                        je .out
  8311 000068A3 480FB60425-                 movzx rax, byte [scroll_offset]
  8311 000068A8 [D76D0000]         
  8312 000068AC 48FFC8                      dec rax
  8313 000068AF E8B2FEFFFF                  call scrollback_render
  8314                                  .out:
  8315 000068B4 58                          pop rax
  8316 000068B5 C3                          ret
  8317                                  
  8318                                  ; read_line: rdi=buffer, rcx=max chars. Echoes to screen, handles
  8319                                  ; backspace, Up/Down command history, and terminates on Enter. Buffer is
  8320                                  ; null terminated.
  8321                                  read_line:
  8322 000068B6 50                          push rax
  8323 000068B7 53                          push rbx
  8324 000068B8 57                          push rdi
  8325 000068B9 51                          push rcx
  8326 000068BA 4D31C0                      xor r8, r8
  8327 000068BD 4989F9                      mov r9, rdi
  8328 000068C0 4989CA                      mov r10, rcx
  8329 000068C3 C60425[DC6D0000]00          mov byte [history_nav], 0
  8330                                  .loop:
  8331 000068CB E810FDFFFF                  call get_char
  8332 000068D0 3C0D                        cmp al, 0x0D
  8333 000068D2 0F846F010000                je .enter
  8334 000068D8 3C08                        cmp al, 0x08
  8335 000068DA 742A                        je .bksp
  8336 000068DC 3C09                        cmp al, 0x09
  8337 000068DE 7436                        je .tab
  8338 000068E0 3C11                        cmp al, KEY_UP
  8339 000068E2 7439                        je .hist_up
  8340 000068E4 3C12                        cmp al, KEY_DOWN
  8341 000068E6 0F848C000000                je .hist_down
  8342 000068EC 4D39D0                      cmp r8, r10
  8343 000068EF 73DA                        jae .loop
  8344 000068F1 43880401                    mov [r9 + r8], al
  8345 000068F5 49FFC0                      inc r8
  8346 000068F8 8A1C25[D46D0000]            mov bl, [cur_normal_attr]
  8347 000068FF E847FBFFFF                  call putchar
  8348 00006904 EBC5                        jmp .loop
  8349                                  .bksp:
  8350 00006906 4983F800                    cmp r8, 0
  8351 0000690A 74BF                        je .loop
  8352 0000690C 49FFC8                      dec r8
  8353 0000690F E842040000                  call do_backspace
  8354 00006914 EBB5                        jmp .loop
  8355                                  
  8356                                  .tab:
  8357 00006916 E88F010000                  call complete_line
  8358 0000691B EBAE                        jmp .loop
  8359                                  
  8360                                  .hist_up:
  8361 0000691D 803C25[DB6D0000]00          cmp byte [history_count], 0
  8362 00006925 74A4                        je .loop
  8363 00006927 480FB60425-                 movzx rax, byte [history_nav]
  8363 0000692C [DC6D0000]         
  8364 00006930 480FB61C25-                 movzx rbx, byte [history_count]
  8364 00006935 [DB6D0000]         
  8365 00006939 4839D8                      cmp rax, rbx
  8366 0000693C 738D                        jae .loop                    ; already at the oldest entry
  8367 0000693E 4883F800                    cmp rax, 0
  8368 00006942 7510                        jne .hu_have_saved
  8369 00006944 4C89CE                      mov rsi, r9
  8370 00006947 488D3C25[30CD0000]          lea rdi, [history_saved_line]
  8371 0000694F E80EFAFFFF                  call str_copy
  8372                                  .hu_have_saved:
  8373 00006954 FE0425[DC6D0000]            inc byte [history_nav]
  8374 0000695B E866000000                  call .history_index          ; -> rax = ring index for history_nav
  8375 00006960 4869C0DC000000              imul rax, LINE_MAX
  8376 00006967 488DB0[00BC0000]            lea rsi, [history_buf + rax]
  8377 0000696E E87F000000                  call .load_entry
  8378 00006973 E953FFFFFF                  jmp .loop
  8379                                  
  8380                                  .hist_down:
  8381 00006978 803C25[DC6D0000]00          cmp byte [history_nav], 0
  8382 00006980 0F8445FFFFFF                je .loop
  8383 00006986 FE0C25[DC6D0000]            dec byte [history_nav]
  8384 0000698D 803C25[DC6D0000]00          cmp byte [history_nav], 0
  8385 00006995 7512                        jne .hd_older
  8386 00006997 488D3425[30CD0000]          lea rsi, [history_saved_line]
  8387 0000699F E84E000000                  call .load_entry
  8388 000069A4 E922FFFFFF                  jmp .loop
  8389                                  .hd_older:
  8390 000069A9 E818000000                  call .history_index
  8391 000069AE 4869C0DC000000              imul rax, LINE_MAX
  8392 000069B5 488DB0[00BC0000]            lea rsi, [history_buf + rax]
  8393 000069BC E831000000                  call .load_entry
  8394 000069C1 E905FFFFFF                  jmp .loop
  8395                                  
  8396                                  ; .history_index: rax = (history_next + HISTORY_MAX - history_nav) mod HISTORY_MAX
  8397                                  .history_index:
  8398 000069C6 53                          push rbx
  8399 000069C7 52                          push rdx
  8400 000069C8 480FB60425-                 movzx rax, byte [history_next]
  8400 000069CD [DA6D0000]         
  8401 000069D1 4883C014                    add rax, HISTORY_MAX
  8402 000069D5 480FB61C25-                 movzx rbx, byte [history_nav]
  8402 000069DA [DC6D0000]         
  8403 000069DE 4829D8                      sub rax, rbx
  8404 000069E1 4831D2                      xor rdx, rdx
  8405 000069E4 BB14000000                  mov rbx, HISTORY_MAX
  8406 000069E9 48F7F3                      div rbx
  8407 000069EC 4889D0                      mov rax, rdx
  8408 000069EF 5A                          pop rdx
  8409 000069F0 5B                          pop rbx
  8410 000069F1 C3                          ret
  8411                                  
  8412                                  ; .load_entry: rsi = null-terminated source string. Erases the currently
  8413                                  ; displayed/buffered line and replaces it with the source string.
  8414                                  .load_entry:
  8415 000069F2 50                          push rax
  8416 000069F3 51                          push rcx
  8417 000069F4 4C89C1                      mov rcx, r8
  8418                                  .le_erase:
  8419 000069F7 4883F900                    cmp rcx, 0
  8420 000069FB 740A                        je .le_erase_done
  8421 000069FD E854030000                  call do_backspace
  8422 00006A02 48FFC9                      dec rcx
  8423 00006A05 EBF0                        jmp .le_erase
  8424                                  .le_erase_done:
  8425 00006A07 4D31C0                      xor r8, r8
  8426                                  .le_copy:
  8427 00006A0A 428A0406                    mov al, [rsi + r8]
  8428 00006A0E 3C00                        cmp al, 0
  8429 00006A10 740E                        je .le_copy_done
  8430 00006A12 4D39D0                      cmp r8, r10
  8431 00006A15 7309                        jae .le_copy_done
  8432 00006A17 43880401                    mov [r9 + r8], al
  8433 00006A1B 49FFC0                      inc r8
  8434 00006A1E EBEA                        jmp .le_copy
  8435                                  .le_copy_done:
  8436 00006A20 43C6040100                  mov byte [r9 + r8], 0
  8437 00006A25 4831C9                      xor rcx, rcx
  8438                                  .le_echo:
  8439 00006A28 4C39C1                      cmp rcx, r8
  8440 00006A2B 7317                        jae .le_echo_done
  8441 00006A2D 418A0409                    mov al, [r9 + rcx]
  8442 00006A31 53                          push rbx
  8443 00006A32 8A1C25[D46D0000]            mov bl, [cur_normal_attr]
  8444 00006A39 E80DFAFFFF                  call putchar
  8445 00006A3E 5B                          pop rbx
  8446 00006A3F 48FFC1                      inc rcx
  8447 00006A42 EBE4                        jmp .le_echo
  8448                                  .le_echo_done:
  8449 00006A44 59                          pop rcx
  8450 00006A45 58                          pop rax
  8451 00006A46 C3                          ret
  8452                                  
  8453                                  .enter:
  8454 00006A47 43C6040100                  mov byte [r9 + r8], 0
  8455 00006A4C B00A                        mov al, 0x0A
  8456 00006A4E E8F8F9FFFF                  call putchar
  8457 00006A53 4983F800                    cmp r8, 0
  8458 00006A57 744C                        je .no_history_push
  8459 00006A59 480FB60425-                 movzx rax, byte [history_next]
  8459 00006A5E [DA6D0000]         
  8460 00006A62 4869C0DC000000              imul rax, LINE_MAX
  8461 00006A69 488DB8[00BC0000]            lea rdi, [history_buf + rax]
  8462 00006A70 4C89CE                      mov rsi, r9
  8463 00006A73 E8EAF8FFFF                  call str_copy
  8464 00006A78 480FB60425-                 movzx rax, byte [history_next]
  8464 00006A7D [DA6D0000]         
  8465 00006A81 48FFC0                      inc rax
  8466 00006A84 4883F814                    cmp rax, HISTORY_MAX
  8467 00006A88 7503                        jne .hn_no_wrap
  8468 00006A8A 4831C0                      xor rax, rax
  8469                                  .hn_no_wrap:
  8470 00006A8D 880425[DA6D0000]            mov [history_next], al
  8471 00006A94 803C25[DB6D0000]14          cmp byte [history_count], HISTORY_MAX
  8472 00006A9C 7407                        je .no_history_push
  8473 00006A9E FE0425[DB6D0000]            inc byte [history_count]
  8474                                  .no_history_push:
  8475 00006AA5 59                          pop rcx
  8476 00006AA6 5F                          pop rdi
  8477 00006AA7 5B                          pop rbx
  8478 00006AA8 58                          pop rax
  8479 00006AA9 C3                          ret
  8480                                  
  8481                                  ; ============================================================
  8482                                  ;  complete_line: Tab completion for the rush prompt. Called from
  8483                                  ;  read_line when the user presses Tab.
  8484                                  ;  - first token on the line: completes against the built-in command
  8485                                  ;    table (completion_cmds)
  8486                                  ;  - any later token: completes against the names of files/folders
  8487                                  ;    directly inside cur_dir
  8488                                  ;  A single unique match is completed in place (commands get a trailing
  8489                                  ;  space, folders a trailing '/'); an ambiguous prefix is extended as
  8490                                  ;  far as all candidates agree, and if the prefix is already as long as
  8491                                  ;  the shared portion, the candidates are listed and the prompt and
  8492                                  ;  line are reprinted.
  8493                                  ;  Preserves r9/r10; r8 (current line length) may grow as characters
  8494                                  ;  are completed, which is exactly what read_line expects.
  8495                                  ; ============================================================
  8496                                  complete_line:
  8497 00006AAA 50                          push rax
  8498 00006AAB 53                          push rbx
  8499 00006AAC 51                          push rcx
  8500 00006AAD 52                          push rdx
  8501 00006AAE 56                          push rsi
  8502 00006AAF 57                          push rdi
  8503 00006AB0 4153                        push r11
  8504 00006AB2 4154                        push r12
  8505 00006AB4 4155                        push r13
  8506 00006AB6 4156                        push r14
  8507 00006AB8 4157                        push r15
  8508                                  
  8509                                      ; ---- locate the token being typed: token_start in r13 ----
  8510 00006ABA 4D89C4                      mov r12, r8                  ; scan backward from the cursor
  8511 00006ABD 4D31ED                      xor r13, r13                 ; token_start
  8512                                  .tk_loop:
  8513 00006AC0 4983FC00                    cmp r12, 0
  8514 00006AC4 740F                        je .tk_done
  8515 00006AC6 49FFCC                      dec r12
  8516 00006AC9 43803C2120                  cmp byte [r9 + r12], ' '
  8517 00006ACE 75F0                        jne .tk_loop
  8518 00006AD0 4D8D6C2401                  lea r13, [r12 + 1]
  8519                                  .tk_done:
  8520 00006AD5 4C89C3                      mov rbx, r8                  ; rbx = token length = r8 - r13
  8521 00006AD8 4C29EB                      sub rbx, r13
  8522                                  
  8523                                      ; ---- mode: r11 = 1 if this is not the first token ----
  8524 00006ADB 4D31DB                      xor r11, r11
  8525 00006ADE 4831C9                      xor rcx, rcx
  8526                                  .mode_loop:
  8527 00006AE1 4C39E9                      cmp rcx, r13
  8528 00006AE4 7312                        jae .mode_done
  8529 00006AE6 41803C0920                  cmp byte [r9 + rcx], ' '
  8530 00006AEB 7505                        jne .mode_fs
  8531 00006AED 48FFC1                      inc rcx
  8532 00006AF0 EBEF                        jmp .mode_loop
  8533                                  .mode_fs:
  8534 00006AF2 41BB01000000                mov r11, 1
  8535                                  .mode_done:
  8536                                  
  8537                                      ; ---- gather matches into comp_matches[], count in r15 ----
  8538 00006AF8 4D31FF                      xor r15, r15
  8539 00006AFB 4983FB00                    cmp r11, 0
  8540 00006AFF 7530                        jne .g_fs
  8541                                  .g_cmd:
  8542 00006B01 4831FF                      xor rdi, rdi                 ; table index
  8543                                  .g_cmd_loop:
  8544 00006B04 488D04FD[A4D20000]          lea rax, [completion_cmds + rdi*8]
  8545 00006B0C 488B00                      mov rax, [rax]
  8546 00006B0F 4885C0                      test rax, rax
  8547 00006B12 746A                        jz .g_done
  8548 00006B14 4889C6                      mov rsi, rax
  8549 00006B17 E8A2010000                  call .is_prefix
  8550 00006B1C 3C01                        cmp al, 1
  8551 00006B1E 750C                        jne .g_cmd_next
  8552 00006B20 664389BC3F-                 mov [comp_matches + r15*2], di
  8552 00006B25 [CCD30000]         
  8553 00006B29 49FFC7                      inc r15
  8554                                  .g_cmd_next:
  8555 00006B2C 48FFC7                      inc rdi
  8556 00006B2F EBD3                        jmp .g_cmd_loop
  8557                                  .g_fs:
  8558 00006B31 4831FF                      xor rdi, rdi                 ; node index
  8559                                  .g_fs_loop:
  8560 00006B34 4881FFC0000000              cmp rdi, MAX_NODES
  8561 00006B3B 7341                        jae .g_done
  8562 00006B3D 80BF[E0050100]00            cmp byte [node_type + rdi], 0
  8563 00006B44 7433                        je .g_fs_next
  8564 00006B46 480FB7843F-                 movzx rax, word [node_parent + rdi*2]
  8564 00006B4B [E00B0100]         
  8565 00006B4F 483B0425[CB6D0000]          cmp rax, [cur_dir]
  8566 00006B57 7520                        jne .g_fs_next
  8567 00006B59 486BC720                    imul rax, rdi, NAME_LEN
  8568 00006B5D 488DB0[600D0100]            lea rsi, [node_name + rax]
  8569 00006B64 E855010000                  call .is_prefix
  8570 00006B69 3C01                        cmp al, 1
  8571 00006B6B 750C                        jne .g_fs_next
  8572 00006B6D 664389BC3F-                 mov [comp_matches + r15*2], di
  8572 00006B72 [CCD30000]         
  8573 00006B76 49FFC7                      inc r15
  8574                                  .g_fs_next:
  8575 00006B79 48FFC7                      inc rdi
  8576 00006B7C EBB6                        jmp .g_fs_loop
  8577                                  .g_done:
  8578 00006B7E 4983FF00                    cmp r15, 0
  8579 00006B82 0F8425010000                je .out
  8580                                  
  8581                                      ; ---- common prefix length over all matches (starts at rbx) ----
  8582 00006B88 4889D9                      mov rcx, rbx                 ; pos
  8583                                  .cc_loop:
  8584 00006B8B 4C39D1                      cmp rcx, r10
  8585 00006B8E 7335                        jae .cc_end
  8586 00006B90 4889CA                      mov rdx, rcx
  8587 00006B93 4D31F6                      xor r14, r14
  8588 00006B96 E883010000                  call .char_at                ; al = char of first match at pos
  8589 00006B9B 4989C4                      mov r12, rax
  8590 00006B9E 4D85E4                      test r12, r12
  8591 00006BA1 7422                        jz .cc_end
  8592 00006BA3 41BE01000000                mov r14, 1
  8593                                  .cc_inner:
  8594 00006BA9 4D39FE                      cmp r14, r15
  8595 00006BAC 7312                        jae .cc_agree
  8596 00006BAE 4889CA                      mov rdx, rcx
  8597 00006BB1 E868010000                  call .char_at
  8598 00006BB6 4C39E0                      cmp rax, r12
  8599 00006BB9 750A                        jne .cc_end
  8600 00006BBB 49FFC6                      inc r14
  8601 00006BBE EBE9                        jmp .cc_inner
  8602                                  .cc_agree:
  8603 00006BC0 48FFC1                      inc rcx
  8604 00006BC3 EBC6                        jmp .cc_loop
  8605                                  .cc_end:
  8606                                      ; rcx = common prefix length
  8607                                      ; ---- append the unambiguous tail, chars rbx..rcx-1 ----
  8608 00006BC5 4889DE                      mov rsi, rbx                 ; pos
  8609                                  .ap_loop:
  8610 00006BC8 4839CE                      cmp rsi, rcx
  8611 00006BCB 732A                        jae .ap_done
  8612 00006BCD 4D39D0                      cmp r8, r10
  8613 00006BD0 7325                        jae .ap_done
  8614 00006BD2 4889F2                      mov rdx, rsi
  8615 00006BD5 4D31F6                      xor r14, r14
  8616 00006BD8 E841010000                  call .char_at
  8617 00006BDD 43880401                    mov [r9 + r8], al
  8618 00006BE1 49FFC0                      inc r8
  8619 00006BE4 53                          push rbx
  8620 00006BE5 8A1C25[D46D0000]            mov bl, [cur_normal_attr]
  8621 00006BEC E85AF8FFFF                  call putchar
  8622 00006BF1 5B                          pop rbx
  8623 00006BF2 48FFC6                      inc rsi
  8624 00006BF5 EBD1                        jmp .ap_loop
  8625                                  .ap_done:
  8626 00006BF7 4983FF01                    cmp r15, 1
  8627 00006BFB 755B                        jne .multi
  8628                                      ; ---- single match: finish it off ----
  8629 00006BFD 4983FB00                    cmp r11, 0
  8630 00006C01 7525                        jne .uniq_fs
  8631 00006C03 4D39D0                      cmp r8, r10
  8632 00006C06 0F83A1000000                jae .out
  8633 00006C0C B020                        mov al, ' '
  8634 00006C0E 43880401                    mov [r9 + r8], al
  8635 00006C12 49FFC0                      inc r8
  8636 00006C15 53                          push rbx
  8637 00006C16 8A1C25[D46D0000]            mov bl, [cur_normal_attr]
  8638 00006C1D E829F8FFFF                  call putchar
  8639 00006C22 5B                          pop rbx
  8640 00006C23 E985000000                  jmp .out
  8641                                  .uniq_fs:
  8642 00006C28 480FB70425-                 movzx rax, word [comp_matches]
  8642 00006C2D [CCD30000]         
  8643 00006C31 80B8[E0050100]01            cmp byte [node_type + rax], 1
  8644 00006C38 7573                        jne .out
  8645 00006C3A 4D39D0                      cmp r8, r10
  8646 00006C3D 736E                        jae .out
  8647 00006C3F B02F                        mov al, '/'
  8648 00006C41 43880401                    mov [r9 + r8], al
  8649 00006C45 49FFC0                      inc r8
  8650 00006C48 53                          push rbx
  8651 00006C49 8A1C25[D46D0000]            mov bl, [cur_normal_attr]
  8652 00006C50 E8F6F7FFFF                  call putchar
  8653 00006C55 5B                          pop rbx
  8654 00006C56 EB55                        jmp .out
  8655                                  .multi:
  8656                                      ; multiple matches: only list if the common prefix advanced nothing
  8657 00006C58 4839D9                      cmp rcx, rbx
  8658 00006C5B 7550                        jne .out
  8659 00006C5D B00A                        mov al, 0x0A
  8660 00006C5F E8E7F7FFFF                  call putchar
  8661 00006C64 4D31F6                      xor r14, r14
  8662                                  .ls_loop:
  8663 00006C67 4D39FE                      cmp r14, r15
  8664 00006C6A 7316                        jae .ls_done
  8665 00006C6C E883000000                  call .match_ptr              ; rsi = candidate string
  8666 00006C71 E8ABF7FFFF                  call print_string
  8667 00006C76 B020                        mov al, ' '
  8668 00006C78 E8CEF7FFFF                  call putchar
  8669 00006C7D 49FFC6                      inc r14
  8670 00006C80 EBE5                        jmp .ls_loop
  8671                                  .ls_done:
  8672 00006C82 B00A                        mov al, 0x0A
  8673 00006C84 E8C2F7FFFF                  call putchar
  8674 00006C89 E8F3F5FFFF                  call print_prompt
  8675 00006C8E 4831C9                      xor rcx, rcx
  8676                                  .echo:
  8677 00006C91 4C39C1                      cmp rcx, r8
  8678 00006C94 7317                        jae .out
  8679 00006C96 418A0409                    mov al, [r9 + rcx]
  8680 00006C9A 53                          push rbx
  8681 00006C9B 8A1C25[D46D0000]            mov bl, [cur_normal_attr]
  8682 00006CA2 E8A4F7FFFF                  call putchar
  8683 00006CA7 5B                          pop rbx
  8684 00006CA8 48FFC1                      inc rcx
  8685 00006CAB EBE4                        jmp .echo
  8686                                  .out:
  8687 00006CAD 415F                        pop r15
  8688 00006CAF 415E                        pop r14
  8689 00006CB1 415D                        pop r13
  8690 00006CB3 415C                        pop r12
  8691 00006CB5 415B                        pop r11
  8692 00006CB7 5F                          pop rdi
  8693 00006CB8 5E                          pop rsi
  8694 00006CB9 5A                          pop rdx
  8695 00006CBA 59                          pop rcx
  8696 00006CBB 5B                          pop rbx
  8697 00006CBC 58                          pop rax
  8698 00006CBD C3                          ret
  8699                                  
  8700                                  ; .is_prefix: is the typed token (r9+r13, length rbx) a prefix of the
  8701                                  ; null-terminated string in rsi? Returns al = 1/0. Clobbers only al.
  8702                                  .is_prefix:
  8703 00006CBE 53                          push rbx
  8704 00006CBF 51                          push rcx
  8705 00006CC0 52                          push rdx
  8706 00006CC1 56                          push rsi
  8707 00006CC2 57                          push rdi
  8708 00006CC3 4889F7                      mov rdi, rsi
  8709 00006CC6 4C89CE                      mov rsi, r9
  8710 00006CC9 4C01EE                      add rsi, r13
  8711 00006CCC 4889D9                      mov rcx, rbx
  8712                                  .ip_loop:
  8713 00006CCF 4883F900                    cmp rcx, 0
  8714 00006CD3 7413                        je .ip_yes
  8715 00006CD5 8A06                        mov al, [rsi]
  8716 00006CD7 8A17                        mov dl, [rdi]
  8717 00006CD9 38D0                        cmp al, dl
  8718 00006CDB 750F                        jne .ip_no
  8719 00006CDD 48FFC6                      inc rsi
  8720 00006CE0 48FFC7                      inc rdi
  8721 00006CE3 48FFC9                      dec rcx
  8722 00006CE6 EBE7                        jmp .ip_loop
  8723                                  .ip_yes:
  8724 00006CE8 B001                        mov al, 1
  8725 00006CEA EB02                        jmp .ip_out
  8726                                  .ip_no:
  8727 00006CEC 30C0                        xor al, al
  8728                                  .ip_out:
  8729 00006CEE 5F                          pop rdi
  8730 00006CEF 5E                          pop rsi
  8731 00006CF0 5A                          pop rdx
  8732 00006CF1 59                          pop rcx
  8733 00006CF2 5B                          pop rbx
  8734 00006CF3 C3                          ret
  8735                                  
  8736                                  ; .match_ptr: r14 = match slot -> rsi = candidate string. Clobbers rax.
  8737                                  .match_ptr:
  8738 00006CF4 4B0FB78436-                 movzx rax, word [comp_matches + r14*2]
  8738 00006CF9 [CCD30000]         
  8739 00006CFD 4983FB00                    cmp r11, 0
  8740 00006D01 750F                        jne .mp_fs
  8741 00006D03 486BC008                    imul rax, 8
  8742 00006D07 488D80[A4D20000]            lea rax, [completion_cmds + rax]
  8743 00006D0E 488B30                      mov rsi, [rax]
  8744 00006D11 C3                          ret
  8745                                  .mp_fs:
  8746 00006D12 486BC020                    imul rax, NAME_LEN
  8747 00006D16 488DB0[600D0100]            lea rsi, [node_name + rax]
  8748 00006D1D C3                          ret
  8749                                  
  8750                                  ; .char_at: r14 = match slot, rdx = position -> al = char at that position.
  8751                                  ; Clobbers rax only; returns the character zero-extended in rax so callers
  8752                                  ; can compare/test the full register (the char in al alone would leave
  8753                                  ; pointer bits in rax's upper bytes and break null checks).
  8754                                  .char_at:
  8755 00006D1E 4B0FB78436-                 movzx rax, word [comp_matches + r14*2]
  8755 00006D23 [CCD30000]         
  8756 00006D27 4983FB00                    cmp r11, 0
  8757 00006D2B 7516                        jne .ca_fs
  8758 00006D2D 486BC008                    imul rax, 8
  8759 00006D31 488D80[A4D20000]            lea rax, [completion_cmds + rax]
  8760 00006D38 488B00                      mov rax, [rax]
  8761 00006D3B 4801D0                      add rax, rdx
  8762 00006D3E 480FB600                    movzx rax, byte [rax]
  8763 00006D42 C3                          ret
  8764                                  .ca_fs:
  8765 00006D43 486BC020                    imul rax, NAME_LEN
  8766 00006D47 488D80[600D0100]            lea rax, [node_name + rax]
  8767 00006D4E 4801D0                      add rax, rdx
  8768 00006D51 480FB600                    movzx rax, byte [rax]
  8769 00006D55 C3                          ret
  8770                                  
  8771                                  ; erase one character visually (move cursor back, blank it)
  8772                                  do_backspace:
  8773 00006D56 50                          push rax
  8774 00006D57 803C25[C96D0000]00          cmp byte [cursor_col], 0
  8775 00006D5F 7409                        je .maybeup
  8776 00006D61 FE0C25[C96D0000]            dec byte [cursor_col]
  8777 00006D68 EB19                        jmp .blank
  8778                                  .maybeup:
  8779 00006D6A 803C25[C86D0000]00          cmp byte [cursor_row], 0
  8780 00006D72 744B                        je .out
  8781 00006D74 FE0C25[C86D0000]            dec byte [cursor_row]
  8782 00006D7B C60425[C96D0000]4F          mov byte [cursor_col], VGA_COLS-1
  8783                                  .blank:
  8784 00006D83 53                          push rbx
  8785 00006D84 51                          push rcx
  8786 00006D85 52                          push rdx
  8787 00006D86 57                          push rdi
  8788 00006D87 480FB60C25-                 movzx rcx, byte [cursor_row]
  8788 00006D8C [C86D0000]         
  8789 00006D90 486BC950                    imul rcx, VGA_COLS
  8790 00006D94 480FB61425-                 movzx rdx, byte [cursor_col]
  8790 00006D99 [C96D0000]         
  8791 00006D9D 4801D1                      add rcx, rdx
  8792 00006DA0 486BC902                    imul rcx, 2
  8793 00006DA4 488D3C2500800B00            lea rdi, [VGA_BASE]
  8794 00006DAC 4801CF                      add rdi, rcx
  8795 00006DAF C60720                      mov byte [rdi], ' '
  8796 00006DB2 C6470107                    mov byte [rdi+1], 0x07
  8797 00006DB6 5F                          pop rdi
  8798 00006DB7 5A                          pop rdx
  8799 00006DB8 59                          pop rcx
  8800 00006DB9 5B                          pop rbx
  8801 00006DBA E826F6FFFF                  call update_cursor
  8802                                  .out:
  8803 00006DBF 58                          pop rax
  8804 00006DC0 C3                          ret
  8805                                  
  8806                                  ; ============================================================
  8807                                  ;  DATA
  8808                                  ; ============================================================
  8809 00006DC1 90<rep 7h>              ALIGN 8
  8810 00006DC8 00                      cursor_row:   db 0
  8811 00006DC9 00                      cursor_col:   db 0
  8812 00006DCA 00                      shift_state:  db 0
  8813 00006DCB 0000000000000000        cur_dir:      dq 0
  8814 00006DD3 00                      auth_valid:   db 0                   ; set by 'auth' command, checked by dangerous commands
  8815 00006DD4 0A                      cur_normal_attr: db ATTR_NORMAL      ; foreground color used for normal output; changed by 'color'
  8816                                  
  8817                                  ; --- keyboard/scrollback/history state ---
  8818 00006DD5 00                      ctrl_state:    db 0                  ; 1 while either Ctrl key is held
  8819 00006DD6 00                      kbd_ext_flag:  db 0                  ; 1 while waiting for the byte after an 0xE0 prefix
  8820 00006DD7 00                      scroll_offset: db 0                  ; 0 = live view, N = N lines scrolled back
  8821 00006DD8 00                      sb_write_idx:  db 0                  ; next slot to write in scrollback_buf (ring)
  8822 00006DD9 00                      sb_count:      db 0                  ; valid lines currently stored in scrollback_buf
  8823 00006DDA 00                      history_next:  db 0                  ; next slot to write in history_buf (ring)
  8824 00006DDB 00                      history_count: db 0                  ; valid entries currently stored in history_buf
  8825 00006DDC 00                      history_nav:   db 0                  ; 0 = not browsing history, else 1..history_count deep
  8826                                  
  8827 00006DDD 90<rep 3h>              ALIGN 8
  8828 00006DE0 00<rep 3E80h>           scrollback_buf:     times SCROLLBACK_LINES*VGA_COLS*2 db 0
  8829 0000AC60 00<rep FA0h>            live_snapshot:       times VGA_ROWS*VGA_COLS*2 db 0
  8830 0000BC00 00<rep 1130h>           history_buf:         times HISTORY_MAX*LINE_MAX db 0
  8831 0000CD30 00<rep DCh>             history_saved_line:  times LINE_MAX db 0
  8832                                  
  8833                                  ; --- RTC (CMOS) clock state and scratch ---
  8834 0000CE0C 00                      rtc_sec:     db 0
  8835 0000CE0D 00                      rtc_min:     db 0
  8836 0000CE0E 00                      rtc_hour:    db 0
  8837 0000CE0F 00                      rtc_day:     db 0
  8838 0000CE10 00                      rtc_month:   db 0
  8839 0000CE11 00                      rtc_year:    db 0
  8840 0000CE12 00                      rtc_century: db 0
  8841 0000CE13 00<rep 10h>             time_str_buf:  times 16 db 0    ; "HH:MM:SS"
  8842 0000CE23 00<rep 10h>             date_str_buf:  times 16 db 0    ; "YYYY-MM-DD"
  8843 0000CE33 00<rep 10h>             wig_str_buf:   times 16 db 0    ; scratch for the wig clock widget
  8844 0000CE43 00                      wig_last_sec:  db 0             ; last second the widget drew (redraw gate)
  8845                                  
  8846                                  banner:
  8847 0000CE44 5368656C6C79466F72-         db "ShellyForever v0.1.2 -- 'help' for commands", 10, 0
  8847 0000CE4D 657665722076302E31-
  8847 0000CE56 2E32202D2D20276865-
  8847 0000CE5F 6C702720666F722063-
  8847 0000CE68 6F6D6D616E64730A00 
  8848                                  
  8849 0000CE71 727573683E00            prompt_head: db "rush>", 0
  8850 0000CE77 3A2000                  prompt_tail: db ": ", 0
  8851 0000CE7A 0A00                    newline_str: db 10, 0
  8852                                  
  8853 0000CE7C 2F00                    str_slash:  db "/", 0
  8854 0000CE7E 2F686F6D6500            str_home:   db "/home", 0
  8855 0000CE84 2E2E00                  str_updir:  db "..", 0
  8856 0000CE87 2E00                    str_dot:    db ".", 0
  8857 0000CE89 636600                  str_cf:     db "cf", 0
  8858 0000CE8C 6D6B6600                str_mkf:    db "mkf", 0
  8859 0000CE90 6D6B666C00              str_mkfl:   db "mkfl", 0
  8860 0000CE95 73686F7700              str_show:   db "show", 0
  8861 0000CE9A 6C69737400              str_ls:     db "list", 0
  8862 0000CE9F 7669657700              str_cat:    db "view", 0
  8863 0000CEA4 63757272656E7400        str_pwd:    db "current", 0
  8864 0000CEAC 7769706500              str_clear:  db "wipe", 0
  8865 0000CEB1 68656C7000              str_help:   db "help", 0
  8866 0000CEB6 72626F6F7400            str_reboot: db "rboot", 0
  8867 0000CEBC 73796E6300              str_sync:   db "sync", 0
  8868 0000CEC1 63616C6300              str_calc:   db "calc", 0
  8869 0000CEC6 6564697400              str_edit:   db "edit", 0
  8870 0000CECB 64656C00                str_del:    db "del", 0
  8871 0000CECF 726D7600                str_rmv:    db "rmv", 0
  8872 0000CED3 73646F776E00            str_sdown:  db "sdown", 0
  8873 0000CED9 727200                  str_rr:     db "rr", 0
  8874 0000CEDC 70727300                str_prs:    db "prs", 0
  8875 0000CEE0 6B696C6C00              str_kill:   db "kill", 0
  8876 0000CEE5 7275736872756E00        str_rushrun: db "rushrun", 0
  8877 0000CEED 72756E7275736800        str_runrush: db "runrush", 0
  8878 0000CEF5 726E616D6500            str_rname:  db "rname", 0
  8879 0000CEFB 63707900                str_cpy:    db "cpy", 0
  8880 0000CEFF 6D6F7600                str_mov:    db "mov", 0
  8881 0000CF03 3D00                    str_eq_sign: db "=", 0
  8882 0000CF05 686F6D6500              str_home_name: db "home", 0
  8883 0000CF0A 6175746800              str_auth:   db "auth", 0
  8884 0000CF0F 7661727300              str_vars:   db "vars", 0
  8885 0000CF14 616C6900                str_ali:    db "ali", 0
  8886 0000CF18 616C697300              str_alis:   db "alis", 0
  8887 0000CF1D 636F6C6F7200            str_color:  db "color", 0
  8888 0000CF23 6461746500              str_date:   db "date", 0
  8889 0000CF28 74696D6500              str_time:   db "time", 0
  8890 0000CF2D 777269746500            str_write:  db "write", 0
  8891 0000CF33 77696700                str_wig:    db "wig", 0
  8892 0000CF37 7368656C6C7900          str_shelly: db "shelly", 0
  8893                                  
  8894                                  ; shelly splash banner pieces
  8895                                  SHELLY_PAL_LEN equ 6
  8896 0000CF3E 0E0B0A0D090F            shelly_palette: db 0x0E, 0x0B, 0x0A, 0x0D, 0x09, 0x0F   ; yel, cyan, grn, mag, lblu, wht
  8897 0000CF44 20203D3D3D3D3D3D3D-     shelly_rule:  db "  ============================================================", 10, 0
  8897 0000CF4D 3D3D3D3D3D3D3D3D3D-
  8897 0000CF56 3D3D3D3D3D3D3D3D3D-
  8897 0000CF5F 3D3D3D3D3D3D3D3D3D-
  8897 0000CF68 3D3D3D3D3D3D3D3D3D-
  8897 0000CF71 3D3D3D3D3D3D3D3D3D-
  8897 0000CF7A 3D3D3D3D3D3D3D3D0A-
  8897 0000CF83 00                 
  8898 0000CF84 202020202020202020-     shelly_title: db "         ShellyForever OS", 0
  8898 0000CF8D 5368656C6C79466F72-
  8898 0000CF96 65766572204F5300   
  8899 0000CF9E 202020202020202020-     shelly_by:    db "         Developed by Sourasish Das", 10, 0
  8899 0000CFA7 446576656C6F706564-
  8899 0000CFB0 20627920536F757261-
  8899 0000CFB9 73697368204461730A-
  8899 0000CFC2 00                 
  8900 0000CFC3 202020202020202020-     shelly_cr:    db "         Copyright 2026. All rights reserved.", 10, 0
  8900 0000CFCC 436F70797269676874-
  8900 0000CFD5 20323032362E20416C-
  8900 0000CFDE 6C2072696768747320-
  8900 0000CFE7 72657365727665642E-
  8900 0000CFF0 0A00               
  8901 0000CFF2 626C61636B00            str_col_black:    db "black", 0
  8902 0000CFF8 64626C756500            str_col_dblue:    db "dblue", 0
  8903 0000CFFE 626C756500              str_col_blue:     db "blue", 0
  8904 0000D003 6C626C756500            str_col_lblue:    db "lblue", 0
  8905 0000D009 64677265656E00          str_col_dgreen:   db "dgreen", 0
  8906 0000D010 677265656E00            str_col_green:    db "green", 0
  8907 0000D016 6C677265656E00          str_col_lgreen:   db "lgreen", 0
  8908 0000D01D 646379616E00            str_col_dcyan:    db "dcyan", 0
  8909 0000D023 6379616E00              str_col_cyan:     db "cyan", 0
  8910 0000D028 6C6379616E00            str_col_lcyan:    db "lcyan", 0
  8911 0000D02E 6472656400              str_col_dred:     db "dred", 0
  8912 0000D033 72656400                str_col_red:      db "red", 0
  8913 0000D037 6C72656400              str_col_lred:     db "lred", 0
  8914 0000D03C 646D6167656E746100      str_col_dmagenta: db "dmagenta", 0
  8915 0000D045 6D6167656E746100        str_col_magenta:  db "magenta", 0
  8916 0000D04D 6C6D6167656E746100      str_col_lmagenta: db "lmagenta", 0
  8917 0000D056 707572706C6500          str_col_purple:   db "purple", 0
  8918 0000D05D 62726F776E00            str_col_brown:    db "brown", 0
  8919 0000D063 6F72616E676500          str_col_orange:   db "orange", 0
  8920 0000D06A 6772617900              str_col_gray:     db "gray", 0
  8921 0000D06F 6772657900              str_col_grey:     db "grey", 0
  8922 0000D074 646772617900            str_col_dgray:    db "dgray", 0
  8923 0000D07A 646772657900            str_col_dgrey:    db "dgrey", 0
  8924 0000D080 79656C6C6F7700          str_col_yellow:   db "yellow", 0
  8925 0000D087 776869746500            str_col_white:    db "white", 0
  8926 0000D08D 726573657400            str_col_reset:    db "reset", 0
  8927 0000D093 6C69737400              str_col_list:     db "list", 0
  8928                                  
  8929 0000D098 636F6C6F723A20756E-     msg_color_unknown: db "color: unknown color name: ", 0
  8929 0000D0A1 6B6E6F776E20636F6C-
  8929 0000D0AA 6F72206E616D653A20-
  8929 0000D0B3 00                 
  8930 0000D0B4 636F6C6F723A206E6F-     msg_color_set1:    db "color: normal text set to ", 0
  8930 0000D0BD 726D616C2074657874-
  8930 0000D0C6 2073657420746F2000 
  8931 0000D0CF 0A00                    msg_color_set2:    db 10, 0
  8932 0000D0D1 546869732069732074-     msg_color_current: db "This is the current color.", 0
  8932 0000D0DA 68652063757272656E-
  8932 0000D0E3 7420636F6C6F722E00 
  8933                                  color_list_text:
  8934 0000D0EC 417661696C61626C65-         db "Available colors (normal-text only; prompt/error colors are fixed):", 10
  8934 0000D0F5 20636F6C6F72732028-
  8934 0000D0FE 6E6F726D616C2D7465-
  8934 0000D107 7874206F6E6C793B20-
  8934 0000D110 70726F6D70742F6572-
  8934 0000D119 726F7220636F6C6F72-
  8934 0000D122 732061726520666978-
  8934 0000D12B 6564293A0A         
  8935 0000D130 2020626C61636B0A            db "  black", 10
  8936 0000D138 202064626C75652020-         db "  dblue    blue    lblue", 10
  8936 0000D141 2020626C7565202020-
  8936 0000D14A 206C626C75650A     
  8937 0000D151 202064677265656E20-         db "  dgreen   green   lgreen", 10
  8937 0000D15A 2020677265656E2020-
  8937 0000D163 206C677265656E0A   
  8938 0000D16B 2020646379616E2020-         db "  dcyan    cyan    lcyan", 10
  8938 0000D174 20206379616E202020-
  8938 0000D17D 206C6379616E0A     
  8939 0000D184 202064726564202020-         db "  dred     red     lred", 10
  8939 0000D18D 202072656420202020-
  8939 0000D196 206C7265640A       
  8940 0000D19C 2020646D6167656E74-         db "  dmagenta magenta lmagenta  purple", 10
  8940 0000D1A5 61206D6167656E7461-
  8940 0000D1AE 206C6D6167656E7461-
  8940 0000D1B7 2020707572706C650A 
  8941 0000D1C0 202062726F776E2020-         db "  brown    orange", 10
  8941 0000D1C9 20206F72616E67650A 
  8942 0000D1D2 202067726179202020-         db "  gray     grey", 10
  8942 0000D1DB 2020677265790A     
  8943 0000D1E2 202064677261792020-         db "  dgray    dgrey", 10
  8943 0000D1EB 202064677265790A   
  8944 0000D1F3 202079656C6C6F770A          db "  yellow", 10
  8945 0000D1FC 202077686974650A            db "  white", 10
  8946 0000D204 202072657365742020-         db "  reset             (back to the default green)", 10
  8946 0000D20D 202020202020202020-
  8946 0000D216 2020286261636B2074-
  8946 0000D21F 6F2074686520646566-
  8946 0000D228 61756C742067726565-
  8946 0000D231 6E290A             
  8947 0000D234 652E672E20636F6C6F-         db "e.g. color cyan | color list | color reset", 10, 0
  8947 0000D23D 72206379616E207C20-
  8947 0000D246 636F6C6F72206C6973-
  8947 0000D24F 74207C20636F6C6F72-
  8947 0000D258 2072657365740A00   
  8948                                  
  8949 0000D260 616C6C00                str_rmv_all: db "all", 0
  8950 0000D264 2D666F72636500          str_force:  db "-force", 0
  8951 0000D26B 2D73696C656E7400        str_silent: db "-silent", 0
  8952 0000D273 2D696E666F00            str_info:   db "-info", 0
  8953 0000D279 2D7465737400            str_test:   db "-test", 0
  8954 0000D27F 00                      empty_str:  db 0
  8955 0000D280 647363616E00            str_dscan:  db "dscan", 0
  8956 0000D286 666D7400                str_format: db "fmt", 0
  8957 0000D28A 6D6F756E7400            str_mount:  db "mount", 0
  8958 0000D290 756E6D6F756E7400        str_unmount: db "unmount", 0
  8959 0000D298 6C6162656C00            str_label:  db "label", 0
  8960 0000D29E 3B00                    str_semicolon: db ";", 0
  8961 0000D2A0 7E00                    str_tilde:     db "~", 0
  8962 0000D2A2 2400                    str_dollar:    db "$", 0
  8963                                  
  8964                                  ; --- Tab-completion tables (see complete_line) ---
  8965                                  completion_cmds:
  8966 0000D2A4 [C1CE000000000000]          dq str_calc
  8967 0000D2AC [C6CE000000000000]          dq str_edit
  8968 0000D2B4 [89CE000000000000]          dq str_cf
  8969 0000D2BC [8CCE000000000000]          dq str_mkf
  8970 0000D2C4 [90CE000000000000]          dq str_mkfl
  8971 0000D2CC [95CE000000000000]          dq str_show
  8972 0000D2D4 [9ACE000000000000]          dq str_ls
  8973 0000D2DC [9FCE000000000000]          dq str_cat
  8974 0000D2E4 [A4CE000000000000]          dq str_pwd
  8975 0000D2EC [ACCE000000000000]          dq str_clear
  8976 0000D2F4 [B1CE000000000000]          dq str_help
  8977 0000D2FC [B6CE000000000000]          dq str_reboot
  8978 0000D304 [BCCE000000000000]          dq str_sync
  8979 0000D30C [CBCE000000000000]          dq str_del
  8980 0000D314 [CFCE000000000000]          dq str_rmv
  8981 0000D31C [D3CE000000000000]          dq str_sdown
  8982 0000D324 [F5CE000000000000]          dq str_rname
  8983 0000D32C [FBCE000000000000]          dq str_cpy
  8984 0000D334 [FFCE000000000000]          dq str_mov
  8985 0000D33C [D9CE000000000000]          dq str_rr
  8986 0000D344 [DCCE000000000000]          dq str_prs
  8987 0000D34C [0ACF000000000000]          dq str_auth
  8988 0000D354 [0FCF000000000000]          dq str_vars
  8989 0000D35C [80D2000000000000]          dq str_dscan
  8990 0000D364 [86D2000000000000]          dq str_format
  8991 0000D36C [8AD2000000000000]          dq str_mount
  8992 0000D374 [90D2000000000000]          dq str_unmount
  8993 0000D37C [98D2000000000000]          dq str_label
  8994 0000D384 [14CF000000000000]          dq str_ali
  8995 0000D38C [18CF000000000000]          dq str_alis
  8996 0000D394 [1DCF000000000000]          dq str_color
  8997 0000D39C [23CF000000000000]          dq str_date
  8998 0000D3A4 [28CF000000000000]          dq str_time
  8999 0000D3AC [2DCF000000000000]          dq str_write
  9000 0000D3B4 [33CF000000000000]          dq str_wig
  9001 0000D3BC [37CF000000000000]          dq str_shelly
  9002 0000D3C4 0000000000000000            dq 0
  9003 0000D3CC 0000<rep 60h>           comp_matches: times 96 dw 0
  9004                                  
  9005 0000D48C 2F0A00                  tag_folder: db "/", 10, 0
  9006 0000D48F 0A00                    tag_file:   db "", 10, 0
  9007                                  
  9008 0000D491 727573683A20756E6B-     msg_unknown1: db "rush: unknown command: ", 0
  9008 0000D49A 6E6F776E20636F6D6D-
  9008 0000D4A3 616E643A2000       
  9009 0000D4A9 202874797065202768-     msg_unknown2: db " (type 'help')", 10, 0
  9009 0000D4B2 656C7027290A00     
  9010 0000D4B9 63663A206E6F207375-     msg_no_folder: db "cf: no such folder: ", 0
  9010 0000D4C2 636820666F6C646572-
  9010 0000D4CB 3A2000             
  9011 0000D4CE 6572726F723A206E6F-     msg_bad_path:  db "error: no such folder in path: ", 0
  9011 0000D4D7 207375636820666F6C-
  9011 0000D4E0 64657220696E207061-
  9011 0000D4E9 74683A2000         
  9012 0000D4EE 766965773A206E6F20-     msg_no_file:   db "view: no such file: ", 0
  9012 0000D4F7 737563682066696C65-
  9012 0000D500 3A2000             
  9013 0000D503 6E6F20737563682066-     msg_no_entry:  db "no such file or folder: ", 0
  9013 0000D50C 696C65206F7220666F-
  9013 0000D515 6C6465723A2000     
  9014 0000D51C 726D763A206E6F2073-     msg_no_var:    db "rmv: no such variable: ", 0
  9014 0000D525 756368207661726961-
  9014 0000D52E 626C653A2000       
  9015 0000D534 6572726F723A206120-     msg_need_name: db "error: a name is required", 10, 0
  9015 0000D53D 6E616D652069732072-
  9015 0000D546 657175697265640A00 
  9016 0000D54F 6572726F723A207468-     msg_exists:    db "error: that name already exists here", 10, 0
  9016 0000D558 6174206E616D652061-
  9016 0000D561 6C7265616479206578-
  9016 0000D56A 697374732068657265-
  9016 0000D573 0A00               
  9017 0000D575 6572726F723A206669-     msg_full:      db "error: filesystem is full", 10, 0
  9017 0000D57E 6C6573797374656D20-
  9017 0000D587 69732066756C6C0A00 
  9018 0000D590 6572726F723A206E61-     msg_name_too_long: db "error: name too long (max 31 characters)", 10, 0
  9018 0000D599 6D6520746F6F206C6F-
  9018 0000D5A2 6E6720286D61782033-
  9018 0000D5AB 312063686172616374-
  9018 0000D5B4 657273290A00       
  9019 0000D5BA 6572726F723A206E61-     msg_copy_failed: db "error: name already exists at destination, or filesystem is full", 10, 0
  9019 0000D5C3 6D6520616C72656164-
  9019 0000D5CC 792065786973747320-
  9019 0000D5D5 61742064657374696E-
  9019 0000D5DE 6174696F6E2C206F72-
  9019 0000D5E7 2066696C6573797374-
  9019 0000D5F0 656D2069732066756C-
  9019 0000D5F9 6C0A00             
  9020 0000D5FC 5368757474696E6720-     msg_shutting_down: db "Shutting down...", 10, 0
  9020 0000D605 646F776E2E2E2E0A00 
  9021 0000D60E 28656D707479290A00      msg_empty:     db "(empty)", 10, 0
  9022 0000D617 46696C657379737465-     msg_synced:     db "Filesystem synced to disk.", 10, 0
  9022 0000D620 6D2073796E63656420-
  9022 0000D629 746F206469736B2E0A-
  9022 0000D632 00                 
  9023 0000D633 4C6F61646564206669-     msg_loaded_fs:  db "Loaded filesystem from disk.", 10, 10, 0
  9023 0000D63C 6C6573797374656D20-
  9023 0000D645 66726F6D206469736B-
  9023 0000D64E 2E0A0A00           
  9024 0000D652 4E6F20736176656420-     msg_fresh_fs:   db "No saved filesystem found - starting fresh.", 10, 10, 0
  9024 0000D65B 66696C657379737465-
  9024 0000D664 6D20666F756E64202D-
  9024 0000D66D 207374617274696E67-
  9024 0000D676 2066726573682E0A0A-
  9024 0000D67F 00                 
  9025 0000D680 4E6F206469736B2064-     msg_no_disk:    db "No disk detected - filesystem will not persist.", 10, 10, 0
  9025 0000D689 65746563746564202D-
  9025 0000D692 2066696C6573797374-
  9025 0000D69B 656D2077696C6C206E-
  9025 0000D6A4 6F7420706572736973-
  9025 0000D6AD 742E0A0A00         
  9026 0000D6B2 6572726F723A207379-     msg_sync_failed: db "error: sync failed - disk not available.", 10, 0
  9026 0000D6BB 6E63206661696C6564-
  9026 0000D6C4 202D206469736B206E-
  9026 0000D6CD 6F7420617661696C61-
  9026 0000D6D6 626C652E0A00       
  9027                                  
  9028                                  ; --- SFFS disk / mount messages ---
  9029 0000D6DC 5363616E6E696E6720-     msg_dscan_header: db "Scanning for SFFS disks...", 10, 0
  9029 0000D6E5 666F72205346465320-
  9029 0000D6EE 6469736B732E2E2E0A-
  9029 0000D6F7 00                 
  9030 0000D6F8 202064657669636520-     msg_dscan_found1: db "  device ", 0
  9030 0000D701 00                 
  9031 0000D702 202800                  msg_dscan_found2: db " (", 0
  9032 0000D705 293A20534646532076-     msg_dscan_found3: db "): SFFS volume '", 0
  9032 0000D70E 6F6C756D65202700   
  9033 0000D716 2700                    msg_dscan_found4: db "'", 0
  9034 0000D718 293A2070726573656E-     msg_dscan_other2: db "): present, not SFFS", 0
  9034 0000D721 742C206E6F74205346-
  9034 0000D72A 465300             
  9035 0000D72D 202D20666D74207461-     msg_dscan_orig:    db " - fmt target: ", 0
  9035 0000D736 726765743A2000     
  9036 0000D73D 4E6F20534646532064-     msg_dscan_none:   db "No SFFS disks found.", 10, 0
  9036 0000D746 69736B7320666F756E-
  9036 0000D74F 642E0A00           
  9037 0000D753 7072696D6172792000      msg_dev_primary:  db "primary ", 0
  9038 0000D75C 7365636F6E64617279-     msg_dev_secondary: db "secondary ", 0
  9038 0000D765 2000               
  9039 0000D767 6D617374657200          msg_dev_master:   db "master", 0
  9040 0000D76E 736C61766500            msg_dev_slave:    db "slave", 0
  9041 0000D774 6168636920706F7274-     msg_dev_ahci:     db "ahci port ", 0
  9041 0000D77D 2000               
  9042 0000D77F 666D743A2075736520-     msg_fmt_usage:    db "fmt: use 'fmt <label>' to format a drive", 10, 0
  9042 0000D788 27666D74203C6C6162-
  9042 0000D791 656C3E2720746F2066-
  9042 0000D79A 6F726D617420612064-
  9042 0000D7A3 726976650A00       
  9043 0000D7A9 666D743A206E6F2075-     msg_fmt_none:     db "fmt: no unformatted drive found (use 'fmt <label> -force' to reuse one)", 10, 0
  9043 0000D7B2 6E666F726D61747465-
  9043 0000D7BB 642064726976652066-
  9043 0000D7C4 6F756E642028757365-
  9043 0000D7CD 2027666D74203C6C61-
  9043 0000D7D6 62656C3E202D666F72-
  9043 0000D7DF 63652720746F207265-
  9043 0000D7E8 757365206F6E65290A-
  9043 0000D7F1 00                 
  9044 0000D7F2 666D743A206C616265-     msg_fmt_long:     db "fmt: label too long (max 31 characters)", 10, 0
  9044 0000D7FB 6C20746F6F206C6F6E-
  9044 0000D804 6720286D6178203331-
  9044 0000D80D 206368617261637465-
  9044 0000D816 7273290A00         
  9045 0000D81B 666D743A206E6F2073-     msg_fmt_no_such:  db "fmt: no such drive: ", 0
  9045 0000D824 756368206472697665-
  9045 0000D82D 3A2000             
  9046 0000D830 666D743A2074686174-     msg_fmt_already:  db "fmt: that drive is already formatted - use -force to reformat it", 10, 0
  9046 0000D839 206472697665206973-
  9046 0000D842 20616C726561647920-
  9046 0000D84B 666F726D6174746564-
  9046 0000D854 202D20757365202D66-
  9046 0000D85D 6F72636520746F2072-
  9046 0000D866 65666F726D61742069-
  9046 0000D86F 740A00             
  9047 0000D872 666D743A2074686174-     msg_fmt_boot_drive: db "fmt: that's the boot drive - use -force to reformat it", 10, 0
  9047 0000D87B 27732074686520626F-
  9047 0000D884 6F7420647269766520-
  9047 0000D88D 2D20757365202D666F-
  9047 0000D896 72636520746F207265-
  9047 0000D89F 666F726D6174206974-
  9047 0000D8A8 0A00               
  9048 0000D8AA 466F726D6174746564-     msg_fmt_ok1:      db "Formatted ", 0
  9048 0000D8B3 2000               
  9049 0000D8B5 206F6E2000              msg_fmt_ok2:      db " on ", 0
  9050 0000D8BA 2E2055736520277379-     msg_fmt_ok3:      db ". Use 'sync' to save, then 'mount <label>'.", 0
  9050 0000D8C3 6E632720746F207361-
  9050 0000D8CC 76652C207468656E20-
  9050 0000D8D5 276D6F756E74203C6C-
  9050 0000D8DE 6162656C3E272E00   
  9051 0000D8E6 666D743A206469736B-     msg_fmt_err:      db "fmt: disk error - failed to write.", 10, 0
  9051 0000D8EF 206572726F72202D20-
  9051 0000D8F8 6661696C656420746F-
  9051 0000D901 2077726974652E0A00 
  9052 0000D90A 6469736B00              str_disk_prefix:  db "disk", 0
  9053 0000D90F 6D6F756E743A207573-     msg_mount_usage:  db "mount: use 'mount <label>' to mount a formatted drive", 10, 0
  9053 0000D918 6520276D6F756E7420-
  9053 0000D921 3C6C6162656C3E2720-
  9053 0000D92A 746F206D6F756E7420-
  9053 0000D933 6120666F726D617474-
  9053 0000D93C 65642064726976650A-
  9053 0000D945 00                 
  9054 0000D946 6D6F756E743A206E6F-     msg_mount_none:   db "mount: no disk labeled '", 0
  9054 0000D94F 206469736B206C6162-
  9054 0000D958 656C6564202700     
  9055 0000D95F 2720666F756E642E20-     msg_mount_none2:  db "' found. Run 'dscan'.", 10, 0
  9055 0000D968 52756E202764736361-
  9055 0000D971 6E272E0A00         
  9056 0000D976 6D6F756E743A20616C-     msg_mount_already: db "mount: already mounted: ", 0
  9056 0000D97F 7265616479206D6F75-
  9056 0000D988 6E7465643A2000     
  9057 0000D98F 6D6F756E743A20746F-     msg_mount_full:   db "mount: too many drives mounted", 10, 0
  9057 0000D998 6F206D616E79206472-
  9057 0000D9A1 69766573206D6F756E-
  9057 0000D9AA 7465640A00         
  9058 0000D9AF 6D6F756E743A206661-     msg_mount_fail:   db "mount: failed to read the drive.", 10, 0
  9058 0000D9B8 696C656420746F2072-
  9058 0000D9C1 656164207468652064-
  9058 0000D9CA 726976652E0A00     
  9059 0000D9D1 4D6F756E7465642000      msg_mount_ok1:    db "Mounted ", 0
  9060 0000D9DA 206174202F00            msg_mount_ok2:    db " at /", 0
  9061 0000D9E0 2F2E20557365202763-     msg_mount_ok3:    db "/. Use 'cf ", 0
  9061 0000D9E9 662000             
  9062 0000D9EC 2720746F20656E7465-     msg_mount_ok4:    db "' to enter it.", 0
  9062 0000D9F5 722069742E00       
  9063 0000D9FB 756E6D6F756E743A20-     msg_unmount_usage:  db "unmount: use 'unmount <label>' to detach a mounted drive", 10, 0
  9063 0000DA04 7573652027756E6D6F-
  9063 0000DA0D 756E74203C6C616265-
  9063 0000DA16 6C3E2720746F206465-
  9063 0000DA1F 746163682061206D6F-
  9063 0000DA28 756E74656420647269-
  9063 0000DA31 76650A00           
  9064 0000DA35 556E6D6F756E746564-     msg_unmount_ok1:    db "Unmounted ", 0
  9064 0000DA3E 2000               
  9065 0000DA40 202D20647269766520-     msg_unmount_ok2:    db " - drive is still on disk; 'dscan' + 'mount' re-attach it.", 0
  9065 0000DA49 6973207374696C6C20-
  9065 0000DA52 6F6E206469736B3B20-
  9065 0000DA5B 27647363616E27202B-
  9065 0000DA64 20276D6F756E742720-
  9065 0000DA6D 72652D617474616368-
  9065 0000DA76 2069742E00         
  9066 0000DA7B 756E6D6F756E743A20-     msg_unmount_none1:  db "unmount: no drive mounted as '", 0
  9066 0000DA84 6E6F20647269766520-
  9066 0000DA8D 6D6F756E7465642061-
  9066 0000DA96 73202700           
  9067 0000DA9A 272E2055736520276D-     msg_unmount_none2:  db "'. Use 'mount' to attach one.", 10, 0
  9067 0000DAA3 6F756E742720746F20-
  9067 0000DAAC 617474616368206F6E-
  9067 0000DAB5 652E0A00           
  9068 0000DAB9 756E6D6F756E743A20-     msg_unmount_busy1:  db "unmount: cannot detach ", 0
  9068 0000DAC2 63616E6E6F74206465-
  9068 0000DACB 746163682000       
  9069 0000DAD1 207768696C6520696E-     msg_unmount_busy2:  db " while inside it - 'cf /home' first", 10, 0
  9069 0000DADA 73696465206974202D-
  9069 0000DAE3 20276366202F686F6D-
  9069 0000DAEC 65272066697273740A-
  9069 0000DAF5 00                 
  9070 0000DAF6 6C6162656C3A207573-     msg_label_usage:  db "label: use 'label <old> <new>' to rename a drive", 10, 0
  9070 0000DAFF 6520276C6162656C20-
  9070 0000DB08 3C6F6C643E203C6E65-
  9070 0000DB11 773E2720746F207265-
  9070 0000DB1A 6E616D652061206472-
  9070 0000DB23 6976650A00         
  9071 0000DB28 6C6162656C3A206E65-     msg_label_long:   db "label: new label too long (max 31 characters)", 10, 0
  9071 0000DB31 77206C6162656C2074-
  9071 0000DB3A 6F6F206C6F6E672028-
  9071 0000DB43 6D6178203331206368-
  9071 0000DB4C 617261637465727329-
  9071 0000DB55 0A00               
  9072 0000DB57 6C6162656C3A206E6F-     msg_label_none1:  db "label: no drive labeled '", 0
  9072 0000DB60 206472697665206C61-
  9072 0000DB69 62656C6564202700   
  9073 0000DB71 2720666F756E642E20-     msg_label_none2:  db "' found. Run 'dscan'.", 10, 0
  9073 0000DB7A 52756E202764736361-
  9073 0000DB83 6E272E0A00         
  9074 0000DB88 6C6162656C3A202700      msg_label_inuse1: db "label: '", 0
  9075 0000DB91 2720697320616C7265-     msg_label_inuse2: db "' is already used by another drive.", 10, 0
  9075 0000DB9A 616479207573656420-
  9075 0000DBA3 627920616E6F746865-
  9075 0000DBAC 722064726976652E0A-
  9075 0000DBB5 00                 
  9076 0000DBB6 6C6162656C3A206469-     msg_label_iofail: db "label: disk error - failed to write.", 10, 0
  9076 0000DBBF 736B206572726F7220-
  9076 0000DBC8 2D206661696C656420-
  9076 0000DBD1 746F2077726974652E-
  9076 0000DBDA 0A00               
  9077 0000DBDC 52656C6162656C6564-     msg_label_ok1:    db "Relabeled '", 0
  9077 0000DBE5 202700             
  9078 0000DBE8 2720746F202700          msg_label_ok2:    db "' to '", 0
  9079 0000DBEF 272E0A00                msg_label_ok3:    db "'.", 10, 0
  9080 0000DBF3 6572726F723A20696E-     msg_bad_value:   db "error: invalid value", 10, 0
  9080 0000DBFC 76616C69642076616C-
  9080 0000DC05 75650A00           
  9081 0000DC09 63616C633A20696E76-     msg_calc_err:      db "calc: invalid expression", 10, 0
  9081 0000DC12 616C69642065787072-
  9081 0000DC1B 657373696F6E0A00   
  9082 0000DC23 63616C633A206E6565-     msg_calc_need_expr: db "calc: need an expression, e.g. calc 1 + 2 * 3", 10, 0
  9082 0000DC2C 6420616E2065787072-
  9082 0000DC35 657373696F6E2C2065-
  9082 0000DC3E 2E672E2063616C6320-
  9082 0000DC47 31202B2032202A2033-
  9082 0000DC50 0A00               
  9083 0000DC52 77726974653A207573-     msg_write_usage: db "write: use 'write <file> <content>' - e.g. show hi ~ write file.txt", 10, 0
  9083 0000DC5B 652027777269746520-
  9083 0000DC64 3C66696C653E203C63-
  9083 0000DC6D 6F6E74656E743E2720-
  9083 0000DC76 2D20652E672E207368-
  9083 0000DC7F 6F77206869207E2077-
  9083 0000DC88 726974652066696C65-
  9083 0000DC91 2E7478740A00       
  9084 0000DC97 7769673A2075736520-     msg_wig_usage:   db "wig: use 'wig time' for the live clock widget (Esc to exit)", 10, 0
  9084 0000DCA0 277769672074696D65-
  9084 0000DCA9 2720666F7220746865-
  9084 0000DCB2 206C69766520636C6F-
  9084 0000DCBB 636B20776964676574-
  9084 0000DCC4 202845736320746F20-
  9084 0000DCCD 65786974290A00     
  9085 0000DCD4 2D2D2065646974696E-     msg_edit_header1: db "-- editing ", 0
  9085 0000DCDD 672000             
  9086 0000DCE0 202028455343207768-     msg_edit_header2: db "  (ESC when done, then y/n to save) --", 10, 10, 0
  9086 0000DCE9 656E20646F6E652C20-
  9086 0000DCF2 7468656E20792F6E20-
  9086 0000DCFB 746F20736176652920-
  9086 0000DD04 2D2D0A0A00         
  9087 0000DD09 0A5361766520636861-     msg_save_prompt:  db 10, "Save changes? (y/n): ", 0
  9087 0000DD12 6E6765733F2028792F-
  9087 0000DD1B 6E293A2000         
  9088 0000DD20 0A53617665642E0A00      msg_saved:        db 10, "Saved.", 10, 0
  9089 0000DD29 0A4469736361726465-     msg_discarded:    db 10, "Discarded.", 10, 0
  9089 0000DD32 642E0A00           
  9090                                  
  9091                                  ; --- rush script / process messages ---
  9092 0000DD36 72756E727573682000      msg_rr_running:   db "runrush ", 0
  9093 0000DD3F 20287069642000          msg_rr_pid1:      db " (pid ", 0
  9094 0000DD46 290A00                  msg_rr_pid2:      db ")", 10, 0
  9095 0000DD49 50726F63657373206B-     msg_rr_killed:    db "Process killed.", 10, 0
  9095 0000DD52 696C6C65642E0A00   
  9096 0000DD5A 53637269707420646F-     msg_rr_done:      db "Script done.", 10, 0
  9096 0000DD63 6E652E0A00         
  9097 0000DD68 72723A206E6F207375-     msg_rr_nofile:    db "rr: no such file: ", 0
  9097 0000DD71 63682066696C653A20-
  9097 0000DD7A 00                 
  9098 0000DD7B 72723A20746F6F206D-     msg_rr_toomany:   db "rr: too many processes running", 10, 0
  9098 0000DD84 616E792070726F6365-
  9098 0000DD8D 737365732072756E6E-
  9098 0000DD96 696E670A00         
  9099 0000DD9B 7072733A206E6F2072-     msg_prs_none:     db "prs: no running processes", 10, 0
  9099 0000DDA4 756E6E696E67207072-
  9099 0000DDAD 6F6365737365730A00 
  9100 0000DDB6 4B696C6C6564207072-     msg_prs_killed:   db "Killed process ", 0
  9100 0000DDBF 6F636573732000     
  9101 0000DDC6 7072733A206E6F2073-     msg_prs_noid:     db "prs: no such process", 10, 0
  9101 0000DDCF 7563682070726F6365-
  9101 0000DDD8 73730A00           
  9102 0000DDDC 50494420204E616D65-     msg_prs_header:   db "PID  Name", 10, 0
  9102 0000DDE5 0A00               
  9103 0000DDE7 20202000                prs_spaces:      db "   ", 0
  9104                                  
  9105                                  ; --- auth / vars / flags messages ---
  9106 0000DDEB 6572726F723A207468-     msg_auth_required: db "error: this command requires authentication. Use 'auth <command>' first.", 10, 0
  9106 0000DDF4 697320636F6D6D616E-
  9106 0000DDFD 642072657175697265-
  9106 0000DE06 732061757468656E74-
  9106 0000DE0F 69636174696F6E2E20-
  9106 0000DE18 557365202761757468-
  9106 0000DE21 203C636F6D6D616E64-
  9106 0000DE2A 3E272066697273742E-
  9106 0000DE33 0A00               
  9107 0000DE35 41757468656E746963-     msg_auth_granted:  db "Authentication granted.", 10, 0
  9107 0000DE3E 6174696F6E20677261-
  9107 0000DE47 6E7465642E0A00     
  9108 0000DE4E 5661726961626C6573-     msg_vars_header:   db "Variables:", 10, 0
  9108 0000DE57 3A0A00             
  9109 0000DE5A 203D2000                msg_vars_sep:     db " = ", 0
  9110 0000DE5E 416C6C207661726961-     msg_vars_cleared:  db "All variables cleared.", 10, 0
  9110 0000DE67 626C657320636C6561-
  9110 0000DE70 7265642E0A00       
  9111 0000DE76 6572726F723A207573-     msg_alias_usage:   db "error: usage: ali <name> <commands>", 10, 0
  9111 0000DE7F 6167653A20616C6920-
  9111 0000DE88 3C6E616D653E203C63-
  9111 0000DE91 6F6D6D616E64733E0A-
  9111 0000DE9A 00                 
  9112 0000DE9B 6572726F723A20616C-     msg_alias_full:    db "error: alias table is full", 10, 0
  9112 0000DEA4 696173207461626C65-
  9112 0000DEAD 2069732066756C6C0A-
  9112 0000DEB6 00                 
  9113 0000DEB7 6572726F723A20616C-     msg_alias_too_deep: db "error: alias recursion too deep", 10, 0
  9113 0000DEC0 696173207265637572-
  9113 0000DEC9 73696F6E20746F6F20-
  9113 0000DED2 646565700A00       
  9114 0000DED8 616C69733A206E6F20-     msg_no_alias:      db "alis: no such alias: ", 0
  9114 0000DEE1 7375636820616C6961-
  9114 0000DEEA 733A2000           
  9115 0000DEEE 416C69617365733A0A-     msg_alis_header:   db "Aliases:", 10, 0
  9115 0000DEF7 00                 
  9116 0000DEF8 3A2000                  msg_alis_sep:      db ": ", 0
  9117 0000DEFB 416C6C20616C696173-     msg_aliases_cleared: db "All aliases cleared.", 10, 0
  9117 0000DF04 657320636C65617265-
  9117 0000DF0D 642E0A00           
  9118 0000DF11 6D6B666C3A206F7665-     msg_mkfl_overwrite: db "mkfl: overwriting existing file ", 0
  9118 0000DF1A 7277726974696E6720-
  9118 0000DF23 6578697374696E6720-
  9118 0000DF2C 66696C652000       
  9119 0000DF32 6D6B666C3A20637265-     msg_mkfl_info:     db "mkfl: creating '", 0
  9119 0000DF3B 6174696E67202700   
  9120 0000DF43 27202800                msg_mkfl_info2:    db "' (", 0
  9121 0000DF47 206279746573290A00      msg_mkfl_info3:    db " bytes)", 10, 0
  9122 0000DF50 6D6B666C3A205B7465-     msg_mkfl_test_create:    db "mkfl: [test] would create '", 0
  9122 0000DF59 73745D20776F756C64-
  9122 0000DF62 206372656174652027-
  9122 0000DF6B 00                 
  9123 0000DF6C 6D6B666C3A205B7465-     msg_mkfl_test_overwrite: db "mkfl: [test] would overwrite '", 0
  9123 0000DF75 73745D20776F756C64-
  9123 0000DF7E 206F76657277726974-
  9123 0000DF87 65202700           
  9124 0000DF8B 20627974657329202D-     msg_mkfl_test_suffix:    db " bytes) - test mode, no changes made", 10, 0
  9124 0000DF94 2074657374206D6F64-
  9124 0000DF9D 652C206E6F20636861-
  9124 0000DFA6 6E676573206D616465-
  9124 0000DFAF 0A00               
  9125 0000DFB1 6D6B666C3A205B7465-     msg_mkfl_test_blocked1:  db "mkfl: [test] '", 0
  9125 0000DFBA 73745D202700       
  9126 0000DFC0 2720616C7265616479-     msg_mkfl_test_blocked2:  db "' already exists - would fail (use -force to overwrite)", 10, 0
  9126 0000DFC9 20657869737473202D-
  9126 0000DFD2 20776F756C64206661-
  9126 0000DFDB 696C2028757365202D-
  9126 0000DFE4 666F72636520746F20-
  9126 0000DFED 6F7665727772697465-
  9126 0000DFF6 290A00             
  9127                                  
  9128                                  help_text:
  9129 0000DFF9 436F6D6D616E647320-         db "Commands (name args accept paths: docs/notes.txt, ../x, /home/x):", 10
  9129 0000E002 286E616D6520617267-
  9129 0000E00B 732061636365707420-
  9129 0000E014 70617468733A20646F-
  9129 0000E01D 63732F6E6F7465732E-
  9129 0000E026 7478742C202E2E2F78-
  9129 0000E02F 2C202F686F6D652F78-
  9129 0000E038 293A0A             
  9130 0000E03B 20206366203C706174-         db "  cf <path>          change folder ('cf ..' up, 'cf /home' root)", 10
  9130 0000E044 683E20202020202020-
  9130 0000E04D 2020206368616E6765-
  9130 0000E056 20666F6C6465722028-
  9130 0000E05F 276366202E2E272075-
  9130 0000E068 702C20276366202F68-
  9130 0000E071 6F6D652720726F6F74-
  9130 0000E07A 290A               
  9131 0000E07C 20206D6B66203C7061-         db "  mkf <path>         make a folder", 10
  9131 0000E085 74683E202020202020-
  9131 0000E08E 2020206D616B652061-
  9131 0000E097 20666F6C6465720A   
  9132 0000E09F 20206D6B666C203C70-         db '  mkfl <path> "txt"  make a file with text content', 10
  9132 0000E0A8 6174683E2022747874-
  9132 0000E0B1 2220206D616B652061-
  9132 0000E0BA 2066696C6520776974-
  9132 0000E0C3 68207465787420636F-
  9132 0000E0CC 6E74656E740A       
  9133 0000E0D2 202073686F77202274-         db '  show "text"        print a message (or a variable to show its value)', 10
  9133 0000E0DB 657874222020202020-
  9133 0000E0E4 2020207072696E7420-
  9133 0000E0ED 61206D657373616765-
  9133 0000E0F6 20286F722061207661-
  9133 0000E0FF 726961626C6520746F-
  9133 0000E108 2073686F7720697473-
  9133 0000E111 2076616C7565290A   
  9134 0000E119 20206C697374202020-         db "  list               list contents of current folder", 10
  9134 0000E122 202020202020202020-
  9134 0000E12B 2020206C6973742063-
  9134 0000E134 6F6E74656E7473206F-
  9134 0000E13D 662063757272656E74-
  9134 0000E146 20666F6C6465720A   
  9135 0000E14E 202076696577203C70-         db "  view <path>        print a file's content", 10
  9135 0000E157 6174683E2020202020-
  9135 0000E160 2020207072696E7420-
  9135 0000E169 612066696C65277320-
  9135 0000E172 636F6E74656E740A   
  9136 0000E17A 202065646974203C6E-         db "  edit <name>        open the built-in editor for a file", 10
  9136 0000E183 616D653E2020202020-
  9136 0000E18C 2020206F70656E2074-
  9136 0000E195 6865206275696C742D-
  9136 0000E19E 696E20656469746F72-
  9136 0000E1A7 20666F722061206669-
  9136 0000E1B0 6C650A             
  9137 0000E1B3 202064656C203C7061-         db "  del <path>         delete a file (requires auth)", 10
  9137 0000E1BC 74683E202020202020-
  9137 0000E1C5 20202064656C657465-
  9137 0000E1CE 20612066696C652028-
  9137 0000E1D7 726571756972657320-
  9137 0000E1E0 61757468290A       
  9138 0000E1E6 2020726E616D65203C-         db "  rname <path> <new> rename a file or folder (new name stays in same folder)", 10
  9138 0000E1EF 706174683E203C6E65-
  9138 0000E1F8 773E2072656E616D65-
  9138 0000E201 20612066696C65206F-
  9138 0000E20A 7220666F6C64657220-
  9138 0000E213 286E6577206E616D65-
  9138 0000E21C 20737461797320696E-
  9138 0000E225 2073616D6520666F6C-
  9138 0000E22E 646572290A         
  9139 0000E233 2020637079203C7372-         db "  cpy <src> <dest>   copy a file or folder (both can be paths)", 10
  9139 0000E23C 633E203C646573743E-
  9139 0000E245 202020636F70792061-
  9139 0000E24E 2066696C65206F7220-
  9139 0000E257 666F6C646572202862-
  9139 0000E260 6F74682063616E2062-
  9139 0000E269 65207061746873290A 
  9140 0000E272 20206D6F76203C7372-         db "  mov <src> <dest>   move/rename a file or folder (both can be paths)", 10
  9140 0000E27B 633E203C646573743E-
  9140 0000E284 2020206D6F76652F72-
  9140 0000E28D 656E616D6520612066-
  9140 0000E296 696C65206F7220666F-
  9140 0000E29F 6C6465722028626F74-
  9140 0000E2A8 682063616E20626520-
  9140 0000E2B1 7061746873290A     
  9141 0000E2B8 20207272203C736372-         db "  rr <script.rsh>    run a rush script file ($ = comment line)", 10
  9141 0000E2C1 6970742E7273683E20-
  9141 0000E2CA 20202072756E206120-
  9141 0000E2D3 727573682073637269-
  9141 0000E2DC 70742066696C652028-
  9141 0000E2E5 24203D20636F6D6D65-
  9141 0000E2EE 6E74206C696E65290A 
  9142 0000E2F7 2020707273205B6B69-         db "  prs [kill <id>]    list processes, or kill by PID/rushrun", 10
  9142 0000E300 6C6C203C69643E5D20-
  9142 0000E309 2020206C6973742070-
  9142 0000E312 726F6365737365732C-
  9142 0000E31B 206F72206B696C6C20-
  9142 0000E324 6279205049442F7275-
  9142 0000E32D 736872756E0A       
  9143 0000E333 202076617273202020-         db "  vars               list all variables", 10
  9143 0000E33C 202020202020202020-
  9143 0000E345 2020206C6973742061-
  9143 0000E34E 6C6C20766172696162-
  9143 0000E357 6C65730A           
  9144 0000E35B 20207661727320726D-         db "  vars rmv all       clear all variables (requires auth)", 10
  9144 0000E364 7620616C6C20202020-
  9144 0000E36D 202020636C65617220-
  9144 0000E376 616C6C207661726961-
  9144 0000E37F 626C65732028726571-
  9144 0000E388 756972657320617574-
  9144 0000E391 68290A             
  9145 0000E394 2020616C69203C6E61-         db "  ali <name> <cmds>  create an alias, e.g. ali gs list ~ show", 10
  9145 0000E39D 6D653E203C636D6473-
  9145 0000E3A6 3E2020637265617465-
  9145 0000E3AF 20616E20616C696173-
  9145 0000E3B8 2C20652E672E20616C-
  9145 0000E3C1 69206773206C697374-
  9145 0000E3CA 207E2073686F770A   
  9146 0000E3D2 2020616C6973202020-         db "  alis               list all aliases", 10
  9146 0000E3DB 202020202020202020-
  9146 0000E3E4 2020206C6973742061-
  9146 0000E3ED 6C6C20616C69617365-
  9146 0000E3F6 730A               
  9147 0000E3F8 2020726D7620616C69-         db "  rmv ali <name>     remove one alias", 10
  9147 0000E401 203C6E616D653E2020-
  9147 0000E40A 20202072656D6F7665-
  9147 0000E413 206F6E6520616C6961-
  9147 0000E41C 730A               
  9148 0000E41E 202061757468203C63-         db "  auth <cmd> [args]  elevate privileges for one dangerous command", 10
  9148 0000E427 6D643E205B61726773-
  9148 0000E430 5D2020656C65766174-
  9148 0000E439 652070726976696C65-
  9148 0000E442 67657320666F72206F-
  9148 0000E44B 6E652064616E676572-
  9148 0000E454 6F757320636F6D6D61-
  9148 0000E45D 6E640A             
  9149 0000E460 20206D6B666C202D66-         db "  mkfl -force        overwrite existing file (use -silent to suppress warning)", 10
  9149 0000E469 6F7263652020202020-
  9149 0000E472 2020206F7665727772-
  9149 0000E47B 697465206578697374-
  9149 0000E484 696E672066696C6520-
  9149 0000E48D 28757365202D73696C-
  9149 0000E496 656E7420746F207375-
  9149 0000E49F 707072657373207761-
  9149 0000E4A8 726E696E67290A     
  9150 0000E4AF 20206D6B666C202D69-         db "  mkfl -info         verbose output (filename + content length)", 10
  9150 0000E4B8 6E666F202020202020-
  9150 0000E4C1 202020766572626F73-
  9150 0000E4CA 65206F757470757420-
  9150 0000E4D3 2866696C656E616D65-
  9150 0000E4DC 202B20636F6E74656E-
  9150 0000E4E5 74206C656E67746829-
  9150 0000E4EE 0A                 
  9151 0000E4EF 20206D6B666C202D74-         db "  mkfl -test         dry run - report what would happen, no changes made", 10
  9151 0000E4F8 657374202020202020-
  9151 0000E501 202020647279207275-
  9151 0000E50A 6E202D207265706F72-
  9151 0000E513 74207768617420776F-
  9151 0000E51C 756C64206861707065-
  9151 0000E525 6E2C206E6F20636861-
  9151 0000E52E 6E676573206D616465-
  9151 0000E537 0A                 
  9152 0000E538 20203C6E616D653E20-         db "  <name> = <value>   set a variable, e.g. a = 1", 10
  9152 0000E541 3D203C76616C75653E-
  9152 0000E54A 202020736574206120-
  9152 0000E553 7661726961626C652C-
  9152 0000E55C 20652E672E2061203D-
  9152 0000E565 20310A             
  9153 0000E568 2020726D76203C6E61-         db "  rmv <name>         remove a variable", 10
  9153 0000E571 6D653E202020202020-
  9153 0000E57A 20202072656D6F7665-
  9153 0000E583 206120766172696162-
  9153 0000E58C 6C650A             
  9154 0000E58F 2020726D7620616C69-         db "  rmv ali all        clear all aliases (requires auth)", 10
  9154 0000E598 20616C6C2020202020-
  9154 0000E5A1 202020636C65617220-
  9154 0000E5AA 616C6C20616C696173-
  9154 0000E5B3 657320287265717569-
  9154 0000E5BC 726573206175746829-
  9154 0000E5C5 0A                 
  9155 0000E5C6 202063616C63203C65-         db "  calc <expr>        evaluate math, e.g. calc 1 + 2 * 3", 10
  9155 0000E5CF 7870723E2020202020-
  9155 0000E5D8 2020206576616C7561-
  9155 0000E5E1 7465206D6174682C20-
  9155 0000E5EA 652E672E2063616C63-
  9155 0000E5F3 2031202B2032202A20-
  9155 0000E5FC 330A               
  9156 0000E5FE 202063757272656E74-         db "  current            print current path", 10
  9156 0000E607 202020202020202020-
  9156 0000E610 2020207072696E7420-
  9156 0000E619 63757272656E742070-
  9156 0000E622 6174680A           
  9157 0000E626 202064617465202020-         db "  date               print the current date", 10
  9157 0000E62F 202020202020202020-
  9157 0000E638 2020207072696E7420-
  9157 0000E641 746865206375727265-
  9157 0000E64A 6E7420646174650A   
  9158 0000E652 202074696D65202020-         db "  time               print the current time", 10
  9158 0000E65B 202020202020202020-
  9158 0000E664 2020207072696E7420-
  9158 0000E66D 746865206375727265-
  9158 0000E676 6E742074696D650A   
  9159 0000E67E 20207769672074696D-         db "  wig time           live clock widget in the top-right corner (Esc to exit)", 10
  9159 0000E687 652020202020202020-
  9159 0000E690 2020206C6976652063-
  9159 0000E699 6C6F636B2077696467-
  9159 0000E6A2 657420696E20746865-
  9159 0000E6AB 20746F702D72696768-
  9159 0000E6B4 7420636F726E657220-
  9159 0000E6BD 2845736320746F2065-
  9159 0000E6C6 786974290A         
  9160 0000E6CB 20207368656C6C7920-         db "  shelly             splash banner - ShellyForever OS credits", 10
  9160 0000E6D4 202020202020202020-
  9160 0000E6DD 20202073706C617368-
  9160 0000E6E6 2062616E6E6572202D-
  9160 0000E6EF 205368656C6C79466F-
  9160 0000E6F8 7265766572204F5320-
  9160 0000E701 637265646974730A   
  9161 0000E709 20207772697465203C-         db "  write <path>       write text to a file, e.g. show hi ~ write file.txt", 10
  9161 0000E712 706174683E20202020-
  9161 0000E71B 202020777269746520-
  9161 0000E724 7465787420746F2061-
  9161 0000E72D 2066696C652C20652E-
  9161 0000E736 672E2073686F772068-
  9161 0000E73F 69207E207772697465-
  9161 0000E748 2066696C652E747874-
  9161 0000E751 0A                 
  9162 0000E752 202077697065202020-         db "  wipe               clear the screen", 10
  9162 0000E75B 202020202020202020-
  9162 0000E764 202020636C65617220-
  9162 0000E76D 746865207363726565-
  9162 0000E776 6E0A               
  9163 0000E778 202073796E63202020-         db "  sync               save the filesystem (and mounted drives) to disk", 10
  9163 0000E781 202020202020202020-
  9163 0000E78A 202020736176652074-
  9163 0000E793 68652066696C657379-
  9163 0000E79C 7374656D2028616E64-
  9163 0000E7A5 206D6F756E74656420-
  9163 0000E7AE 647269766573292074-
  9163 0000E7B7 6F206469736B0A     
  9164 0000E7BE 2020666D74203C6C61-         db "  fmt <label>        format a drive with the SFFS format (-force reuses one)", 10
  9164 0000E7C7 62656C3E2020202020-
  9164 0000E7D0 202020666F726D6174-
  9164 0000E7D9 206120647269766520-
  9164 0000E7E2 776974682074686520-
  9164 0000E7EB 5346465320666F726D-
  9164 0000E7F4 617420282D666F7263-
  9164 0000E7FD 652072657573657320-
  9164 0000E806 6F6E65290A         
  9165 0000E80B 2020666D74203C7461-         db "  fmt <target> <lbl> format a SPECIFIC drive (see dscan's 'fmt target:')", 10
  9165 0000E814 726765743E203C6C62-
  9165 0000E81D 6C3E20666F726D6174-
  9165 0000E826 206120535045434946-
  9165 0000E82F 494320647269766520-
  9165 0000E838 287365652064736361-
  9165 0000E841 6E27732027666D7420-
  9165 0000E84A 7461726765743A2729-
  9165 0000E853 0A                 
  9166 0000E854 2020647363616E2020-         db "  dscan              scan for SFFS drives attached to the ATA bus", 10
  9166 0000E85D 202020202020202020-
  9166 0000E866 2020207363616E2066-
  9166 0000E86F 6F7220534646532064-
  9166 0000E878 726976657320617474-
  9166 0000E881 616368656420746F20-
  9166 0000E88A 746865204154412062-
  9166 0000E893 75730A             
  9167 0000E896 20206D6F756E74203C-         db "  mount <label>      mount a formatted drive at /<label>/", 10
  9167 0000E89F 6C6162656C3E202020-
  9167 0000E8A8 2020206D6F756E7420-
  9167 0000E8B1 6120666F726D617474-
  9167 0000E8BA 656420647269766520-
  9167 0000E8C3 6174202F3C6C616265-
  9167 0000E8CC 6C3E2F0A           
  9168 0000E8D0 2020756E6D6F756E74-         db "  unmount <label>    detach a mounted drive (data stays on disk)", 10
  9168 0000E8D9 203C6C6162656C3E20-
  9168 0000E8E2 202020646574616368-
  9168 0000E8EB 2061206D6F756E7465-
  9168 0000E8F4 642064726976652028-
  9168 0000E8FD 646174612073746179-
  9168 0000E906 73206F6E206469736B-
  9168 0000E90F 290A               
  9169 0000E911 20206C6162656C203C-         db "  label <old> <new>  rename a formatted drive without touching its data", 10
  9169 0000E91A 6F6C643E203C6E6577-
  9169 0000E923 3E202072656E616D65-
  9169 0000E92C 206120666F726D6174-
  9169 0000E935 746564206472697665-
  9169 0000E93E 20776974686F757420-
  9169 0000E947 746F756368696E6720-
  9169 0000E950 69747320646174610A 
  9170 0000E959 202072626F6F742020-         db "  rboot              save to disk, then restart (requires auth)", 10
  9170 0000E962 202020202020202020-
  9170 0000E96B 202020736176652074-
  9170 0000E974 6F206469736B2C2074-
  9170 0000E97D 68656E207265737461-
  9170 0000E986 727420287265717569-
  9170 0000E98F 726573206175746829-
  9170 0000E998 0A                 
  9171 0000E999 202073646F776E2020-         db "  sdown              shut down (requires auth)", 10
  9171 0000E9A2 202020202020202020-
  9171 0000E9AB 202020736875742064-
  9171 0000E9B4 6F776E202872657175-
  9171 0000E9BD 697265732061757468-
  9171 0000E9C6 290A               
  9172 0000E9C8 20203B202020202020-         db "  ;                  chain commands, e.g. show hi ; show bye", 10
  9172 0000E9D1 202020202020202020-
  9172 0000E9DA 202020636861696E20-
  9172 0000E9E3 636F6D6D616E64732C-
  9172 0000E9EC 20652E672E2073686F-
  9172 0000E9F5 77206869203B207368-
  9172 0000E9FE 6F77206279650A     
  9173 0000EA05 20207E202020202020-         db "  ~                  pipe output, e.g. calc 1+2*3 ~ = a ; show a", 10
  9173 0000EA0E 202020202020202020-
  9173 0000EA17 20202070697065206F-
  9173 0000EA20 75747075742C20652E-
  9173 0000EA29 672E2063616C632031-
  9173 0000EA32 2B322A33207E203D20-
  9173 0000EA3B 61203B2073686F7720-
  9173 0000EA44 610A               
  9174 0000EA46 202024202020202020-         db "  $                  comment line (lines starting with $ are skipped)", 10
  9174 0000EA4F 202020202020202020-
  9174 0000EA58 202020636F6D6D656E-
  9174 0000EA61 74206C696E6520286C-
  9174 0000EA6A 696E65732073746172-
  9174 0000EA73 74696E672077697468-
  9174 0000EA7C 20242061726520736B-
  9174 0000EA85 6970706564290A     
  9175 0000EA8C 202068656C70203C63-         db "  help <command>     show detailed help for one command", 10, 10, 0
  9175 0000EA95 6F6D6D616E643E2020-
  9175 0000EA9E 20202073686F772064-
  9175 0000EAA7 657461696C65642068-
  9175 0000EAB0 656C7020666F72206F-
  9175 0000EAB9 6E6520636F6D6D616E-
  9175 0000EAC2 640A0A00           
  9176                                  
  9177                                  ; --- per-command detail text for "help <command>" (see help_lookup) ---
  9178 0000EAC6 68656C703A20756E6B-     msg_help_unknown1: db "help: unknown command '", 0
  9178 0000EACF 6E6F776E20636F6D6D-
  9178 0000EAD8 616E64202700       
  9179 0000EADE 270A00                  msg_help_unknown2: db "'", 10, 0
  9180                                  
  9181                                  help_cf:
  9182 0000EAE1 6366203C706174683E-         db "cf <path>", 10
  9182 0000EAEA 0A                 
  9183 0000EAEB 20204368616E676520-         db "  Change the current folder.", 10
  9183 0000EAF4 746865206375727265-
  9183 0000EAFD 6E7420666F6C646572-
  9183 0000EB06 2E0A               
  9184 0000EB08 2020652E672E206366-         db "  e.g. cf docs        (descend into 'docs' here)", 10
  9184 0000EB11 20646F637320202020-
  9184 0000EB1A 202020202864657363-
  9184 0000EB23 656E6420696E746F20-
  9184 0000EB2C 27646F637327206865-
  9184 0000EB35 7265290A           
  9185 0000EB39 202020202020206366-         db "       cf ..          (go up one level)", 10
  9185 0000EB42 202E2E202020202020-
  9185 0000EB4B 2020202028676F2075-
  9185 0000EB54 70206F6E65206C6576-
  9185 0000EB5D 656C290A           
  9186 0000EB61 202020202020206366-         db "       cf /home       (jump to the root)", 10, 0
  9186 0000EB6A 202F686F6D65202020-
  9186 0000EB73 20202020286A756D70-
  9186 0000EB7C 20746F207468652072-
  9186 0000EB85 6F6F74290A00       
  9187                                  
  9188                                  help_mkf:
  9189 0000EB8B 6D6B66203C70617468-         db "mkf <path>", 10
  9189 0000EB94 3E0A               
  9190 0000EB96 20204D616B65206120-         db "  Make a new folder in the current directory (or at a path).", 10
  9190 0000EB9F 6E657720666F6C6465-
  9190 0000EBA8 7220696E2074686520-
  9190 0000EBB1 63757272656E742064-
  9190 0000EBBA 69726563746F727920-
  9190 0000EBC3 286F72206174206120-
  9190 0000EBCC 70617468292E0A     
  9191 0000EBD3 2020652E672E206D6B-         db "  e.g. mkf docs", 10, 0
  9191 0000EBDC 6620646F63730A00   
  9192                                  
  9193                                  help_mkfl:
  9194 0000EBE4 6D6B666C203C706174-         db 'mkfl <path> "text" [-force] [-silent] [-info] [-test]', 10
  9194 0000EBED 683E20227465787422-
  9194 0000EBF6 205B2D666F7263655D-
  9194 0000EBFF 205B2D73696C656E74-
  9194 0000EC08 5D205B2D696E666F5D-
  9194 0000EC11 205B2D746573745D0A 
  9195 0000EC1A 20204D616B65206120-         db "  Make a file here with the given text content.", 10
  9195 0000EC23 66696C652068657265-
  9195 0000EC2C 207769746820746865-
  9195 0000EC35 20676976656E207465-
  9195 0000EC3E 787420636F6E74656E-
  9195 0000EC47 742E0A             
  9196 0000EC4A 20202D666F72636520-         db "  -force overwrites an existing file (prints a warning).", 10
  9196 0000EC53 6F7665727772697465-
  9196 0000EC5C 7320616E2065786973-
  9196 0000EC65 74696E672066696C65-
  9196 0000EC6E 20287072696E747320-
  9196 0000EC77 61207761726E696E67-
  9196 0000EC80 292E0A             
  9197 0000EC83 20202D73696C656E74-         db "  -silent suppresses that overwrite warning.", 10
  9197 0000EC8C 207375707072657373-
  9197 0000EC95 65732074686174206F-
  9197 0000EC9E 766572777269746520-
  9197 0000ECA7 7761726E696E672E0A 
  9198 0000ECB0 20202D696E666F2070-         db "  -info prints the filename and content length.", 10
  9198 0000ECB9 72696E747320746865-
  9198 0000ECC2 2066696C656E616D65-
  9198 0000ECCB 20616E6420636F6E74-
  9198 0000ECD4 656E74206C656E6774-
  9198 0000ECDD 682E0A             
  9199 0000ECE0 20202D746573742064-         db "  -test dry run: reports what would happen, makes no changes.", 10
  9199 0000ECE9 72792072756E3A2072-
  9199 0000ECF2 65706F727473207768-
  9199 0000ECFB 617420776F756C6420-
  9199 0000ED04 68617070656E2C206D-
  9199 0000ED0D 616B6573206E6F2063-
  9199 0000ED16 68616E6765732E0A   
  9200 0000ED1E 2020652E672E206D6B-         db '  e.g. mkfl hi.txt "hello" -force -silent', 10
  9200 0000ED27 666C2068692E747874-
  9200 0000ED30 202268656C6C6F2220-
  9200 0000ED39 2D666F726365202D73-
  9200 0000ED42 696C656E740A       
  9201 0000ED48 202020202020206D6B-         db '       mkfl hi.txt -test', 10, 0
  9201 0000ED51 666C2068692E747874-
  9201 0000ED5A 202D746573740A00   
  9202                                  
  9203                                  help_show:
  9204 0000ED62 73686F772022746578-         db 'show "text" | show <name>', 10
  9204 0000ED6B 7422207C2073686F77-
  9204 0000ED74 203C6E616D653E0A   
  9205 0000ED7C 20205072696E742061-         db "  Print a literal message, or print a variable's current value.", 10
  9205 0000ED85 206C69746572616C20-
  9205 0000ED8E 6D6573736167652C20-
  9205 0000ED97 6F72207072696E7420-
  9205 0000EDA0 61207661726961626C-
  9205 0000EDA9 652773206375727265-
  9205 0000EDB2 6E742076616C75652E-
  9205 0000EDBB 0A                 
  9206 0000EDBC 2020652E672E207368-         db '  e.g. show "hello world"      show a', 10, 0
  9206 0000EDC5 6F77202268656C6C6F-
  9206 0000EDCE 20776F726C64222020-
  9206 0000EDD7 2020202073686F7720-
  9206 0000EDE0 610A00             
  9207                                  
  9208                                  help_ls:
  9209 0000EDE3 6C6973740A                  db "list", 10
  9210 0000EDE8 20204C697374207468-         db "  List the contents of the current folder.", 10, 0
  9210 0000EDF1 6520636F6E74656E74-
  9210 0000EDFA 73206F662074686520-
  9210 0000EE03 63757272656E742066-
  9210 0000EE0C 6F6C6465722E0A00   
  9211                                  
  9212                                  help_cat:
  9213 0000EE14 76696577203C706174-         db "view <path>", 10
  9213 0000EE1D 683E0A             
  9214 0000EE20 20205072696E742061-         db "  Print a file's content.", 10, 0
  9214 0000EE29 2066696C6527732063-
  9214 0000EE32 6F6E74656E742E0A00 
  9215                                  
  9216                                  help_edit:
  9217 0000EE3B 65646974203C706174-         db "edit <path>", 10
  9217 0000EE44 683E0A             
  9218 0000EE47 20204F70656E207468-         db "  Open the built-in line editor on a file's content.", 10
  9218 0000EE50 65206275696C742D69-
  9218 0000EE59 6E206C696E65206564-
  9218 0000EE62 69746F72206F6E2061-
  9218 0000EE6B 2066696C6527732063-
  9218 0000EE74 6F6E74656E742E0A   
  9219 0000EE7C 202045736320656E64-         db "  Esc ends editing, then y/n saves or discards the change.", 10, 0
  9219 0000EE85 732065646974696E67-
  9219 0000EE8E 2C207468656E20792F-
  9219 0000EE97 6E207361766573206F-
  9219 0000EEA0 722064697363617264-
  9219 0000EEA9 732074686520636861-
  9219 0000EEB2 6E67652E0A00       
  9220                                  
  9221                                  help_del:
  9222 0000EEB8 64656C203C70617468-         db "del <path>", 10
  9222 0000EEC1 3E0A               
  9223 0000EEC3 202044656C65746520-         db "  Delete a file in the current folder. Requires auth:", 10
  9223 0000EECC 612066696C6520696E-
  9223 0000EED5 207468652063757272-
  9223 0000EEDE 656E7420666F6C6465-
  9223 0000EEE7 722E20526571756972-
  9223 0000EEF0 657320617574683A0A 
  9224 0000EEF9 202061757468206465-         db "  auth del <path>", 10, 0
  9224 0000EF02 6C203C706174683E0A-
  9224 0000EF0B 00                 
  9225                                  
  9226                                  help_rname:
  9227 0000EF0C 726E616D65203C7061-         db "rname <path> <new>", 10
  9227 0000EF15 74683E203C6E65773E-
  9227 0000EF1E 0A                 
  9228 0000EF1F 202052656E616D6520-         db "  Rename a file or folder. The new name stays in the same", 10
  9228 0000EF28 612066696C65206F72-
  9228 0000EF31 20666F6C6465722E20-
  9228 0000EF3A 546865206E6577206E-
  9228 0000EF43 616D65207374617973-
  9228 0000EF4C 20696E207468652073-
  9228 0000EF55 616D650A           
  9229 0000EF59 2020666F6C64657220-         db "  folder as the original.", 10, 0
  9229 0000EF62 617320746865206F72-
  9229 0000EF6B 6967696E616C2E0A00 
  9230                                  
  9231                                  help_cpy:
  9232 0000EF74 637079203C7372633E-         db "cpy <src> <dest>", 10
  9232 0000EF7D 203C646573743E0A   
  9233 0000EF85 2020436F7079206120-         db "  Copy a file or folder here (recursive for folders).", 10, 0
  9233 0000EF8E 66696C65206F722066-
  9233 0000EF97 6F6C64657220686572-
  9233 0000EFA0 652028726563757273-
  9233 0000EFA9 69766520666F722066-
  9233 0000EFB2 6F6C64657273292E0A-
  9233 0000EFBB 00                 
  9234                                  
  9235                                  help_mov:
  9236 0000EFBC 6D6F76203C7372633E-         db "mov <src> <dest>", 10
  9236 0000EFC5 203C646573743E0A   
  9237 0000EFCD 20204D6F76652F7265-         db "  Move/rename a file or folder here (recursive for folders).", 10, 0
  9237 0000EFD6 6E616D652061206669-
  9237 0000EFDF 6C65206F7220666F6C-
  9237 0000EFE8 646572206865726520-
  9237 0000EFF1 287265637572736976-
  9237 0000EFFA 6520666F7220666F6C-
  9237 0000F003 64657273292E0A00   
  9238                                  
  9239                                  help_assign:
  9240 0000F00B 3C6E616D653E203D20-         db "<name> = <value>", 10
  9240 0000F014 3C76616C75653E0A   
  9241 0000F01C 202053657420612076-         db "  Set a variable to a literal integer or another variable's", 10
  9241 0000F025 61726961626C652074-
  9241 0000F02E 6F2061206C69746572-
  9241 0000F037 616C20696E74656765-
  9241 0000F040 72206F7220616E6F74-
  9241 0000F049 686572207661726961-
  9241 0000F052 626C6527730A       
  9242 0000F058 202076616C75652E20-         db "  value.  e.g. a = 5", 10, 0
  9242 0000F061 20652E672E2061203D-
  9242 0000F06A 20350A00           
  9243                                  
  9244                                  help_rmv:
  9245 0000F06E 726D76203C6E616D65-         db "rmv <name> | rmv ali <name> | rmv ali all", 10
  9245 0000F077 3E207C20726D762061-
  9245 0000F080 6C69203C6E616D653E-
  9245 0000F089 207C20726D7620616C-
  9245 0000F092 6920616C6C0A       
  9246 0000F098 202052656D6F766520-         db "  Remove a variable, or (with 'ali') remove one alias by name.", 10
  9246 0000F0A1 61207661726961626C-
  9246 0000F0AA 652C206F7220287769-
  9246 0000F0B3 74682027616C692729-
  9246 0000F0BC 2072656D6F7665206F-
  9246 0000F0C5 6E6520616C69617320-
  9246 0000F0CE 6279206E616D652E0A 
  9247 0000F0D7 2020436C656172696E-         db "  Clearing every alias at once requires auth:", 10
  9247 0000F0E0 672065766572792061-
  9247 0000F0E9 6C696173206174206F-
  9247 0000F0F2 6E6365207265717569-
  9247 0000F0FB 72657320617574683A-
  9247 0000F104 0A                 
  9248 0000F105 20206175746820726D-         db "  auth rmv ali all", 10, 0
  9248 0000F10E 7620616C6920616C6C-
  9248 0000F117 0A00               
  9249                                  
  9250                                  help_vars:
  9251 0000F119 76617273207C207661-         db "vars | vars rmv all", 10
  9251 0000F122 727320726D7620616C-
  9251 0000F12B 6C0A               
  9252 0000F12D 20204C69737420616C-         db "  List all variables, or clear all of them. Clearing requires", 10
  9252 0000F136 6C207661726961626C-
  9252 0000F13F 65732C206F7220636C-
  9252 0000F148 65617220616C6C206F-
  9252 0000F151 66207468656D2E2043-
  9252 0000F15A 6C656172696E672072-
  9252 0000F163 657175697265730A   
  9253 0000F16B 2020617574683A2061-         db "  auth: auth vars rmv all", 10, 0
  9253 0000F174 757468207661727320-
  9253 0000F17D 726D7620616C6C0A00 
  9254                                  
  9255                                  help_ali:
  9256 0000F186 616C69203C6E616D65-         db "ali <name> <commands>", 10
  9256 0000F18F 3E203C636F6D6D616E-
  9256 0000F198 64733E0A           
  9257 0000F19C 202043726561746520-         db "  Create (or redefine) an alias: <name> becomes shorthand for", 10
  9257 0000F1A5 286F72207265646566-
  9257 0000F1AE 696E652920616E2061-
  9257 0000F1B7 6C6961733A203C6E61-
  9257 0000F1C0 6D653E206265636F6D-
  9257 0000F1C9 65732073686F727468-
  9257 0000F1D2 616E6420666F720A   
  9258 0000F1DA 20203C636F6D6D616E-         db "  <commands>, which is stored verbatim - including any ; chains", 10
  9258 0000F1E3 64733E2C2077686963-
  9258 0000F1EC 682069732073746F72-
  9258 0000F1F5 656420766572626174-
  9258 0000F1FE 696D202D20696E636C-
  9258 0000F207 7564696E6720616E79-
  9258 0000F210 203B20636861696E73-
  9258 0000F219 0A                 
  9259 0000F21A 20206F72207E207069-         db "  or ~ pipes - and run fresh each time the alias is invoked.", 10
  9259 0000F223 706573202D20616E64-
  9259 0000F22C 2072756E2066726573-
  9259 0000F235 682065616368207469-
  9259 0000F23E 6D652074686520616C-
  9259 0000F247 69617320697320696E-
  9259 0000F250 766F6B65642E0A     
  9260 0000F257 2020652E672E20616C-         db '  e.g. ali testmath calc 5 + 5 ~ = a ; show a', 10
  9260 0000F260 6920746573746D6174-
  9260 0000F269 682063616C63203520-
  9260 0000F272 2B2035207E203D2061-
  9260 0000F27B 203B2073686F772061-
  9260 0000F284 0A                 
  9261 0000F285 202020202020207465-         db "       testmath            (running the alias prints 10)", 10, 0
  9261 0000F28E 73746D617468202020-
  9261 0000F297 202020202020202020-
  9261 0000F2A0 2872756E6E696E6720-
  9261 0000F2A9 74686520616C696173-
  9261 0000F2B2 207072696E74732031-
  9261 0000F2BB 30290A00           
  9262                                  
  9263                                  help_alis:
  9264 0000F2BF 616C69730A                  db "alis", 10
  9265 0000F2C4 20204C69737420616C-         db "  List all aliases and their bodies. To remove one, use", 10
  9265 0000F2CD 6C20616C6961736573-
  9265 0000F2D6 20616E642074686569-
  9265 0000F2DF 7220626F646965732E-
  9265 0000F2E8 20546F2072656D6F76-
  9265 0000F2F1 65206F6E652C207573-
  9265 0000F2FA 650A               
  9266 0000F2FC 202027726D7620616C-         db "  'rmv ali <name>'; to clear all of them, use 'auth rmv ali all'.", 10, 0
  9266 0000F305 69203C6E616D653E27-
  9266 0000F30E 3B20746F20636C6561-
  9266 0000F317 7220616C6C206F6620-
  9266 0000F320 7468656D2C20757365-
  9266 0000F329 20276175746820726D-
  9266 0000F332 7620616C6920616C6C-
  9266 0000F33B 272E0A00           
  9267                                  
  9268                                  help_calc:
  9269 0000F33F 63616C63203C657870-         db "calc <expr>", 10
  9269 0000F348 723E0A             
  9270 0000F34B 20204576616C756174-         db "  Evaluate a math expression (+ - * /), left-to-right with", 10
  9270 0000F354 652061206D61746820-
  9270 0000F35D 65787072657373696F-
  9270 0000F366 6E20282B202D202A20-
  9270 0000F36F 2F292C206C6566742D-
  9270 0000F378 746F2D726967687420-
  9270 0000F381 776974680A         
  9271 0000F386 20206E6F726D616C20-         db "  normal operator precedence.  e.g. calc 1 + 2 * 3", 10, 0
  9271 0000F38F 6F70657261746F7220-
  9271 0000F398 707265636564656E63-
  9271 0000F3A1 652E2020652E672E20-
  9271 0000F3AA 63616C632031202B20-
  9271 0000F3B3 32202A20330A00     
  9272                                  
  9273                                  help_rr:
  9274 0000F3BA 7272203C7363726970-         db "rr <script.rsh>", 10
  9274 0000F3C3 742E7273683E0A     
  9275 0000F3CA 202052756E20612072-         db "  Run a rush script file line by line. Lines starting with $", 10
  9275 0000F3D3 757368207363726970-
  9275 0000F3DC 742066696C65206C69-
  9275 0000F3E5 6E65206279206C696E-
  9275 0000F3EE 652E204C696E657320-
  9275 0000F3F7 7374617274696E6720-
  9275 0000F400 7769746820240A     
  9276 0000F407 202061726520636F6D-         db "  are comments, skipped just like at the interactive prompt.", 10
  9276 0000F410 6D656E74732C20736B-
  9276 0000F419 6970706564206A7573-
  9276 0000F422 74206C696B65206174-
  9276 0000F42B 2074686520696E7465-
  9276 0000F434 726163746976652070-
  9276 0000F43D 726F6D70742E0A     
  9277 0000F444 202045736320696E74-         db "  Esc interrupts a running script. ; chaining works inside", 10
  9277 0000F44D 657272757074732061-
  9277 0000F456 2072756E6E696E6720-
  9277 0000F45F 7363726970742E203B-
  9277 0000F468 20636861696E696E67-
  9277 0000F471 20776F726B7320696E-
  9277 0000F47A 736964650A         
  9278 0000F47F 202073637269707420-         db "  script lines too.", 10, 0
  9278 0000F488 6C696E657320746F6F-
  9278 0000F491 2E0A00             
  9279                                  
  9280                                  help_prs:
  9281 0000F494 707273207C20707273-         db "prs | prs kill <id> | prs kill <name>", 10
  9281 0000F49D 206B696C6C203C6964-
  9281 0000F4A6 3E207C20707273206B-
  9281 0000F4AF 696C6C203C6E616D65-
  9281 0000F4B8 3E0A               
  9282 0000F4BA 20204C697374206375-         db "  List currently running rr scripts, or kill one by its PID", 10
  9282 0000F4C3 7272656E746C792072-
  9282 0000F4CC 756E6E696E67207272-
  9282 0000F4D5 20736372697074732C-
  9282 0000F4DE 206F72206B696C6C20-
  9282 0000F4E7 6F6E65206279206974-
  9282 0000F4F0 73205049440A       
  9283 0000F4F6 20206F72206279206E-         db "  or by name.  e.g. prs kill 1        prs kill rushrun", 10, 0
  9283 0000F4FF 616D652E2020652E67-
  9283 0000F508 2E20707273206B696C-
  9283 0000F511 6C2031202020202020-
  9283 0000F51A 2020707273206B696C-
  9283 0000F523 6C207275736872756E-
  9283 0000F52C 0A00               
  9284                                  
  9285                                  help_auth:
  9286 0000F52E 61757468203C636F6D-         db "auth <command> [args]", 10
  9286 0000F537 6D616E643E205B6172-
  9286 0000F540 67735D0A           
  9287 0000F544 2020456C6576617465-         db "  Elevate privileges for the one command that immediately", 10
  9287 0000F54D 2070726976696C6567-
  9287 0000F556 657320666F72207468-
  9287 0000F55F 65206F6E6520636F6D-
  9287 0000F568 6D616E642074686174-
  9287 0000F571 20696D6D6564696174-
  9287 0000F57A 656C790A           
  9288 0000F57E 2020666F6C6C6F7773-         db "  follows (like sudo). Required for: sdown, rboot, del,", 10
  9288 0000F587 20286C696B65207375-
  9288 0000F590 646F292E2052657175-
  9288 0000F599 6972656420666F723A-
  9288 0000F5A2 2073646F776E2C2072-
  9288 0000F5AB 626F6F742C2064656C-
  9288 0000F5B4 2C0A               
  9289 0000F5B6 20207661727320726D-         db "  vars rmv all, and rmv ali all.  e.g. auth sdown", 10, 0
  9289 0000F5BF 7620616C6C2C20616E-
  9289 0000F5C8 6420726D7620616C69-
  9289 0000F5D1 20616C6C2E2020652E-
  9289 0000F5DA 672E20617574682073-
  9289 0000F5E3 646F776E0A00       
  9290                                  
  9291                                  help_pwd:
  9292 0000F5E9 63757272656E740A            db "current", 10
  9293 0000F5F1 20205072696E742074-         db "  Print the current folder's path.", 10, 0
  9293 0000F5FA 68652063757272656E-
  9293 0000F603 7420666F6C64657227-
  9293 0000F60C 7320706174682E0A00 
  9294                                  
  9295                                  help_clear:
  9296 0000F615 776970650A                  db "wipe", 10
  9297 0000F61A 2020436C6561722074-         db "  Clear the screen.", 10, 0
  9297 0000F623 68652073637265656E-
  9297 0000F62C 2E0A00             
  9298                                  
  9299                                  help_date:
  9300 0000F62F 646174650A                  db "date", 10
  9301 0000F634 20205072696E742074-         db "  Print the current date, read from the RTC clock chip.", 10
  9301 0000F63D 68652063757272656E-
  9301 0000F646 7420646174652C2072-
  9301 0000F64F 6561642066726F6D20-
  9301 0000F658 746865205254432063-
  9301 0000F661 6C6F636B2063686970-
  9301 0000F66A 2E0A               
  9302 0000F66C 2020466F726D61743A-         db "  Format: YYYY-MM-DD (e.g. 2026-08-03).", 10, 0
  9302 0000F675 20595959592D4D4D2D-
  9302 0000F67E 44442028652E672E20-
  9302 0000F687 323032362D30382D30-
  9302 0000F690 33292E0A00         
  9303                                  
  9304                                  help_time:
  9305 0000F695 74696D65207C207769-         db "time | wig time", 10
  9305 0000F69E 672074696D650A     
  9306 0000F6A5 20202774696D652720-         db "  'time' prints the current time, read from the RTC clock chip.", 10
  9306 0000F6AE 7072696E7473207468-
  9306 0000F6B7 652063757272656E74-
  9306 0000F6C0 2074696D652C207265-
  9306 0000F6C9 61642066726F6D2074-
  9306 0000F6D2 68652052544320636C-
  9306 0000F6DB 6F636B20636869702E-
  9306 0000F6E4 0A                 
  9307 0000F6E5 2020466F726D61743A-         db "  Format: HH:MM:SS, 24-hour clock (e.g. 14:30:05).", 10
  9307 0000F6EE 2048483A4D4D3A5353-
  9307 0000F6F7 2C2032342D686F7572-
  9307 0000F700 20636C6F636B202865-
  9307 0000F709 2E672E2031343A3330-
  9307 0000F712 3A3035292E0A       
  9308 0000F718 202027776967207469-         db "  'wig time' instead shows a live clock in the top-right corner", 10
  9308 0000F721 6D652720696E737465-
  9308 0000F72A 61642073686F777320-
  9308 0000F733 61206C69766520636C-
  9308 0000F73C 6F636B20696E207468-
  9308 0000F745 6520746F702D726967-
  9308 0000F74E 687420636F726E6572-
  9308 0000F757 0A                 
  9309 0000F758 20206F662074686520-         db "  of the screen that updates every second; press Esc to stop it.", 10, 0
  9309 0000F761 73637265656E207468-
  9309 0000F76A 617420757064617465-
  9309 0000F773 732065766572792073-
  9309 0000F77C 65636F6E643B207072-
  9309 0000F785 657373204573632074-
  9309 0000F78E 6F2073746F70206974-
  9309 0000F797 2E0A00             
  9310                                  
  9311                                  help_write:
  9312 0000F79A 7772697465203C7061-         db 'write <path> "<text>"', 10
  9312 0000F7A3 74683E20223C746578-
  9312 0000F7AC 743E220A           
  9313 0000F7B0 202057726974652074-         db "  Write text to a file, creating it if needed or overwriting an", 10
  9313 0000F7B9 65787420746F206120-
  9313 0000F7C2 66696C652C20637265-
  9313 0000F7CB 6174696E6720697420-
  9313 0000F7D4 6966206E6565646564-
  9313 0000F7DD 206F72206F76657277-
  9313 0000F7E6 726974696E6720616E-
  9313 0000F7EF 0A                 
  9314 0000F7F0 20206578697374696E-         db "  existing file's content. Usually used with a ~ pipe:", 10
  9314 0000F7F9 672066696C65277320-
  9314 0000F802 636F6E74656E742E20-
  9314 0000F80B 557375616C6C792075-
  9314 0000F814 736564207769746820-
  9314 0000F81D 61207E20706970653A-
  9314 0000F826 0A                 
  9315 0000F827 202073686F77206869-         db "  show hi ~ write file.txt        (writes 'hi' to file.txt)", 10
  9315 0000F830 207E20777269746520-
  9315 0000F839 66696C652E74787420-
  9315 0000F842 202020202020202877-
  9315 0000F84B 726974657320276869-
  9315 0000F854 2720746F2066696C65-
  9315 0000F85D 2E747874290A       
  9316 0000F863 202063616C63203220-         db "  calc 2 + 2 ~ write sum.txt      (writes '4' to sum.txt)", 10, 0
  9316 0000F86C 2B2032207E20777269-
  9316 0000F875 74652073756D2E7478-
  9316 0000F87E 742020202020202877-
  9316 0000F887 726974657320273427-
  9316 0000F890 20746F2073756D2E74-
  9316 0000F899 7874290A00         
  9317                                  
  9318                                  help_wig:
  9319 0000F89E 7769672074696D650A          db "wig time", 10
  9320 0000F8A7 202053686F77206120-         db "  Show a live clock widget in the top-right corner of the", 10
  9320 0000F8B0 6C69766520636C6F63-
  9320 0000F8B9 6B2077696467657420-
  9320 0000F8C2 696E2074686520746F-
  9320 0000F8CB 702D72696768742063-
  9320 0000F8D4 6F726E6572206F6620-
  9320 0000F8DD 7468650A           
  9321 0000F8E1 202073637265656E2E-         db "  screen. The time updates every second while it runs.", 10
  9321 0000F8EA 205468652074696D65-
  9321 0000F8F3 207570646174657320-
  9321 0000F8FC 657665727920736563-
  9321 0000F905 6F6E64207768696C65-
  9321 0000F90E 2069742072756E732E-
  9321 0000F917 0A                 
  9322 0000F918 202050726573732045-         db "  Press Esc to stop the widget and return to the prompt.", 10, 0
  9322 0000F921 736320746F2073746F-
  9322 0000F92A 702074686520776964-
  9322 0000F933 67657420616E642072-
  9322 0000F93C 657475726E20746F20-
  9322 0000F945 7468652070726F6D70-
  9322 0000F94E 742E0A00           
  9323                                  
  9324                                  help_shelly:
  9325 0000F952 7368656C6C790A              db "shelly", 10
  9326 0000F959 20205072696E742074-         db "  Print the ShellyForever OS splash banner: a rainbow", 10
  9326 0000F962 6865205368656C6C79-
  9326 0000F96B 466F7265766572204F-
  9326 0000F974 532073706C61736820-
  9326 0000F97D 62616E6E65723A2061-
  9326 0000F986 207261696E626F770A 
  9327 0000F98F 20207469746C652C20-         db "  title, the developer credit, and the copyright line.", 10, 0
  9327 0000F998 74686520646576656C-
  9327 0000F9A1 6F7065722063726564-
  9327 0000F9AA 69742C20616E642074-
  9327 0000F9B3 686520636F70797269-
  9327 0000F9BC 676874206C696E652E-
  9327 0000F9C5 0A00               
  9328                                  
  9329                                  help_help:
  9330 0000F9C7 68656C70207C206865-         db "help | help <command>", 10
  9330 0000F9D0 6C70203C636F6D6D61-
  9330 0000F9D9 6E643E0A           
  9331 0000F9DD 20204C697374206576-         db "  List every command, or show detailed help for just one.", 10
  9331 0000F9E6 65727920636F6D6D61-
  9331 0000F9EF 6E642C206F72207368-
  9331 0000F9F8 6F772064657461696C-
  9331 0000FA01 65642068656C702066-
  9331 0000FA0A 6F72206A757374206F-
  9331 0000FA13 6E652E0A           
  9332 0000FA17 2020652E672E206865-         db "  e.g. help calc", 10, 0
  9332 0000FA20 6C702063616C630A00 
  9333                                  
  9334                                  help_dscan:
  9335 0000FA29 647363616E0A                db "dscan", 10
  9336 0000FA2F 20205363616E20616C-         db "  Scan all four ATA drive slots for SFFS volumes and report", 10
  9336 0000FA38 6C20666F7572204154-
  9336 0000FA41 412064726976652073-
  9336 0000FA4A 6C6F747320666F7220-
  9336 0000FA53 5346465320766F6C75-
  9336 0000FA5C 6D657320616E642072-
  9336 0000FA65 65706F72740A       
  9337 0000FA6B 20207768696368206F-         db "  which ones are formatted.", 10, 0
  9337 0000FA74 6E6573206172652066-
  9337 0000FA7D 6F726D61747465642E-
  9337 0000FA86 0A00               
  9338                                  
  9339                                  help_fmt:
  9340 0000FA88 666D74203C6C616265-         db "fmt <label> [-force] | fmt <target> <label> [-force]", 10
  9340 0000FA91 6C3E205B2D666F7263-
  9340 0000FA9A 655D207C20666D7420-
  9340 0000FAA3 3C7461726765743E20-
  9340 0000FAAC 3C6C6162656C3E205B-
  9340 0000FAB5 2D666F7263655D0A   
  9341 0000FABD 2020666D74203C6C61-         db "  fmt <label>            formats the first unformatted drive.", 10
  9341 0000FAC6 62656C3E2020202020-
  9341 0000FACF 20202020202020666F-
  9341 0000FAD8 726D61747320746865-
  9341 0000FAE1 20666972737420756E-
  9341 0000FAEA 666F726D6174746564-
  9341 0000FAF3 2064726976652E0A   
  9342 0000FAFB 2020666D74203C7461-         db "  fmt <target> <label>   formats a SPECIFIC drive: <target> is the", 10
  9342 0000FB04 726765743E203C6C61-
  9342 0000FB0D 62656C3E202020666F-
  9342 0000FB16 726D61747320612053-
  9342 0000FB1F 504543494649432064-
  9342 0000FB28 726976653A203C7461-
  9342 0000FB31 726765743E20697320-
  9342 0000FB3A 7468650A           
  9343 0000FB3E 2020276469736B3027-         db "  'disk0'/'disk1'/... shown by dscan (or an existing SFFS", 10
  9343 0000FB47 2F276469736B31272F-
  9343 0000FB50 2E2E2E2073686F776E-
  9343 0000FB59 20627920647363616E-
  9343 0000FB62 20286F7220616E2065-
  9343 0000FB6B 78697374696E672053-
  9343 0000FB74 4646530A           
  9344 0000FB78 20206C6162656C2C20-         db "  label, with -force, to reformat that drive in place).", 10, 0
  9344 0000FB81 77697468202D666F72-
  9344 0000FB8A 63652C20746F207265-
  9344 0000FB93 666F726D6174207468-
  9344 0000FB9C 617420647269766520-
  9344 0000FBA5 696E20706C61636529-
  9344 0000FBAE 2E0A00             
  9345                                  
  9346                                  help_mount:
  9347 0000FBB1 6D6F756E74203C6C61-         db "mount <label>", 10
  9347 0000FBBA 62656C3E0A         
  9348 0000FBBF 20204D6F756E742061-         db "  Mount a formatted drive's volume under /<label>/, next to", 10
  9348 0000FBC8 20666F726D61747465-
  9348 0000FBD1 642064726976652773-
  9348 0000FBDA 20766F6C756D652075-
  9348 0000FBE3 6E646572202F3C6C61-
  9348 0000FBEC 62656C3E2F2C206E65-
  9348 0000FBF5 787420746F0A       
  9349 0000FBFB 20202F686F6D652E20-         db "  /home. Up to 2 drives can be mounted at once.", 10, 0
  9349 0000FC04 557020746F20322064-
  9349 0000FC0D 72697665732063616E-
  9349 0000FC16 206265206D6F756E74-
  9349 0000FC1F 6564206174206F6E63-
  9349 0000FC28 652E0A00           
  9350                                  
  9351                                  help_unmount:
  9352 0000FC2C 756E6D6F756E74203C-         db "unmount <label>", 10
  9352 0000FC35 6C6162656C3E0A     
  9353 0000FC3C 202044657461636820-         db "  Detach a mounted drive's volume. The drive's data stays on", 10
  9353 0000FC45 61206D6F756E746564-
  9353 0000FC4E 206472697665277320-
  9353 0000FC57 766F6C756D652E2054-
  9353 0000FC60 686520647269766527-
  9353 0000FC69 732064617461207374-
  9353 0000FC72 617973206F6E0A     
  9354 0000FC79 20206469736B20756E-         db "  disk untouched; 'dscan' + 'mount <label>' re-attach it later.", 10
  9354 0000FC82 746F75636865643B20-
  9354 0000FC8B 27647363616E27202B-
  9354 0000FC94 20276D6F756E74203C-
  9354 0000FC9D 6C6162656C3E272072-
  9354 0000FCA6 652D61747461636820-
  9354 0000FCAF 6974206C617465722E-
  9354 0000FCB8 0A                 
  9355 0000FCB9 2020576F6E27742075-         db "  Won't unmount while you're inside the volume.", 10, 0
  9355 0000FCC2 6E6D6F756E74207768-
  9355 0000FCCB 696C6520796F752772-
  9355 0000FCD4 6520696E7369646520-
  9355 0000FCDD 74686520766F6C756D-
  9355 0000FCE6 652E0A00           
  9356                                  
  9357                                  help_label:
  9358 0000FCEA 6C6162656C203C6F6C-         db "label <old> <new>", 10
  9358 0000FCF3 643E203C6E65773E0A 
  9359 0000FCFC 202052656E616D6520-         db "  Rename a formatted drive's label in place. Only the superblock's", 10
  9359 0000FD05 6120666F726D617474-
  9359 0000FD0E 656420647269766527-
  9359 0000FD17 73206C6162656C2069-
  9359 0000FD20 6E20706C6163652E20-
  9359 0000FD29 4F6E6C792074686520-
  9359 0000FD32 7375706572626C6F63-
  9359 0000FD3B 6B27730A           
  9360 0000FD3F 20206C6162656C2069-         db "  label is rewritten - the drive's files are left untouched. Fails", 10
  9360 0000FD48 732072657772697474-
  9360 0000FD51 656E202D2074686520-
  9360 0000FD5A 647269766527732066-
  9360 0000FD63 696C65732061726520-
  9360 0000FD6C 6C65667420756E746F-
  9360 0000FD75 75636865642E204661-
  9360 0000FD7E 696C730A           
  9361 0000FD82 20206966203C6E6577-         db "  if <new> is already used by another drive.", 10, 0
  9361 0000FD8B 3E20697320616C7265-
  9361 0000FD94 616479207573656420-
  9361 0000FD9D 627920616E6F746865-
  9361 0000FDA6 722064726976652E0A-
  9361 0000FDAF 00                 
  9362                                  
  9363                                  help_sync:
  9364 0000FDB0 73796E630A                  db "sync", 10
  9365 0000FDB5 202053617665207468-         db "  Save the filesystem (and any mounted volumes) to disk.", 10, 0
  9365 0000FDBE 652066696C65737973-
  9365 0000FDC7 74656D2028616E6420-
  9365 0000FDD0 616E79206D6F756E74-
  9365 0000FDD9 656420766F6C756D65-
  9365 0000FDE2 732920746F20646973-
  9365 0000FDEB 6B2E0A00           
  9366                                  
  9367                                  help_rboot:
  9368 0000FDEF 72626F6F740A                db "rboot", 10
  9369 0000FDF5 20205361766520746F-         db "  Save to disk, then restart. Requires auth: auth rboot", 10, 0
  9369 0000FDFE 206469736B2C207468-
  9369 0000FE07 656E20726573746172-
  9369 0000FE10 742E20526571756972-
  9369 0000FE19 657320617574683A20-
  9369 0000FE22 617574682072626F6F-
  9369 0000FE2B 740A00             
  9370                                  
  9371                                  help_sdown:
  9372 0000FE2E 73646F776E0A                db "sdown", 10
  9373 0000FE34 20205361766520746F-         db "  Save to disk, then shut down. Requires auth: auth sdown", 10, 0
  9373 0000FE3D 206469736B2C207468-
  9373 0000FE46 656E20736875742064-
  9373 0000FE4F 6F776E2E2052657175-
  9373 0000FE58 697265732061757468-
  9373 0000FE61 3A2061757468207364-
  9373 0000FE6A 6F776E0A00         
  9374                                  
  9375                                  help_semicolon:
  9376 0000FE6F 3B2028636F6D6D616E-         db "; (command chaining)", 10
  9376 0000FE78 6420636861696E696E-
  9376 0000FE81 67290A             
  9377 0000FE84 202052756E206D756C-         db "  Run multiple commands on one line, e.g. show hi ; show bye.", 10
  9377 0000FE8D 7469706C6520636F6D-
  9377 0000FE96 6D616E6473206F6E20-
  9377 0000FE9F 6F6E65206C696E652C-
  9377 0000FEA8 20652E672E2073686F-
  9377 0000FEB1 77206869203B207368-
  9377 0000FEBA 6F77206279652E0A   
  9378 0000FEC2 202041203B20696E73-         db "  A ; inside double quotes is literal, not a separator - this", 10
  9378 0000FECB 69646520646F75626C-
  9378 0000FED4 652071756F74657320-
  9378 0000FEDD 6973206C6974657261-
  9378 0000FEE6 6C2C206E6F74206120-
  9378 0000FEEF 736570617261746F72-
  9378 0000FEF8 202D20746869730A   
  9379 0000FF00 2020776F726B732069-         db "  works inside rr scripts too.", 10, 0
  9379 0000FF09 6E7369646520727220-
  9379 0000FF12 736372697074732074-
  9379 0000FF1B 6F6F2E0A00         
  9380                                  
  9381                                  help_tilde:
  9382 0000FF20 7E202870697065290A          db "~ (pipe)", 10
  9383 0000FF29 202050697065206F6E-         db "  Pipe one command's output into another.", 10
  9383 0000FF32 6520636F6D6D616E64-
  9383 0000FF3B 2773206F7574707574-
  9383 0000FF44 20696E746F20616E6F-
  9383 0000FF4D 746865722E0A       
  9384 0000FF53 202063616C6320312B-         db "  calc 1+2*3 ~ = a     stores the result in the variable a", 10
  9384 0000FF5C 322A33207E203D2061-
  9384 0000FF65 202020202073746F72-
  9384 0000FF6E 657320746865207265-
  9384 0000FF77 73756C7420696E2074-
  9384 0000FF80 686520766172696162-
  9384 0000FF89 6C6520610A         
  9385 0000FF8E 202063616C63203320-         db "  calc 3 * 3 ~ show    pipes the result into show, prints 9", 10
  9385 0000FF97 2A2033207E2073686F-
  9385 0000FFA0 772020202070697065-
  9385 0000FFA9 732074686520726573-
  9385 0000FFB2 756C7420696E746F20-
  9385 0000FFBB 73686F772C20707269-
  9385 0000FFC4 6E747320390A       
  9386 0000FFCA 202054686520726967-         db "  The right side is '= name' (assign) or any other command,", 10
  9386 0000FFD3 687420736964652069-
  9386 0000FFDC 7320273D206E616D65-
  9386 0000FFE5 27202861737369676E-
  9386 0000FFEE 29206F7220616E7920-
  9386 0000FFF7 6F7468657220636F6D-
  9386 00010000 6D616E642C0A       
  9387 00010006 202077686963682067-         db "  which gets the captured text appended as a quoted argument.", 10, 0
  9387 0001000F 657473207468652063-
  9387 00010018 617074757265642074-
  9387 00010021 65787420617070656E-
  9387 0001002A 646564206173206120-
  9387 00010033 71756F746564206172-
  9387 0001003C 67756D656E742E0A00 
  9388                                  
  9389                                  help_dollar:
  9390 00010045 242028636F6D6D656E-         db "$ (comment)", 10
  9390 0001004E 74290A             
  9391 00010051 202041206C696E6520-         db "  A line whose first character is $ is skipped, both at the", 10
  9391 0001005A 77686F736520666972-
  9391 00010063 737420636861726163-
  9391 0001006C 746572206973202420-
  9391 00010075 697320736B69707065-
  9391 0001007E 642C20626F74682061-
  9391 00010087 74207468650A       
  9392 0001008D 2020696E7465726163-         db "  interactive prompt and when running an rr script.", 10, 0
  9392 00010096 746976652070726F6D-
  9392 0001009F 707420616E64207768-
  9392 000100A8 656E2072756E6E696E-
  9392 000100B1 6720616E2072722073-
  9392 000100BA 63726970742E0A00   
  9393                                  
  9394                                  
  9395                                  ; --- scancode set 1 -> ascii tables (index = scancode, 0..0x39) ---
  9396 000100C2 90<rep 6h>              ALIGN 8
  9397                                  kbd_unshift:
  9398 000100C8 001B31323334353637-         db 0,27,'1','2','3','4','5','6','7','8'      ; 0x00-0x09
  9398 000100D1 38                 
  9399 000100D2 39302D3D0809                db '9','0','-','=',8,9                        ; 0x0A-0x0F
  9400 000100D8 71776572747975696F-         db 'q','w','e','r','t','y','u','i','o','p'    ; 0x10-0x19
  9400 000100E1 70                 
  9401 000100E2 5B5D0D00                    db '[',']',13,0                                ; 0x1A-0x1D
  9402 000100E6 6173646667686A6B6C-         db 'a','s','d','f','g','h','j','k','l',';'    ; 0x1E-0x27
  9402 000100EF 3B                 
  9403 000100F0 2760005C                    db 39,'`',0,'\'                                ; 0x28-0x2B
  9404 000100F4 7A786376626E6D2C2E-         db 'z','x','c','v','b','n','m',',','.','/'    ; 0x2C-0x35
  9404 000100FD 2F                 
  9405 000100FE 002A0020                    db 0,'*',0,' '                                 ; 0x36-0x39
  9406                                  
  9407                                  kbd_shift:
  9408 00010102 001B21402324255E26-         db 0,27,'!','@','#','$','%','^','&','*'       ; 0x00-0x09
  9408 0001010B 2A                 
  9409 0001010C 28295F2B0809                db '(',')','_','+',8,9                         ; 0x0A-0x0F
  9410 00010112 51574552545955494F-         db 'Q','W','E','R','T','Y','U','I','O','P'    ; 0x10-0x19
  9410 0001011B 50                 
  9411 0001011C 7B7D0D00                    db '{','}',13,0                                ; 0x1A-0x1D
  9412 00010120 4153444647484A4B4C-         db 'A','S','D','F','G','H','J','K','L',':'    ; 0x1E-0x27
  9412 00010129 3A                 
  9413 0001012A 227E007C                    db 34,'~',0,'|'                                ; 0x28-0x2B
  9414 0001012E 5A584356424E4D3C3E-         db 'Z','X','C','V','B','N','M','<','>','?'    ; 0x2C-0x35
  9414 00010137 3F                 
  9415 00010138 002A0020                    db 0,'*',0,' '                                 ; 0x36-0x39
  9416                                  
  9417                                  ; --- filesystem storage ---
  9418                                  ; One flat node table shared by every mounted volume. The OS volume lives
  9419                                  ; in nodes 0..OS_NODES; mount slot k owns nodes VOL_NODES*(k+1)..VOL_NODES*(k+2)-1.
  9420                                  ; Each volume is persisted separately (superblock + node arrays) to its own
  9421                                  ; device - see the SFFS v2 layout notes near the top of this file.
  9422                                  ;
  9423                                  ; IMPORTANT: ata_read_sector/ata_write_sector always move a full 512-byte
  9424                                  ; sector, so every buffer a sector is staged in/out of must hold 512 bytes.
  9425                                  ; node_type and fs_parent_scratch are exactly that: the type/parent reads
  9426                                  ; in vol_read/vol_write go straight at a whole sector each, and anything
  9427                                  ; smaller would silently overflow into the adjacent arrays (which showed up
  9428                                  ; as a black screen after 'mount' corrupted the node table).
  9429 0001013C 90<rep 4h>              ALIGN 8
  9430 00010140 00<rep 200h>            fs_super_buf:   times 512 db 0        ; scratch for reading/building superblocks
  9431 00010340 00<rep 28h>             fmt_new_label:      times 40 db 0     ; label being applied by the current 'fmt'
  9432 00010368 00<rep 28h>             orig_label_buf:      times 40 db 0    ; scratch: a device's generated "diskN" label
  9433 00010390 00<rep Ch>              orig_label_num_tmp:  times 12 db 0    ; scratch: decimal digits for gen_orig_label
  9434 0001039C 00<rep 200h>            fs_parent_scratch: times 512 db 0     ; staging for one full parent sector (512B)
  9435 0001059C 00<rep 40h>             mount_label:   times MAX_MOUNTS*32 db 0     ; label of each mounted volume
  9436 000105DC 00<rep 2h>              mount_device:  times MAX_MOUNTS db 0        ; device id each volume came from
  9437 000105DE 00<rep 2h>              mount_used:    times MAX_MOUNTS db 0        ; 1 = slot in use
  9438                                  ; type sector = 512B per volume (base 0/64/128), so this must span the max
  9439                                  ; extent of a sector write: base + 512. node indices still index it by node
  9440                                  ; (1 byte per node); the per-volume padding holds whatever the sector has.
  9441 000105E0 00<rep 600h>            node_type:    times 512 * (1 + MAX_MOUNTS) db 0
  9442 00010BE0 0000<rep C0h>           node_parent:  times MAX_NODES dw 0
  9443 00010D60 00<rep 1800h>           node_name:    times MAX_NODES*NAME_LEN db 0
  9444 00012560 00<rep 7800h>           node_content: times MAX_NODES*CONTENT_LEN db 0
  9445 00019D60 FFFF<rep C0h>           node_next:    times MAX_NODES dw 0xFFFF   ; 0xFFFF = end of chain (or no chain)
  9446                                  
  9447 00019EE0 00                      fs_loaded_from_disk: db 0
  9448 00019EE1 01                      fs_disk_available:   db 1     ; optimistic default; cleared on first ATA failure
  9449 00019EE2 00                      fs_name_too_long:    db 0     ; set by fs_create_node when a name won't fit
  9450 00019EE3 00                      fs_layout_v3:        db 0     ; set by vol_read: 1 = on-disk v3 (has node_next sector)
  9451                                  
  9452 00019EE4 00                      mkfl_test_flag:      db 0     ; set by cmd_mkfl when -test appears in arg2/3/4
  9453 00019EE5 90<rep 3h>              ALIGN 8
  9454 00019EE8 0000000000000000        mkfl_content_ptr:     dq 0     ; points at the effective content string for -test reporting
  9455                                  
  9456                                  ALIGN 8
  9457 00019EF0 F001                    ata_port_base: dw 0x1F0        ; 0x1F0 primary channel, 0x170 secondary
  9458 00019EF2 E0                      ata_drive_sel: db 0xE0         ; 0xE0 master, 0xF0 slave
  9459                                  
  9460                                  ; --- AHCI (SATA) driver state ---
  9461 00019EF3 00                      pci_scratch_hdrtype: db 0
  9462 00019EF4 00                      ahci_pci_bus:     db 0
  9463 00019EF5 00                      ahci_pci_dev:     db 0
  9464 00019EF6 00                      ahci_pci_func:    db 0
  9465 00019EF7 90                      ALIGN 4
  9466 00019EF8 00000000                ahci_abar:        dd 0             ; physical base of the AHCI MMIO register window
  9467 00019EFC 00000000                ahci_ports_impl:  dd 0             ; PI bitmap read from the HBA at boot
  9468 00019F00 00                      ahci_port_count:  db 0             ; how many of ahci_port_num/base are valid
  9469 00019F01 00000000<rep 4h>        ahci_port_num:    times AHCI_MAX_PORTS dd 0   ; slot -> real HBA port number
  9470 00019F11 90<rep 7h>              ALIGN 8
  9471 00019F18 0000000000000000-       ahci_port_base:   times AHCI_MAX_PORTS dq 0   ; slot -> port register base ptr
  9471 00019F18 <rep 4h>           
  9472 00019F38 00                      disk_use_ahci:    db 0             ; set by disk_select_device: 0=ATA, 1=AHCI
  9473 00019F39 00                      ahci_cur_slot:    db 0             ; which AHCI slot is currently selected
  9474 00019F3A 00                      ahci_op_cmd:      db 0             ; pending ATA command byte (read vs write)
  9475 00019F3B 00                      ahci_op_write:    db 0             ; 1 if the pending op is a write
  9476                                  
  9477                                  ; Command list (1KB/port, must be 1KB-aligned), FIS receive area (256B/port,
  9478                                  ; must be 256B-aligned), and command table (256B/port, must be 128B-aligned,
  9479                                  ; and big enough for a 20-byte Reg H2D FIS plus one 16-byte PRDT entry) for
  9480                                  ; each AHCI port slot we bring up. Identity-mapped, so these labels' linked
  9481                                  ; addresses double as the physical addresses the HBA needs - same trick the
  9482                                  ; rest of this file already relies on for fs_super_buf and friends.
  9483 00019F3C 90<rep C4h>             ALIGN 1024
  9484 0001A000 00<rep 1000h>           ahci_clb:    times AHCI_MAX_PORTS*1024 db 0
  9485                                  ALIGN 256
  9486 0001B000 00<rep 400h>            ahci_fis:    times AHCI_MAX_PORTS*256 db 0
  9487                                  ALIGN 128
  9488 0001B400 00<rep 400h>            ahci_cmdtbl: times AHCI_MAX_PORTS*256 db 0
  9489                                  
  9490 0001B800 0000<rep 10h>           path_stack:   times 16 dw 0
  9491                                  
  9492                                  ; --- scratch for fs_resolve_path ---
  9493 0001B820 00<rep 40h>             path_comp_buf: times 64 db 0     ; one path component at a time
  9494 0001B860 00<rep 40h>             leaf1_buf:      times 64 db 0    ; resolved leaf name for arg1_buf paths
  9495 0001B8A0 00<rep 40h>             leaf2_buf:      times 64 db 0    ; resolved leaf name for arg2_buf paths
  9496                                  
  9497                                  ; --- line editing buffers ---
  9498 0001B8E0 00<rep DCh>             line_buf: times LINE_MAX db 0
  9499 0001B9BC 00<rep DCh>             chain_scan_buf: times LINE_MAX db 0  ; scratch copy for ; chaining
  9500 0001BA98 00<rep 20h>             cmd_buf:  times 32  db 0
  9501 0001BAB8 00<rep 60h>             arg1_buf: times 96  db 0
  9502 0001BB18 00<rep A0h>             arg2_buf: times 160 db 0
  9503 0001BBB8 00<rep 20h>             arg3_buf: times 32  db 0             ; for flags (-force, -silent, -info)
  9504 0001BBD8 00<rep 20h>             arg4_buf: times 32  db 0             ; for additional flags
  9505                                  
  9506                                  ; --- "~" pipe scratch (see process_segment) ---
  9507 0001BBF8 00                      chain_is_rr:       db 0             ; 0 = process_chain, 1 = process_chain_rr
  9508 0001BBF9 00<rep DCh>             pipe_left_buf:     times LINE_MAX db 0
  9509 0001BCD5 00<rep DCh>             pipe_right_buf:    times LINE_MAX db 0
  9510 0001BDB1 00                      pipe_capture_on:   db 0
  9511 0001BDB2 90<rep 6h>              ALIGN 8
  9512 0001BDB8 0000000000000000        pipe_capture_len:  dq 0
  9513 0001BDC0 00<rep C0h>             pipe_capture_buf:  times PIPE_CAP_MAX db 0
  9514 0001BE80 2200                    pipe_quote_str:       db '"', 0
  9515 0001BE82 202200                  pipe_space_quote_str: db ' ', '"', 0
  9516                                  
  9517                                  ; --- variables table (used by assignment, show, and calc) ---
  9518 0001BE85 90<rep 3h>              ALIGN 8
  9519 0001BE88 00<rep 200h>            var_name:  times MAX_VARS*VAR_NAME_LEN db 0
  9520 0001C088 0000000000000000-       var_value: times MAX_VARS dq 0
  9520 0001C088 <rep 10h>          
  9521 0001C108 00<rep 10h>             var_used:  times MAX_VARS db 0
  9522                                  
  9523 0001C118 00<rep 180h>            alias_names:  times MAX_ALIASES*ALIAS_NAME_LEN db 0
  9524 0001C298 00<rep A50h>            alias_bodies: times MAX_ALIASES*ALIAS_BODY_LEN db 0
  9525 0001CCE8 00<rep Ch>              alias_used:   times MAX_ALIASES db 0
  9526 0001CCF4 00<rep 20h>             ali_name_tmp: times ALIAS_NAME_LEN db 0   ; scratch: name parsed by try_handle_ali_line
  9527 0001CD14 00<rep DCh>             ali_body_tmp: times ALIAS_BODY_LEN db 0   ; scratch: body parsed by try_handle_ali_line
  9528 0001CDF0 00                      alias_match_idx: db 0                     ; set by dispatch before jmp cmd_alias_invoke
  9529 0001CDF1 00                      alias_depth:     db 0                     ; nested alias-invocation depth (recursion guard)
  9530                                  
  9531                                  ; --- calc evaluator scratch ---
  9532 0001CDF2 90<rep 6h>              ALIGN 8
  9533 0001CDF8 0000000000000000-       calc_vals:  times MAX_CALC_TOKENS dq 0
  9533 0001CDF8 <rep 20h>          
  9534 0001CEF8 0000000000000000-       calc_vals2: times MAX_CALC_TOKENS dq 0
  9534 0001CEF8 <rep 20h>          
  9535 0001CFF8 00<rep 20h>             calc_ops:   times MAX_CALC_TOKENS db 0
  9536 0001D018 00<rep 20h>             calc_ops2:  times MAX_CALC_TOKENS db 0
  9537 0001D038 00<rep 18h>             calc_out_buf: times 24 db 0
  9538 0001D050 00<rep 18h>             show_num_buf: times 24 db 0
  9539 0001D068 00<rep 18h>             dev_name_num_buf: times 24 db 0
  9540 0001D080 00<rep 28h>             ident_buf:  times 40 db 0
  9541                                  
  9542                                  ; --- process table for rush scripts ---
  9543                                  MAX_PROCESSES equ 4
  9544 0001D0A8 0000<rep 4h>            proc_id:       times MAX_PROCESSES dw 0
  9545 0001D0B0 00<rep 80h>             proc_name:     times MAX_PROCESSES*32 db 0
  9546 0001D130 00<rep 4h>              proc_state:    times MAX_PROCESSES db 0    ; 0=free, 1=running, 2=killed
  9547 0001D134 0100                    proc_next_pid: dw 1
  9548 0001D136 00                      proc_cur_slot: db 0                         ; slot index of currently running script
  9549 0001D137 00                      kill_flag:     db 0                         ; set by Esc key or prs kill
  9550 0001D138 0000000000000000        rr_content_ptr: dq 0                         ; cursor into script file content
  9551                                  
  9552                                  ; --- large staging buffers. A file can span a whole 64-node volume slice, so
  9553                                  ; these are sized to hold a full file's content (EDIT_MAX). Declared at the
  9554                                  ; very end of the file, after all code, so any growth doesn't move anything. ---
  9555 0001D140 00<rep 200h>            fs_next_scratch: times 512 db 0     ; staging for one full node_next sector
  9556 0001D340 00<rep 2800h>           fs_io_buf:  times EDIT_MAX db 0     ; editor + view/read/copy staging for multi-block files
